tree
version=v4
num_class=1
num_tree_per_iteration=1
label_index=0
max_feature_idx=41
objective=huber
feature_names=home_field elo_diff edge_prior_epa edge_prior_epa_pass edge_prior_epa_rush edge_prior_sr edge_prior_ppd edge_epa edge_epa_pass edge_epa_rush edge_sr edge_sr_pass edge_sr_rush eff_pts_raw match_mix_edge edge_sr_early edge_sr_pd edge_sr_3rd edge_expl edge_expl_pass edge_expl_rush x_pass_h x_pass_a x_rush_h x_rush_a edge_rec_epa edge_rec_epa_pass edge_rec_epa_rush edge_rec_sr edge_rec_ppd l4_edge_epa l2_edge_epa edge_st_net edge_fg_value qb_delta_edge qb_exp_edge h_qb_exp_db_log a_qb_exp_db_log h_qb_changed a_qb_changed qb_missing_any qb_unsettled_any
feature_infos=[0:1] [-1067.8629383980472:1542.6797252715346] [-2.8775260301544758:4.0437986886130375] [-2.9586801526997468:3.7409787576749229] [-2.1976000864324097:3.3610396008045029] [-2.629694522293923:3.8934796890162366] [-3.8216676225295494:5.7568705713900261] [-4.8838534365921902:4.8645641061903824] [-3.0656827976436833:3.7409787576749229] [-3.5345914355945762:4.1778995541607102] [-3.7770465738878891:5.0264293025136677] [-4.0134739995970099:4.1382427786012057] [-3.0939347268825586:4.0012605606358971] [-44.08698041635872:54.120117968959377] [-3.1718561142790693:3.8553032873838635] [-3.8560953623909282:5.0702007497336545] [-2.8980669796772975:3.3244088050615215] [-3.1066156359366897:3.3474861368874849] [-2.014483108243752:2.2628465378586546] [-1.3460481684893364:1.7341707807424627] [-2.9993196475517316:2.8980136922633739] [-3.3682776163316017:0.87696287028961772] [-2.4956455469299712:1.0271971660929529] [-3.3923338795023632:1.9320678346216029] [-3.5468645568999868:1.5112174835754908] [-5.5252623748890741:5.2971052591854626] [-3.1493017262357981:4.0940224029341508] [-4.1509293944586032:4.8063504101438523] [-4.269233672278812:5.8370602659408979] [-5.4681868872573087:5.7748021926493731] [-0.51301711123161531:0.47149563485808899] [-0.55930961759421771:0.54852290420266381] [-5.8827302844111582:7.4439211158955505] [-0.55088848408419977:0.5146602453497966] [-0.41057761219043953:0.50955442142238594] [-0.60562534915281074:0.58342769406075312] [0:7.7231200922663312] [0:7.7314920292456843] [0:1] [0:1] [0:1] [0:1]
tree_sizes=741 764 766 771 769 772 771 764 764 766 765 762 766 764 766 779 771 764 766 769 765 770 776 771 771 771 779 773 770 770 766 764 767 766 771 768 765 772 765 770 771 764 764 769 767 768 770 773 774 768 772 758 772 770 771 766 771 777 772 774 778 772 775 774 768 764 770 765 771 774 759 765 769 775 768 772 764 765 771 769 773 767 775 769 774 771 767 777 768 766 770 767 769 769 775 773 783 771 771 772 763 769 774 774 768 775 772 772 770 775 773 779 772 778 773 770 772 776 775 774 772 778 785 771 777 778 780 772 779 775 776 770 779 772 776 775 771 779 775 778 771 774 766 772 778 775 782 771 774 780 776 781 770 770 775 773 780 781 772 776 785 784 772 770 781 782 774 770 772 765 778 773 789 780 780 771 773 778 772 770 775 778 779 783 783 774 777 775 771 774 771 782 781 783 785 766 774 776 785 782 783 776 778 772 776 778 786 781 773 770 773 768 786 776 772 782 773 782 772 766 777 766 766 770 776 774 783 775 788 778 780 784 780 775 784 783 774 772 779 768 775 775 782 777 762 770 780 777 784 789

Tree=0
num_leaves=7
num_cat=0
split_feature=29 29 29 29 29 29
split_gain=278299 42215.4 36151.2 6428.77 5233.86 5175.19
threshold=0.09960648004369943 1.1459911778019283 -0.91114618569062644 0.60772031880855737 1.5875866626339077 -0.21727814488232647
decision_type=2 2 2 2 2 2
left_child=2 3 -1 -2 -3 -4
right_child=1 4 5 -5 -6 -7
leaf_value=3.8547032995157529 4.1872450912130317 4.353870603369753 4.0040289784035359 4.2821163586093443 4.4701652779911001 4.0934534821842794
leaf_weight=1621 1365 667 1624 1231 1018 928
leaf_count=1621 1365 667 1624 1231 1018 928
internal_value=4.13933 4.30908 3.96521 4.2326 4.42566 4.03624
internal_weight=8454 4281 4173 2596 1685 2552
internal_count=8454 4281 4173 2596 1685 2552
is_linear=0
shrinkage=1


Tree=1
num_leaves=7
num_cat=0
split_feature=25 7 7 6 25 7
split_gain=240013 37739.4 33789.7 6203.94 4775.57 4463.92
threshold=0.16054050665426392 0.92658954132863103 -0.60733218430362246 0.35154557007397363 -1.5512453260100871 2.0103946891111435
decision_type=2 2 2 2 2 2
left_child=2 3 4 -2 -1 -3
right_child=1 5 -4 -5 -6 -7
leaf_value=-0.32389937350929182 0.030178713531270687 0.23690899575849717 -0.079908455555603775 0.12913542115618895 -0.21568042725601633 0.36310956430771657
leaf_weight=582 1138 1435 2307 1149 1429 362
leaf_count=582 1138 1435 2307 1149 1429 362
internal_value=-0.00303579 0.161632 -0.158794 0.0802408 -0.248448 0.2642
internal_weight=8402 4084 4318 2287 2011 1797
internal_count=8402 4084 4318 2287 2011 1797
is_linear=0
shrinkage=0.03


Tree=2
num_leaves=7
num_cat=0
split_feature=25 7 7 13 6 7
split_gain=237523 36786.4 34278.8 6547.29 4822.15 4209.12
threshold=0.16054050665426392 0.82793193536053289 -0.64708423848817131 16.990239164788949 0.20745508629651824 -0.17856389201300113
decision_type=2 2 2 8 2 2
left_child=2 4 -1 -3 -2 -4
right_child=1 3 5 -5 -6 -7
leaf_value=-0.2546557434080538 0.018744881700019578 0.19014982399412245 -0.11866030036408205 0.30378417240371075 0.11043511655141255 -0.037577635001280973
leaf_weight=1906 915 957 1323 1046 1189 1038
leaf_count=1906 915 957 1323 1046 1189 1038
internal_value=-0.00370399 0.158956 -0.16027 0.250706 0.0708376 -0.0833216
internal_weight=8374 4107 4267 2003 2104 2361
internal_count=8374 4107 4267 2003 2104 2361
is_linear=0
shrinkage=0.03


Tree=3
num_leaves=7
num_cat=0
split_feature=25 1 1 7 7 7
split_gain=229909 43019.3 34826.4 7663.65 7396.08 5861.31
threshold=0.16054050665426392 379.51269700500876 -156.69408770603175 0.55898394002385854 -0.35570009913980138 -0.64708423848817131
decision_type=2 2 2 2 2 2
left_child=2 3 5 -2 -4 -1
right_child=1 -3 4 -5 -6 -7
leaf_value=-0.29188875452236746 0.018330540316555118 0.27137213129119875 -0.14058314881132841 0.12521857095259467 -0.036785690824838416 -0.16663309382714248
leaf_weight=1284 1155 1704 1122 1264 1382 524
leaf_count=1284 1155 1704 1122 1264 1382 524
internal_value=-0.00367277 0.156307 -0.156648 0.0744683 -0.0836698 -0.256703
internal_weight=8435 4123 4312 2419 2504 1808
internal_count=8435 4123 4312 2419 2504 1808
is_linear=0
shrinkage=0.03


Tree=4
num_leaves=7
num_cat=0
split_feature=29 29 29 29 29 29
split_gain=253507 41942.4 32562 7827.74 4830.02 3579.52
threshold=0.09960648004369943 1.3197648206154067 -0.91114618569062644 0.66907997211363901 -0.23991813934575779 -1.5504643872550374
decision_type=2 2 2 2 2 2
left_child=2 3 5 -2 -4 -1
right_child=1 -3 4 -5 -6 -7
leaf_value=-0.32874666366318206 0.047086713293346801 0.29520587392391179 -0.13303248984520455 0.14637233674851569 -0.048031352324714838 -0.22909400137040181
leaf_weight=684 1519 1388 1608 1364 984 929
leaf_count=684 1519 1388 1608 1364 984 929
internal_value=-0.00240987 0.160198 -0.167559 0.0944041 -0.101072 -0.273117
internal_weight=8476 4271 4205 2883 2592 1613
internal_count=8476 4271 4205 2883 2592 1613
is_linear=0
shrinkage=0.03


Tree=5
num_leaves=7
num_cat=0
split_feature=29 29 29 29 29 29
split_gain=244278 39053.9 31734.7 10819.8 4333.17 3284.41
threshold=0.09960648004369943 1.4952333692603299 -0.93044713675040736 0.60772031880855737 -0.3853401941059667 -1.5504643872550374
decision_type=2 2 2 2 2 2
left_child=2 3 5 -2 -4 -1
right_child=1 -3 4 -5 -6 -7
leaf_value=-0.32606023625665626 0.034706300341980509 0.30408306750986308 -0.14248313698134774 0.14803521504900305 -0.064148355183561684 -0.22922332910280854
leaf_weight=678 1336 1151 1232 1767 1364 911
leaf_count=678 1336 1151 1232 1767 1364 911
internal_value=-0.00446613 0.155444 -0.166996 0.0995096 -0.101728 -0.272323
internal_weight=8439 4254 4185 3103 2596 1589
internal_count=8439 4254 4185 3103 2596 1589
is_linear=0
shrinkage=0.03


Tree=6
num_leaves=7
num_cat=0
split_feature=29 29 29 29 29 29
split_gain=230235 39397.8 33989.3 10943.4 3959.51 3128.68
threshold=0.10813831217115964 1.4952333692603299 -0.91114618569062644 0.60772031880855737 -0.55531739699342797 -1.5504643872550374
decision_type=2 2 2 2 2 2
left_child=2 3 5 -2 -4 -1
right_child=1 -3 4 -5 -6 -7
leaf_value=-0.32016032074130379 0.029384127602470656 0.30325847943342116 -0.14948503069847008 0.1445123155824819 -0.069029956153360633 -0.22659624852540386
leaf_weight=691 1299 1126 798 1746 1858 939
leaf_count=691 1299 1126 798 1746 1858 939
internal_value=-0.00619759 0.152291 -0.160429 0.0956555 -0.0936729 -0.267971
internal_weight=8457 4171 4286 3045 2656 1630
internal_count=8457 4171 4286 3045 2656 1630
is_linear=0
shrinkage=0.03


Tree=7
num_leaves=7
num_cat=0
split_feature=29 29 29 29 15 29
split_gain=236929 43382.6 27772.9 8998.27 3596.07 3332.74
threshold=0.030965769977010529 1.3197648206154067 -0.89366952018216017 0.56990314805314468 -0.082416911351049435 2.0114643151311804
decision_type=2 2 2 2 2 2
left_child=2 3 -1 -2 -4 -3
right_child=1 5 4 -5 -6 -7
leaf_value=-0.26327031336170548 0.02973950658334298 0.2368436509816341 -0.13240418436710996 0.13265199334163419 -0.055320450023568078 0.34050799898686451
leaf_weight=1657 1455 786 1395 1619 927 628
leaf_count=1657 1455 786 1395 1619 927 628
internal_value=-0.00133356 0.147939 -0.16965 0.0841954 -0.102 0.284952
internal_weight=8467 4488 3979 3074 2322 1414
internal_count=8467 4488 3979 3074 2322 1414
is_linear=0
shrinkage=0.03


Tree=8
num_leaves=7
num_cat=0
split_feature=25 7 25 6 25 13
split_gain=199667 32497.5 28135.8 5966.75 4477.07 3859.67
threshold=0.24923739724594016 -0.62148380816126547 1.1822399770750496 0.44961083680693731 -1.493264420187794 21.403556030836789
decision_type=2 2 2 2 2 8
left_child=1 4 3 -2 -1 -4
right_child=2 -3 5 -5 -6 -7
leaf_value=-0.29464081499052958 0.045961366236013802 -0.064875839983258368 0.22078701909733786 0.14153542922513593 -0.1921897000436131 0.33139249408670834
leaf_weight=638 1130 2606 864 1248 1294 550
leaf_count=638 1130 2606 864 1248 1294 550
internal_value=-0.000271299 -0.134401 0.160178 0.0965023 -0.227365 0.265834
internal_weight=8330 4538 3792 2378 1932 1414
internal_count=8330 4538 3792 2378 1932 1414
is_linear=0
shrinkage=0.03


Tree=9
num_leaves=7
num_cat=0
split_feature=29 29 29 29 28 29
split_gain=228275 38978.2 30429 6463.54 5181.96 4315.8
threshold=0.09960648004369943 1.0901818433269259 -0.79686637035678853 1.5875866626339077 0.29418962552912836 -1.5504643872550374
decision_type=2 2 2 2 2 2
left_child=2 4 5 -3 -2 -1
right_child=1 3 -4 -5 -6 -7
leaf_value=-0.31366369921942144 0.019265090802408413 0.18492340767143958 -0.087495386692496069 0.30511705287030577 0.10749036208962101 -0.21246358818727518
leaf_weight=676 1009 772 2313 1036 1484 1217
leaf_count=676 1009 772 2313 1036 1484 1217
internal_value=-0.00412512 0.149382 -0.161081 0.255095 0.0720023 -0.250061
internal_weight=8507 4301 4206 1808 2493 1893
internal_count=8507 4301 4206 1808 2493 1893
is_linear=0
shrinkage=0.03


Tree=10
num_leaves=7
num_cat=0
split_feature=7 1 1 10 7 13
split_gain=192012 35634 31490.5 8471.72 5602.17 5034.21
threshold=0.25188067527199715 -156.69408770603175 385.03185341013938 -0.50791271733389654 -0.64708423848817131 14.004725394402064
decision_type=2 2 2 2 2 8
left_child=1 4 5 -3 -1 -2
right_child=2 3 -4 -5 -6 -7
leaf_value=-0.26551768464940573 0.054007506934094146 -0.13613460783465772 0.2543781214186846 -0.025832915922112554 -0.14792843133993638 0.16543774002929174
leaf_weight=1299 1627 924 1674 1924 572 468
leaf_count=1299 1627 924 1674 1924 572 468
internal_value=-0.00175398 -0.129154 0.157677 -0.0619701 -0.230546 0.0795675
internal_weight=8488 4719 3769 2848 1871 2095
internal_count=8488 4719 3769 2848 1871 2095
is_linear=0
shrinkage=0.03


Tree=11
num_leaves=7
num_cat=0
split_feature=25 25 1 1 1 28
split_gain=188412 35679.1 32520.2 7964.95 6840.11 6292.43
threshold=0.24923739724594016 -0.60701098072693405 379.51269700500876 -271.49378283378877 34.7667902816221 1.2327574409398061
decision_type=2 2 2 2 2 2
left_child=1 3 -2 -1 -3 -4
right_child=2 4 5 -5 -6 -7
leaf_value=-0.28614646323801496 0.076313362025434608 -0.098453516984984002 0.18711126993921467 -0.16624716645257637 0.001105117865316755 0.30904122988664573
leaf_weight=921 2112 1312 788 1230 1171 894
leaf_count=921 2112 1312 788 1230 1171 894
internal_value=-0.00127687 -0.1295 0.155264 -0.218671 -0.0516849 0.253362
internal_weight=8428 4634 3794 2151 2483 1682
internal_count=8428 4634 3794 2151 2483 1682
is_linear=0
shrinkage=0.03


Tree=12
num_leaves=7
num_cat=0
split_feature=29 29 29 27 29 29
split_gain=201594 35579.2 28698 5847.42 5005.72 3999.84
threshold=0.09960648004369943 1.3197648206154067 -0.99490080622934551 0.51947592123027386 -0.3853401941059667 2.0114643151311804
decision_type=2 2 2 2 2 2
left_child=2 3 -1 -2 -4 -3
right_child=1 5 4 -5 -6 -7
leaf_value=-0.25503175934746003 0.048769016206715608 0.21896571745558308 -0.129965852566195 0.13517821634573671 -0.048475034754852424 0.33090070225995744
leaf_weight=1448 1718 785 1377 1208 1365 599
leaf_count=1448 1718 785 1377 1208 1365 599
internal_value=0.000677331 0.144564 -0.147322 0.084782 -0.0897223 0.269438
internal_weight=8500 4310 4190 2926 2742 1384
internal_count=8500 4310 4190 2926 2742 1384
is_linear=0
shrinkage=0.03


Tree=13
num_leaves=7
num_cat=0
split_feature=29 29 29 29 29 29
split_gain=190063 36961.8 28573.2 5990.19 5157.5 4022.38
threshold=0.09960648004369943 1.3197648206154067 -0.79686637035678853 0.59505668524625832 -1.489325372893014 2.0114643151311804
decision_type=2 2 2 2 2 2
left_child=2 3 4 -2 -1 -3
right_child=1 5 -4 -5 -6 -7
leaf_value=-0.3001459110921228 0.029747470011069248 0.21409714204003463 -0.076188252881895097 0.11602719377149141 -0.19193651560392017 0.32670764830610793
leaf_weight=718 1346 762 2269 1581 1125 600
leaf_count=718 1346 762 2269 1581 1125 600
internal_value=-0.0024344 0.137128 -0.147983 0.0765873 -0.235485 0.265725
internal_weight=8401 4289 4112 2927 1843 1362
internal_count=8401 4289 4112 2927 1843 1362
is_linear=0
shrinkage=0.03


Tree=14
num_leaves=7
num_cat=0
split_feature=25 1 1 10 28 13
split_gain=176324 35121.3 29639.1 7011.96 6315.53 5936.96
threshold=0.16054050665426392 379.51269700500876 -182.72231950210104 -0.47269803587586584 1.2327574409398061 13.191172996532599
decision_type=2 2 2 2 2 10
left_child=2 5 -1 -4 -3 -2
right_child=1 4 3 -5 -6 -7
leaf_value=-0.23772346571682801 0.035225127955828259 0.1760924514002131 -0.13625280276724233 -0.036627333991616315 0.29515262403983317 0.15011786693407372
leaf_weight=1643 1849 853 1041 1637 891 512
leaf_count=1643 1849 853 1041 1637 891 512
internal_value=-0.00411788 0.136512 -0.137724 -0.0757169 0.238256 0.0606685
internal_weight=8426 4105 4321 2678 1744 2361
internal_count=8426 4105 4321 2678 1744 2361
is_linear=0
shrinkage=0.03


Tree=15
num_leaves=7
num_cat=0
split_feature=29 29 29 29 29 15
split_gain=180536 35309.4 27807.6 6204.82 4396.21 4381.65
threshold=0.3104712682130697 -0.65630196378153227 1.4952333692603299 -1.3744249818097953 -0.090423878954469974 0.41925733909581808
decision_type=2 2 2 2 2 2
left_child=1 3 5 -1 -3 -2
right_child=2 4 -4 -5 -6 -7
leaf_value=-0.27763658372030869 0.048561492887851984 -0.085360954103975456 0.27684204588922751 -0.17034195707851463 -0.0072847857267010442 0.12984761425154645
leaf_weight=878 1002 1481 1136 1275 1153 1534
leaf_count=878 1002 1481 1136 1275 1153 1534
internal_value=-0.00404843 -0.125323 0.153963 -0.215178 -0.0513409 0.0980475
internal_weight=8459 4787 3672 2153 2634 2536
internal_count=8459 4787 3672 2153 2634 2536
is_linear=0
shrinkage=0.03


Tree=16
num_leaves=7
num_cat=0
split_feature=29 29 29 28 29 29
split_gain=185635 30636.1 30428.8 6109.25 4221.89 4135.79
threshold=0.20997086829574288 -0.8305080219216644 1.4692516248387515 0.23341170625709126 -1.5504643872550374 -0.1783306278205912
decision_type=2 2 2 2 2 2
left_child=1 4 3 -2 -1 -3
right_child=2 5 -4 -5 -6 -7
leaf_value=-0.29295478844342848 0.019681026047963616 -0.10151584981174608 0.27373939729061664 0.11891460350719542 -0.19165366018826235 -0.025882683174243009
leaf_weight=666 769 1585 1176 2073 1113 1114
leaf_count=666 769 1585 1176 2073 1113 1114
internal_value=-0.00195025 -0.134642 0.1459 0.0922267 -0.231003 -0.0705094
internal_weight=8496 4478 4018 2842 1779 2699
internal_count=8496 4478 4018 2842 1779 2699
is_linear=0
shrinkage=0.03


Tree=17
num_leaves=7
num_cat=0
split_feature=25 7 7 10 25 25
split_gain=155456 28500.6 25128.7 5416.28 5291.48 3958.9
threshold=0.16054050665426392 0.92658954132863103 -0.64708423848817131 1.9293231933237291 -1.5210367793799835 0.64291077555396259
decision_type=2 2 2 2 2 2
left_child=2 5 4 -3 -1 -2
right_child=1 3 -4 -5 -6 -7
leaf_value=-0.28003320441086116 0.032057079782812747 0.19383708292082402 -0.059509068519559116 0.33008736808585659 -0.16907693313284508 0.1131886177050003
leaf_weight=605 1451 1440 2396 351 1323 865
leaf_count=605 1451 1440 2396 351 1323 865
internal_value=0.000630488 0.132645 -0.124776 0.222224 -0.20516 0.0627151
internal_weight=8431 4107 4324 1791 1928 2316
internal_count=8431 4107 4324 1791 1928 2316
is_linear=0
shrinkage=0.03


Tree=18
num_leaves=7
num_cat=0
split_feature=29 29 29 29 12 29
split_gain=175243 33593.4 25417.1 5822.19 3871.06 3384.28
threshold=0.09960648004369943 1.3197648206154067 -0.975345538030857 0.56990314805314468 -0.43763376831858086 2.0114643151311804
decision_type=2 2 2 2 2 2
left_child=2 3 -1 -2 -4 -3
right_child=1 5 4 -5 -6 -7
leaf_value=-0.23449056863464474 0.029221259442557178 0.21123420979404312 -0.13057983307707074 0.11526037408874933 -0.053970797161802302 0.3150110389167452
leaf_weight=1499 1250 782 902 1649 1783 599
leaf_count=1499 1250 782 902 1649 1783 599
internal_value=0.00206163 0.136871 -0.135838 0.0783897 -0.0800959 0.258188
internal_weight=8464 4280 4184 2899 2685 1381
internal_count=8464 4280 4184 2899 2685 1381
is_linear=0
shrinkage=0.03


Tree=19
num_leaves=7
num_cat=0
split_feature=29 29 29 29 29 28
split_gain=164519 31249.2 25292.9 5847.94 4611.34 4300.91
threshold=0.09960648004369943 1.1459911778019283 -1.0503179018524118 2.0114643151311804 -0.21727814488232647 0.23341170625709126
decision_type=2 2 2 2 2 2
left_child=2 5 -1 -3 -4 -2
right_child=1 3 4 -5 -6 -7
leaf_value=-0.23811872226423492 0.013067357908881853 0.1869057317407859 -0.10727747545730751 0.30895450215075648 -0.025635438170523602 0.094224628988653414
leaf_weight=1367 908 1061 1954 602 923 1675
leaf_count=1367 908 1061 1954 602 923 1675
internal_value=-0.000291739 0.131584 -0.132229 0.23267 -0.0812646 0.0658559
internal_weight=8490 4246 4244 1663 2877 2583
internal_count=8490 4246 4244 1663 2877 2583
is_linear=0
shrinkage=0.03


Tree=20
num_leaves=7
num_cat=0
split_feature=25 1 1 7 28 1
split_gain=146858 32917.6 24934.4 6252.5 5934.66 4428.26
threshold=0.16054050665426392 385.03185341013938 -198.15354773872926 -0.31940577227724792 1.2150352960468427 152.40616195222654
decision_type=2 2 2 2 2 2
left_child=2 5 -1 -4 -3 -2
right_child=1 4 3 -5 -6 -7
leaf_value=-0.21770006739441827 0.0093164612576365474 0.16517523688895597 -0.11215902593653081 -0.02166027633531226 0.2819182923784968 0.091125963131498802
leaf_weight=1589 1075 816 1413 1340 885 1332
leaf_count=1589 1075 816 1413 1340 885 1332
internal_value=-0.00186703 0.126554 -0.123379 -0.0683473 0.227207 0.0547784
internal_weight=8450 4108 4342 2753 1701 2407
internal_count=8450 4108 4342 2753 1701 2407
is_linear=0
shrinkage=0.03


Tree=21
num_leaves=7
num_cat=0
split_feature=29 29 29 15 29 29
split_gain=157921 34452.1 20443.1 5573.53 3513.76 3165.67
threshold=0.018573166020018704 1.3197648206154067 -1.0503179018524118 0.32607355047383313 2.0114643151311804 -0.63843946984805178
decision_type=2 2 2 2 2 2
left_child=2 3 -1 -2 -3 -4
right_child=1 4 5 -5 -6 -7
leaf_value=-0.23431714446552498 0.017096584698045276 0.19721619418163031 -0.13832549991662815 0.098660956831898836 0.30178195704137983 -0.066646848581895082
leaf_weight=1356 1320 784 833 1764 595 1753
leaf_count=1356 1320 784 833 1764 595 1753
internal_value=-0.0020503 0.120038 -0.140229 0.0639182 0.244181 -0.0901798
internal_weight=8405 4463 3942 3084 1379 2586
internal_count=8405 4463 3942 3084 1379 2586
is_linear=0
shrinkage=0.03


Tree=22
num_leaves=7
num_cat=0
split_feature=29 29 29 29 29 29
split_gain=150340 30003.3 24223.2 6144.48 5921.88 2068.47
threshold=0.15930550568987611 1.4952333692603299 -0.65630196378153227 0.66907997211363901 -1.5504643872550374 -0.13575523107520623
decision_type=2 2 2 2 2 2
left_child=2 3 4 -2 -1 -4
right_child=1 -3 5 -5 -6 -7
leaf_value=-0.27081719870291715 0.031174285181593736 0.25887364794173728 -0.076601254925580425 0.11813747328182793 -0.15976081074944082 -0.016417962241703835
leaf_weight=668 1353 1154 1302 1606 1451 856
leaf_count=668 1353 1154 1302 1606 1451 856
internal_value=0.000355503 0.129694 -0.124036 0.0786126 -0.195878 -0.0529146
internal_weight=8390 4113 4277 2959 2119 2158
internal_count=8390 4113 4277 2959 2119 2158
is_linear=0
shrinkage=0.03


Tree=23
num_leaves=7
num_cat=0
split_feature=29 29 29 1 29 27
split_gain=143657 32359.7 22497.2 6237.56 4073.64 3139.67
threshold=0.09960648004369943 1.4692516248387515 -0.99490080622934551 372.96551429919845 -0.23991813934575779 0.54859971816467978
decision_type=2 2 2 2 2 2
left_child=2 3 -1 5 -4 -2
right_child=1 -3 4 -5 -6 -7
leaf_value=-0.21979939079811511 0.018367102313836071 0.2551333769191047 -0.10070330819166486 0.14592313288196043 -0.024470543171640446 0.089729514845628772
leaf_weight=1433 1406 1198 1728 755 1003 914
leaf_count=1433 1406 1198 1728 755 1003 914
internal_value=0.00139324 0.123453 -0.123858 0.0714908 -0.0728971 0.0467459
internal_weight=8437 4273 4164 3075 2731 2320
internal_count=8437 4273 4164 3075 2731 2320
is_linear=0
shrinkage=0.03


Tree=24
num_leaves=7
num_cat=0
split_feature=29 29 29 29 29 29
split_gain=141032 31206.4 16919.2 5319.15 4414.58 3086.37
threshold=1.0000000180025095e-35 1.3197648206154067 -1.0503179018524118 0.58305469121489917 2.0114643151311804 -0.63843946984805178
decision_type=2 2 2 2 2 2
left_child=2 3 -1 -2 -3 -4
right_child=1 4 5 -5 -6 -7
leaf_value=-0.2202087178528753 0.020860776565197869 0.18197991027215621 -0.13486163362473461 0.098974916760069878 0.29739249764916115 -0.063415858858633309
leaf_weight=1332 1548 795 827 1595 574 1674
leaf_count=1332 1548 795 827 1595 574 1674
internal_value=-0.000438625 0.11312 -0.13406 0.0606901 0.232176 -0.0874837
internal_weight=8345 4512 3833 3143 1369 2501
internal_count=8345 4512 3833 3143 1369 2501
is_linear=0
shrinkage=0.03


Tree=25
num_leaves=7
num_cat=0
split_feature=29 29 29 29 27 1
split_gain=136931 25674.5 21504.9 5784.8 3686.05 3497.86
threshold=0.3104712682130697 -1.0503179018524118 1.5875866626339077 -0.10052305850939734 0.55939816466592829 -462.3252624652672
decision_type=2 2 2 2 2 2
left_child=1 5 4 -3 -2 -1
right_child=2 3 -4 -5 -6 -7
leaf_value=-0.29915689941373053 0.055477809583526529 -0.093279412376525789 0.25139052549774399 -0.010727622107633998 0.12689114339490193 -0.18547995309106599
leaf_weight=385 1431 2244 1012 1160 1228 961
leaf_count=385 1431 2244 1012 1160 1228 961
internal_value=-0.00321614 -0.109469 0.134191 -0.0652616 0.0888103 -0.219962
internal_weight=8421 4750 3671 3404 2659 1346
internal_count=8421 4750 3671 3404 2659 1346
is_linear=0
shrinkage=0.03


Tree=26
num_leaves=7
num_cat=0
split_feature=29 29 29 29 15 29
split_gain=139164 27202.7 22610.9 5871.82 3819.34 3670.02
threshold=0.3104712682130697 -0.65630196378153227 1.3197648206154067 -1.489325372893014 -0.26725042701132179 -0.079583526732254842
decision_type=2 2 2 2 2 2
left_child=1 3 4 -1 -2 -3
right_child=2 5 -4 -5 -6 -7
leaf_value=-0.25686472920207409 -0.032426028097433002 -0.072545049761724156 0.23450143524801509 -0.1486867709727295 0.093659961921535889 -0.00064233406755099534
leaf_weight=726 237 1494 1386 1381 2025 1111
leaf_count=726 237 1494 1386 1381 2025 1111
internal_value=0.000507676 -0.107095 0.139408 -0.186998 0.0803648 -0.0419992
internal_weight=8360 4712 3648 2107 2262 2605
internal_count=8360 4712 3648 2107 2262 2605
is_linear=0
shrinkage=0.03


Tree=27
num_leaves=7
num_cat=0
split_feature=29 29 29 29 29 28
split_gain=131078 30179.8 17754.3 6318.75 5125.71 4774.32
threshold=0.018573166020018704 1.1459911778019283 -1.2628674695833793 2.0114643151311804 -0.65630196378153227 -0.20984754415616946
decision_type=2 2 2 2 2 2
left_child=2 5 -1 -3 -4 -2
right_child=1 3 4 -5 -6 -7
leaf_value=-0.23348087070626655 -0.044216433419446859 0.16437516842966202 -0.13818016638262851 0.29037682071824239 -0.056566328403973458 0.065525048011335602
leaf_weight=1030 410 1081 1143 587 1800 2454
leaf_count=1030 410 1081 1143 587 1800 2454
internal_value=-0.00105177 0.109109 -0.12667 0.210184 -0.088624 0.0497157
internal_weight=8505 4532 3973 1668 2943 2864
internal_count=8505 4532 3973 1668 2943 2864
is_linear=0
shrinkage=0.03


Tree=28
num_leaves=7
num_cat=0
split_feature=29 29 29 25 29 29
split_gain=122972 28976.2 17922 6596.21 4423.26 1981.91
threshold=0.030965769977010529 1.5875866626339077 -1.3744249818097953 0.68816666488275302 -0.65630196378153227 0.66907997211363901
decision_type=2 2 2 2 2 2
left_child=2 3 -1 5 -4 -2
right_child=1 -3 4 -5 -6 -7
leaf_value=-0.24087735927798593 0.010228761278796851 0.24955619096952728 -0.1302254561500247 0.11266107477172453 -0.056331301139634804 0.078478352293256393
leaf_weight=874 1387 1003 1247 1543 1806 521
leaf_count=874 1387 1003 1247 1543 1806 521
internal_value=0.000571806 0.108361 -0.121648 0.0667218 -0.08684 0.0291771
internal_weight=8381 4454 3927 3451 3053 1908
internal_count=8381 4454 3927 3451 3053 1908
is_linear=0
shrinkage=0.03


Tree=29
num_leaves=7
num_cat=0
split_feature=7 7 10 10 7 7
split_gain=113321 30538.9 11988.2 6163.48 3739.12 2804.61
threshold=0.48194381094804378 -0.55298698901082743 1.4039527649498764 -1.0110279420313077 -0.12815798967011979 0.80311546681216506
decision_type=2 2 2 2 2 2
left_child=1 3 5 -1 -3 -2
right_child=2 4 -4 -5 -6 -7
leaf_value=-0.22250418507905093 0.065848188215152384 -0.064641622284121389 0.2425274334842856 -0.11926152744722043 0.00055938666726570692 0.13689634360819883
leaf_weight=1039 874 1287 844 1134 2031 1272
leaf_count=1039 874 1287 844 1134 2031 1272
internal_value=-0.00137925 -0.0822651 0.146943 -0.169419 -0.0248493 0.1084
internal_weight=8481 5491 2990 2173 3318 2146
internal_count=8481 5491 2990 2173 3318 2146
is_linear=0
shrinkage=0.03


Tree=30
num_leaves=7
num_cat=0
split_feature=29 1 29 29 9 13
split_gain=115622 29248.4 14456.2 5835.03 5490.94 2345.72
threshold=-0.035912144760886097 400.89422768781509 -1.2628674695833793 2.0114643151311804 0.5773079132388742 9.0384312260444677
decision_type=2 2 2 2 2 8
left_child=2 4 -1 -3 5 -2
right_child=1 3 -4 -5 -6 -7
leaf_value=-0.21856755682842888 -0.0052719506726693769 0.15984452967909002 -0.084649870610662106 0.28136003855695729 0.10113848834253952 0.066503359145365468
leaf_weight=985 1364 1109 2781 573 1055 575
leaf_count=985 1364 1109 2781 573 1055 575
internal_value=0.00337668 0.102918 -0.120162 0.202659 0.0463959 0.0162446
internal_weight=8442 4676 3766 1682 2994 1939
internal_count=8442 4676 3766 1682 2994 1939
is_linear=0
shrinkage=0.03


Tree=31
num_leaves=7
num_cat=0
split_feature=25 7 7 25 25 13
split_gain=108233 23405.1 20429.6 5198.25 4618.69 4045.11
threshold=0.16054050665426392 1.1640931222361497 -0.64708423848817131 -1.493264420187794 0.68816666488275302 21.403556030836789
decision_type=2 2 2 2 2 8
left_child=2 4 3 -1 -2 -3
right_child=1 5 -4 -5 -6 -7
leaf_value=-0.24636122051153306 0.026116017281312874 0.1654750931508468 -0.045007668981541217 -0.13926304994476996 0.10351693436441907 0.27711785790434784
leaf_weight=644 1547 773 2408 1287 1262 556
leaf_count=644 1547 773 2408 1287 1262 556
internal_value=0.000963701 0.110596 -0.103604 -0.176066 0.0611338 0.213903
internal_weight=8477 4138 4339 1931 2809 1329
internal_count=8477 4138 4339 1931 2809 1329
is_linear=0
shrinkage=0.03


Tree=32
num_leaves=7
num_cat=0
split_feature=29 29 29 29 28 29
split_gain=111302 23154.4 20465.4 6397.22 4202.9 2118.72
threshold=0.3104712682130697 -0.63843946984805178 1.5875866626339077 -1.5504643872550374 0.21396931082361825 2.5459802741913298
decision_type=2 2 2 2 2 2
left_child=1 3 4 -1 -2 -4
right_child=2 -3 5 -5 -6 -7
leaf_value=-0.24908565139593597 0.0071178405249998772 -0.036696364735355522 0.20369810094895952 -0.13449409974639581 0.097229195841589414 0.31423626782504155
leaf_weight=647 603 2583 777 1527 2063 259
leaf_count=647 603 2583 777 1527 2063 259
internal_value=-0.00174295 -0.0976548 0.121433 -0.169582 0.0769504 0.234073
internal_weight=8459 4757 3702 2174 2666 1036
internal_count=8459 4757 3702 2174 2666 1036
is_linear=0
shrinkage=0.03


Tree=33
num_leaves=7
num_cat=0
split_feature=1 1 1 28 15 28
split_gain=95806.2 28394.7 17096.5 8271.56 5847.51 5516.3
threshold=58.233890555184423 427.37093987150223 -284.91001132841126 0.22506188604238617 -0.35104067860088439 1.2327574409398061
decision_type=2 2 2 2 2 2
left_child=2 3 -1 -2 -4 -3
right_child=1 5 4 -5 -6 -7
leaf_value=-0.2087709723266056 -0.016122334625650301 0.1354778086980063 -0.1142153451877521 0.083803066899406184 -0.027708019909127159 0.25609086132740416
leaf_weight=1084 1274 668 1330 1778 1498 801
leaf_count=1084 1274 668 1330 1778 1498 801
internal_value=0.000646068 0.094611 -0.107911 0.0421747 -0.0686513 0.202531
internal_weight=8433 4521 3912 3052 2828 1469
internal_count=8433 4521 3912 3052 2828 1469
is_linear=0
shrinkage=0.03


Tree=34
num_leaves=7
num_cat=0
split_feature=25 10 10 25 25 15
split_gain=96764.2 20178.8 17427.1 5671.96 4035.81 3952.19
threshold=0.24923739724594016 -0.95375544434204229 1.1402359543081502 -0.60701098072693405 2.207392782874257 0.32607355047383313
decision_type=2 2 2 2 2 2
left_child=1 -1 5 -3 -4 -2
right_child=2 3 4 -5 -6 -7
leaf_value=-0.19847082199226113 0.015602265492264853 -0.11083388491377193 0.17178846981684184 -0.028193173632486915 0.30273407468401858 0.095299770860739444
leaf_weight=1153 844 1079 922 2417 307 1681
leaf_count=1153 844 1079 922 2417 307 1681
internal_value=0.00126059 -0.0901362 0.114386 -0.0539427 0.206678 0.0688269
internal_weight=8403 4649 3754 3496 1229 2525
internal_count=8403 4649 3754 3496 1229 2525
is_linear=0
shrinkage=0.03


Tree=35
num_leaves=7
num_cat=0
split_feature=29 29 29 29 15 15
split_gain=106770 19366.7 18936.8 5231.16 3791.51 2549.8
threshold=0.27178376724418624 1.5875866626339077 -1.2628674695833793 -0.21727814488232647 0.32607355047383313 -1.3927420328658748
decision_type=2 2 2 2 2 2
left_child=2 4 5 -4 -2 -1
right_child=1 -3 3 -5 -6 -7
leaf_value=-0.27029613384699569 0.027102108827214047 0.23000979676645625 -0.091862073238572609 -0.017754990315606616 0.10202846770378998 -0.16492073385177528
leaf_weight=413 918 1025 2225 1400 1844 580
leaf_count=413 918 1025 2225 1400 1844 580
internal_value=0.00123433 0.119139 -0.0955023 -0.063369 0.077313 -0.211005
internal_weight=8405 3787 4618 3625 2762 993
internal_count=8405 3787 4618 3625 2762 993
is_linear=0
shrinkage=0.03


Tree=36
num_leaves=7
num_cat=0
split_feature=29 29 29 1 29 29
split_gain=100699 22836.8 15904.8 3996.76 3795.81 2673.89
threshold=0.09960648004369943 1.5875866626339077 -1.1786175719824479 385.03185341013938 -0.58056378589791346 -1.9319257315617369
decision_type=2 2 2 2 2 2
left_child=2 3 5 -2 -4 -1
right_child=1 -3 4 -5 -6 -7
leaf_value=-0.26565314361926656 0.045189284634996336 0.2284750823185826 -0.1093250718619687 0.12109093400449923 -0.039774851990790991 -0.1617553492344182
leaf_weight=377 2425 1003 1149 843 1859 772
leaf_count=377 2425 1003 1149 843 1859 772
internal_value=0.00170945 0.103894 -0.103275 0.0650782 -0.066616 -0.197843
internal_weight=8428 4271 4157 3268 3008 1149
internal_count=8428 4271 4157 3268 3008 1149
is_linear=0
shrinkage=0.03


Tree=37
num_leaves=7
num_cat=0
split_feature=29 29 29 29 29 29
split_gain=97093.9 27433.7 11937.8 4729.29 4246.39 3374.99
threshold=-0.055487007248265711 1.3197648206154067 -1.5504643872550374 0.58305469121489917 2.0114643151311804 -0.63843946984805178
decision_type=2 2 2 2 2 2
left_child=2 3 -1 -2 -3 -4
right_child=1 4 5 -5 -6 -7
leaf_value=-0.22698215007533271 0.010003910371608507 0.15332191899282363 -0.11950509365278945 0.081648946716745899 0.26430009603724125 -0.055333613349490912
leaf_weight=679 1721 768 1504 1596 606 1501
leaf_count=679 1721 768 1504 1596 606 1501
internal_value=0.00114583 0.0915844 -0.11395 0.0446183 0.203825 -0.0877412
internal_weight=8375 4691 3684 3317 1374 3005
internal_count=8375 4691 3684 3317 1374 3005
is_linear=0
shrinkage=0.03


Tree=38
num_leaves=7
num_cat=0
split_feature=29 29 1 15 28 1
split_gain=96573.2 21215.1 16348.6 4310.47 3811.71 3388.82
threshold=0.1372424362176575 1.5875866626339077 -271.49378283378877 0.11984785017418735 -1.4695799024998613 239.19743072273255
decision_type=2 2 2 2 2 2
left_child=2 3 4 -2 -1 -5
right_child=1 -3 -4 5 -6 -7
leaf_value=-0.27394398597031827 0.0059551328852684542 0.22231587293416158 -0.063857797042318698 0.042557786072580955 -0.1532249065472214 0.11636800772774986
leaf_weight=390 835 1009 3127 985 747 1342
leaf_count=390 835 1009 3127 985 747 1342
internal_value=0.000634192 0.103144 -0.0996469 0.0645355 -0.19666 0.0854405
internal_weight=8435 4171 4264 3162 1137 2327
internal_count=8435 4171 4264 3162 1137 2327
is_linear=0
shrinkage=0.03


Tree=39
num_leaves=7
num_cat=0
split_feature=29 29 1 10 1 29
split_gain=91719.4 19396.4 17743.6 4356.52 3746.71 2788.66
threshold=0.2456037102397525 1.5875866626339077 -284.91001132841126 -0.23666437981690328 372.96551429919845 -2.4110196849497232
decision_type=2 2 2 2 2 2
left_child=2 4 5 -4 -2 -1
right_child=1 -3 3 -5 -6 -7
leaf_value=-0.31229196243451107 0.043638278602538494 0.2197659006055564 -0.087250269555886287 -0.019548223587040493 0.11848378971042468 -0.17216240815311501
leaf_weight=165 1948 1019 1927 1545 876 918
leaf_count=165 1948 1019 1927 1545 876 918
internal_value=0.000325931 0.108113 -0.0906504 -0.0572663 0.0671914 -0.196174
internal_weight=8398 3843 4555 3472 2824 1083
internal_count=8398 3843 4555 3472 2824 1083
is_linear=0
shrinkage=0.03


Tree=40
num_leaves=7
num_cat=0
split_feature=25 1 1 6 12 12
split_gain=82983.3 19527.7 19277.7 4632.01 4293.53 3860.77
threshold=0.24923739724594016 385.03185341013938 -198.15354773872926 1.6806536245817225 -0.81016721204507658 -0.44618958186005436
decision_type=2 2 2 2 2 2
left_child=2 -2 4 -3 -1 -4
right_child=1 3 5 -5 -6 -7
leaf_value=-0.23142525323349236 0.044224384321239693 0.14439156897991315 -0.087285311880946764 0.25447302678073552 -0.12700471486206408 -0.016227178495107353
leaf_weight=615 2122 1122 1028 542 962 2060
leaf_count=615 2122 1122 1028 542 962 2060
internal_value=0.000700269 0.104902 -0.0839105 0.181553 -0.168928 -0.0400879
internal_weight=8451 3786 4665 1664 1577 3088
internal_count=8451 3786 4665 1664 1577 3088
is_linear=0
shrinkage=0.03


Tree=41
num_leaves=7
num_cat=0
split_feature=29 29 29 29 13 29
split_gain=87952.5 17920.7 17452.2 5172.04 3126.99 2299.36
threshold=0.3104712682130697 -1.2628674695833793 1.4952333692603299 -0.22871626271626755 23.795301930493103 -2.4110196849497232
decision_type=2 2 2 2 8 2
left_child=1 5 -2 -3 -4 -1
right_child=2 3 4 -5 -6 -7
leaf_value=-0.3005262907016813 0.0658320141681146 -0.083018797087570415 0.16712996744842026 -0.011378238586349912 0.27802966596118767 -0.17164578723617002
leaf_weight=168 2548 2228 767 1531 388 848
leaf_count=168 2548 2228 767 1531 388 848
internal_value=0.00056767 -0.0844505 0.11013 -0.053948 0.206451 -0.195678
internal_weight=8478 4775 3703 3759 1155 1016
internal_count=8478 4775 3703 3759 1155 1016
is_linear=0
shrinkage=0.03


Tree=42
num_leaves=7
num_cat=0
split_feature=7 1 1 15 15 15
split_gain=78717 21778.1 11743.7 5510.85 4873.82 4110.18
threshold=0.48194381094804378 -182.72231950210104 427.37093987150223 -0.22696916471269732 -1.3316983839406278 1.6787357953225539
decision_type=2 2 2 2 2 2
left_child=1 4 -2 -3 -1 -4
right_child=2 3 5 -5 -6 -7
leaf_value=-0.2333071591168118 0.070474927793781852 -0.065198489635498111 0.14916983312493676 0.007803013429694616 -0.11998143073268118 0.26307496862037805
leaf_weight=502 1640 1693 888 2048 1203 470
leaf_count=502 1640 1693 888 2048 1203 470
internal_value=0.00195753 -0.065976 0.125171 -0.0253198 -0.154514 0.190227
internal_weight=8444 5446 2998 3741 1705 1358
internal_count=8444 5446 2998 3741 1705 1358
is_linear=0
shrinkage=0.03


Tree=43
num_leaves=7
num_cat=0
split_feature=29 29 29 29 29 1
split_gain=77376.4 22157.1 11592.9 4397.16 3691.5 2690.61
threshold=0.59505668524625832 -0.975345538030857 2.0114643151311804 -0.13575523107520623 -2.4110196849497232 422.30818107086742
decision_type=2 2 2 2 2 2
left_child=1 4 5 -3 -1 -2
right_child=2 3 -4 -5 -6 -7
leaf_value=-0.29275649941916909 0.06965629787283481 -0.058759999712765021 0.24410663542515257 0.0036890713179487688 -0.14415264778629458 0.13600014194407703
leaf_weight=176 1483 2033 588 2014 1279 914
leaf_count=176 1483 2033 588 2014 1279 914
internal_value=0.00268227 -0.0640141 0.125421 -0.0277496 -0.164004 0.0954138
internal_weight=8487 5502 2985 4047 1455 2397
internal_count=8487 5502 2985 4047 1455 2397
is_linear=0
shrinkage=0.03


Tree=44
num_leaves=7
num_cat=0
split_feature=1 1 15 28 13 15
split_gain=73856.2 21277.7 11010.8 7679.99 6220.04 3310.21
threshold=239.19743072273255 -284.91001132841126 0.44916166163169235 -0.1371451570051099 22.696747415362236 -1.3316983839406278
decision_type=2 2 2 2 8 2
left_child=1 5 -2 -3 -4 -1
right_child=2 3 4 -5 -6 -7
leaf_value=-0.25485164252302761 0.031484107998536626 -0.074483374076563538 0.1315928232975524 0.0034608260160995962 0.25995513328344988 -0.14031179552284787
leaf_weight=381 836 2235 1566 2305 449 701
leaf_count=381 836 2235 1566 2305 449 701
internal_value=-0.000620864 -0.063674 0.123504 -0.0349898 0.161338 -0.182609
internal_weight=8473 5622 2851 4540 2015 1082
internal_count=8473 5622 2851 4540 2015 1082
is_linear=0
shrinkage=0.03


Tree=45
num_leaves=7
num_cat=0
split_feature=10 1 1 1 7 28
split_gain=73360.6 19106.2 15357.4 5538.69 3448.14 3210.79
threshold=0.33733975832045343 -130.07171984789269 431.9817901543999 -462.3252624652672 2.2058971604097288 -0.37490061873555408
decision_type=2 2 2 2 2 2
left_child=1 3 -2 -1 -4 -3
right_child=2 5 4 -5 -6 -7
leaf_value=-0.24130188487338045 0.058160362889744105 -0.062558854151667703 0.16312989643818429 -0.11677786806056244 0.29282998861977827 0.0013185237657360649
leaf_weight=413 2094 1153 1039 1593 246 1810
leaf_count=413 2094 1153 1039 1593 246 1810
internal_value=0.00105711 -0.0722277 0.108721 -0.143485 0.190029 -0.0236651
internal_weight=8348 4969 3379 2006 1285 2963
internal_count=8348 4969 3379 2006 1285 2963
is_linear=0
shrinkage=0.03


Tree=46
num_leaves=7
num_cat=0
split_feature=25 28 10 25 15 2
split_gain=70486.2 18127.3 11049.3 4316.29 3007.25 2513.8
threshold=0.40102898526106506 -0.96239734615806194 1.4569563568647668 -0.42695590598989303 0.32607355047383313 1.2467348121390087
decision_type=2 2 2 2 2 2
left_child=1 -1 4 -3 -2 -4
right_child=2 3 5 -5 -6 -7
leaf_value=-0.16396814191382533 0.017587888020500066 -0.079002700603194947 0.13693930823615333 -0.012163565925146776 0.093771970054990134 0.25252064569581267
leaf_weight=1353 618 1349 349 2427 1959 442
leaf_count=1353 618 1349 349 2427 1959 442
internal_value=-0.000177867 -0.070149 0.106271 -0.0361879 0.0756406 0.203871
internal_weight=8497 5129 3368 3776 2577 791
internal_count=8497 5129 3368 3776 2577 791
is_linear=0
shrinkage=0.03


Tree=47
num_leaves=7
num_cat=0
split_feature=29 29 29 28 29 29
split_gain=72431 19496.9 14089.6 2811.35 2655.47 2300.69
threshold=0.15930550568987611 1.5148470084613546 -1.2628674695833793 0.29418962552912836 -0.23991813934575779 2.8181725707147933
decision_type=2 2 2 2 2 2
left_child=2 3 -1 -2 -4 -3
right_child=1 5 4 -5 -6 -7
leaf_value=-0.18107837703150903 0.0087454980984330161 0.17645839561758217 -0.073392465402658286 0.071252990105403008 -0.016802089400443945 0.30486883488467942
leaf_weight=1026 962 941 2184 1991 1142 167
leaf_count=1026 962 941 2184 1991 1142 167
internal_value=0.000578808 0.0915872 -0.0843595 0.0509881 -0.0540705 0.198366
internal_weight=8413 4061 4352 2953 3326 1108
internal_count=8413 4061 4352 2953 3326 1108
is_linear=0
shrinkage=0.03


Tree=48
num_leaves=7
num_cat=0
split_feature=29 29 29 1 10 15
split_gain=70439.8 18574.5 11668.7 4790.51 2952.13 2050.09
threshold=0.56990314805314468 -0.63843946984805178 1.9730695491087717 -462.3252624652672 0.091985638381615956 0.69192574347762903
decision_type=2 2 2 2 2 2
left_child=1 3 5 -1 -3 -2
right_child=2 4 -4 -5 -6 -7
leaf_value=-0.22684765975395352 0.051023103445823136 -0.044971447749992143 0.22985465280922845 -0.11096559528559838 0.012935261394764877 0.10835127064792494
leaf_weight=400 1010 1815 625 1797 1394 1350
leaf_count=400 1010 1815 625 1797 1394 1350
internal_value=-0.00143735 -0.065996 0.115312 -0.132996 -0.0198545 0.0841356
internal_weight=8391 5406 2985 2197 3209 2360
internal_count=8391 5406 2985 2197 3209 2360
is_linear=0
shrinkage=0.03


Tree=49
num_leaves=7
num_cat=0
split_feature=29 29 29 1 29 29
split_gain=71271 20164.3 11143.6 5974.5 3049.65 2290.69
threshold=0.66907997211363901 -0.63843946984805178 1.5875866626339077 -462.3252624652672 -0.055487007248265711 2.5459802741913298
decision_type=2 2 2 2 2 2
left_child=1 3 -2 -1 -3 -4
right_child=2 4 5 -5 -6 -7
leaf_value=-0.23412483617883559 0.078230339376568481 -0.046192898162564631 0.17259066259295736 -0.10592074023502009 0.010152296255145325 0.2824420911124606
leaf_weight=404 1706 1534 768 1814 1958 268
leaf_count=404 1706 1534 768 1814 1958 268
internal_value=0.000658056 -0.0596974 0.126104 -0.130219 -0.0146608 0.203436
internal_weight=8452 5710 2742 2218 3492 1036
internal_count=8452 5710 2742 2218 3492 1036
is_linear=0
shrinkage=0.03


Tree=50
num_leaves=7
num_cat=0
split_feature=1 1 1 10 10 15
split_gain=61952.5 17975.9 11839.1 5200.08 4535.95 3725.66
threshold=54.705938407302661 431.9817901543999 -284.91001132841126 1.5791326831142671 0.34674661080106228 -0.35104067860088439
decision_type=2 2 2 2 2 2
left_child=2 4 -1 -3 -2 -4
right_child=1 3 5 -5 -6 -7
leaf_value=-0.16948973879821944 0.00081848914900747784 0.12153310915013303 -0.089060403328964477 0.24304210029209702 0.073242294161660587 -0.019430774473157351
leaf_weight=1065 1541 951 1291 505 1563 1492
leaf_count=1065 1541 951 1291 505 1563 1492
internal_value=0.00370462 0.0784332 -0.0848248 0.165048 0.0374051 -0.0519343
internal_weight=8408 4560 3848 1456 3104 2783
internal_count=8408 4560 3848 1456 3104 2783
is_linear=0
shrinkage=0.03


Tree=51
num_leaves=7
num_cat=0
split_feature=1 10 28 1 1 6
split_gain=62698.7 18241 10278.4 4574.61 3685.63 3442.23
threshold=54.705938407302661 1.0312192332873713 -0.96239734615806194 573.87692084080425 -462.3252624652672 2.1223977816328072
decision_type=2 2 2 2 2 2
left_child=2 3 4 -2 -1 -3
right_child=1 5 -4 -5 -6 -7
leaf_value=-0.24938546022417668 0.024698515731050752 0.13809555676832794 -0.054697201704154839 0.16159274231485959 -0.12738106013346417 0.25685227519509812
leaf_weight=311 2961 1115 2601 228 938 293
leaf_count=311 2961 1115 2601 228 938 293
internal_value=0.000165275 0.0748908 -0.0890219 0.0349604 -0.1595 0.164446
internal_weight=8447 4597 3850 3189 1249 1408
internal_count=8447 4597 3850 3189 1249 1408
is_linear=0
shrinkage=0.03


Tree=52
num_leaves=7
num_cat=0
split_feature=29 1 29 29 9 15
split_gain=58804.7 19751.1 9964.86 5547.17 3178.26 2016.8
threshold=-0.066224701292260033 406.04529902068651 -1.4367793223239558 2.0114643151311804 0.55779594173111613 -0.15694412218402162
decision_type=2 2 2 2 2 2
left_child=2 4 -1 -3 -2 -4
right_child=1 3 5 -5 -6 -7
leaf_value=-0.1786711065669673 0.0067855878155845539 0.11518663891415511 -0.078080952523570724 0.2338264578821031 0.069690997925870884 -0.02509450155446534
leaf_weight=812 2039 1040 1881 567 1112 1002
leaf_count=812 2039 1040 1881 567 1112 1002
internal_value=0.00331401 0.0729784 -0.0863467 0.158234 0.0291354 -0.0598157
internal_weight=8453 4758 3695 1607 3151 2883
internal_count=8453 4758 3695 1607 3151 2883
is_linear=0
shrinkage=0.03


Tree=53
num_leaves=7
num_cat=0
split_feature=1 1 28 1 28 1
split_gain=58114.5 16784.9 10289.1 3919.79 3861.75 3701.65
threshold=54.705938407302661 422.30818107086742 -0.78985027602304925 780.49585029813659 0.23341170625709126 -428.95230268919534
decision_type=2 2 2 2 2 2
left_child=2 4 5 -3 -2 -1
right_child=1 3 -4 -5 -6 -7
leaf_value=-0.22782583766575756 -0.0089164081745894651 0.12812361656232543 -0.045374926823899139 0.25263119582420968 0.059937761989440612 -0.11719979400186362
leaf_weight=375 1250 1241 2330 291 1755 1156
leaf_count=375 1250 1241 2330 291 1755 1156
internal_value=3.9828e-05 0.0727689 -0.0853901 0.153259 0.0313617 -0.145599
internal_weight=8398 4537 3861 1532 3005 1531
internal_count=8398 4537 3861 1532 3005 1531
is_linear=0
shrinkage=0.03


Tree=54
num_leaves=7
num_cat=0
split_feature=29 29 29 1 15 29
split_gain=55972.2 18397.3 8557.14 4447.3 2793.01 1746.16
threshold=0.66907997211363901 -0.8305080219216644 2.0114643151311804 -462.3252624652672 -0.73809957184852615 1.0901818433269259
decision_type=2 2 2 2 2 2
left_child=1 3 5 -1 -3 -2
right_child=2 4 -4 -5 -6 -7
leaf_value=-0.22200140906029878 0.052101506558019095 -0.076640070819346401 0.21097299204989267 -0.10691361105866667 -0.0067062226404712589 0.10673968303175289
leaf_weight=396 1012 599 586 1406 3310 1175
leaf_count=396 1012 599 586 1406 3310 1175
internal_value=-0.000587066 -0.0542669 0.109764 -0.13329 -0.0175908 0.081809
internal_weight=8484 5711 2773 1802 3909 2187
internal_count=8484 5711 2773 1802 3909 2187
is_linear=0
shrinkage=0.03


Tree=55
num_leaves=7
num_cat=0
split_feature=29 29 29 29 23 13
split_gain=56539 15522.9 8575.27 4676.12 2222.56 2047.86
threshold=-0.090423878954469974 1.1099226174110834 -1.489325372893014 2.8181725707147933 -0.55175247554782059 14.004725394402064
decision_type=2 2 2 2 2 8
left_child=2 5 -1 4 -3 -2
right_child=1 3 -4 -5 -6 -7
leaf_value=-0.18072384726607993 0.017247726874908154 0.028307658088942096 -0.066634422601067819 0.29209121252757952 0.13491043579765341 0.097325625376174257
leaf_weight=747 2758 209 2865 156 1360 312
leaf_count=747 2758 209 2865 156 1360 312
internal_value=-0.00116283 0.0663048 -0.0906631 0.138048 0.12098 0.0256755
internal_weight=8407 4795 3612 1725 1569 3070
internal_count=8407 4795 3612 1725 1569 3070
is_linear=0
shrinkage=0.03


Tree=56
num_leaves=7
num_cat=0
split_feature=29 29 1 1 29 29
split_gain=57898.5 13626 12855.6 2908.94 2832.69 2508.8
threshold=0.33708133304938109 -1.0130348414713757 573.87692084080425 257.7800808193852 -2.4110196849497232 -0.2534724643379303
decision_type=2 2 2 2 2 2
left_child=1 4 3 -2 -1 -3
right_child=2 5 -4 -5 -6 -7
leaf_value=-0.25915528529872545 0.023675076397423576 -0.058629500401041909 0.19928844838633061 0.086534657011460847 -0.12656282471129227 -0.0074772989316390145
leaf_weight=169 1097 1766 784 1702 1250 1685
leaf_count=169 1097 1766 784 1702 1250 1685
internal_value=0.00117366 -0.0661184 0.0925663 0.0620704 -0.144057 -0.0337475
internal_weight=8453 4870 3583 2799 1419 3451
internal_count=8453 4870 3583 2799 1419 3451
is_linear=0
shrinkage=0.03


Tree=57
num_leaves=7
num_cat=0
split_feature=29 29 29 1 15 29
split_gain=57261.9 15376.6 10436.7 4180.93 2594.9 1925.11
threshold=0.60772031880855737 -0.63843946984805178 2.0114643151311804 -462.3252624652672 0.11984785017418735 -0.066224701292260033
decision_type=2 2 2 2 2 2
left_child=1 3 4 -1 -2 -3
right_child=2 5 -4 -5 -6 -7
leaf_value=-0.20779956954302051 -0.0023199450891943428 -0.041547529602156297 0.21733776410738254 -0.098468529247054862 0.090018109756981921 0.004160830461061903
leaf_weight=388 317 1502 604 1808 1982 1833
leaf_count=388 317 1502 604 1808 1982 1833
internal_value=-0.000576579 -0.0571867 0.107107 -0.11864 0.0773311 -0.0164877
internal_weight=8434 5531 2903 2196 2299 3335
internal_count=8434 5531 2903 2196 2299 3335
is_linear=0
shrinkage=0.03


Tree=58
num_leaves=7
num_cat=0
split_feature=29 29 29 29 29 1
split_gain=51875.2 14913.9 8766.26 4968.22 2088.83 1911.2
threshold=-0.066224701292260033 1.9327252490140101 -1.2628674695833793 0.66907997211363901 -2.4110196849497232 -55.075415465188136
decision_type=2 2 2 2 2 2
left_child=2 3 4 -2 -1 -4
right_child=1 -3 5 -5 -6 -7
leaf_value=-0.2557787987606866 0.012042019576717378 0.19719449004656717 -0.074783417075171721 0.078349868045982304 -0.13492896680941069 -0.0233978641146892
leaf_weight=165 2018 674 1570 2049 850 1130
leaf_count=165 2018 674 1570 2049 850 1130
internal_value=0.00177097 0.0674857 -0.0820487 0.0455589 -0.156878 -0.0534433
internal_weight=8456 4741 3715 4067 1015 2700
internal_count=8456 4741 3715 4067 1015 2700
is_linear=0
shrinkage=0.03


Tree=59
num_leaves=7
num_cat=0
split_feature=29 29 29 29 29 15
split_gain=52810.7 14951.9 8190.98 3860.7 3622.51 1814.07
threshold=0.60772031880855737 -1.0503179018524118 2.0114643151311804 -0.21727814488232647 -2.4110196849497232 0.11984785017418735
decision_type=2 2 2 2 2 2
left_child=1 4 5 -3 -1 -2
right_child=2 3 -4 -5 -6 -7
leaf_value=-0.26096564414953516 0.012390016920344136 -0.056003517729550957 0.20254083224609004 0.0015598428427478685 -0.1179792165042631 0.088743498998929762
leaf_weight=187 330 1950 598 2254 1174 1982
leaf_count=187 330 1950 598 2254 1174 1982
internal_value=0.000801585 -0.0533333 0.104156 -0.0252101 -0.139386 0.0779456
internal_weight=8475 5565 2910 4204 1361 2312
internal_count=8475 5565 2910 4204 1361 2312
is_linear=0
shrinkage=0.03


Tree=60
num_leaves=7
num_cat=0
split_feature=28 10 10 7 25 22
split_gain=49651.1 9927.73 9754.01 3739.28 2442.75 1995.48
threshold=0.21396931082361825 1.1277922590664919 -0.95375544434204229 2.4283638559134997 -0.18908064933809623 -0.3225945204005311
decision_type=2 2 2 2 2 2
left_child=2 -2 -1 -3 5 -4
right_child=1 3 4 -5 -6 -7
leaf_value=-0.14301922520883062 0.04378652673385873 0.12371316223394024 -0.0054351077979919579 0.2767246144043945 -0.011831846321470302 -0.079585921793023831
leaf_weight=1166 2642 1105 416 167 1391 1537
leaf_count=1166 2642 1105 416 167 1391 1537
internal_value=-0.000848886 0.0772279 -0.0686287 0.145804 -0.0423408 -0.0638995
internal_weight=8424 3914 4510 1272 3344 1953
internal_count=8424 3914 4510 1272 3344 1953
is_linear=0
shrinkage=0.03


Tree=61
num_leaves=7
num_cat=0
split_feature=29 29 1 15 15 9
split_gain=45996.8 12026.1 10244.6 4621.97 2332.38 2066.54
threshold=0.3104712682130697 2.0114643151311804 -462.3252624652672 -0.65852778258736111 0.41925733909581808 0.49614338653253248
decision_type=2 2 2 2 2 2
left_child=2 4 -1 -4 -2 -5
right_child=1 -3 3 5 -6 -7
leaf_value=-0.20315833236559896 0.020169528337306852 0.20280254859604901 -0.088114896262499354 -0.032733021608105914 0.075581952003507646 0.046077179224325943
leaf_weight=401 1044 603 1528 2508 2023 331
leaf_count=401 1044 603 1528 2508 2023 331
internal_value=0.00159879 0.0813138 -0.0598008 -0.0462029 0.0568465 -0.023415
internal_weight=8438 3670 4768 4367 3067 2839
internal_count=8438 3670 4768 4367 3067 2839
is_linear=0
shrinkage=0.03


Tree=62
num_leaves=7
num_cat=0
split_feature=29 29 29 29 22 28
split_gain=44593.6 12451.4 9662.48 2953.82 2080.4 2037.39
threshold=0.56990314805314468 -0.63843946984805178 2.0114643151311804 -2.4110196849497232 -0.2298473069445183 0.094855638932108202
decision_type=2 2 2 2 2 2
left_child=1 3 -2 -1 -5 -3
right_child=2 5 -4 4 -6 -7
leaf_value=-0.22572359905874029 0.06820916025830033 -0.032253602641428306 0.20357960314427395 -0.047529057107449049 -0.11380632523613798 0.015267434895363441
leaf_weight=160 2442 1827 586 647 1377 1447
leaf_count=160 2442 1827 586 647 1377 1447
internal_value=0.00283994 -0.048364 0.0949909 -0.103669 -0.0929577 -0.0112683
internal_weight=8486 5458 3028 2184 2024 3274
internal_count=8486 5458 3028 2184 2024 3274
is_linear=0
shrinkage=0.03


Tree=63
num_leaves=7
num_cat=0
split_feature=29 1 29 10 29 29
split_gain=46013.8 12315.7 8748.26 3165.89 3042.77 2755.34
threshold=0.59505668524625832 -198.15354773872926 1.5875866626339077 -1.3810114865588721 -0.066224701292260033 2.8181725707147933
decision_type=2 2 2 2 2 2
left_child=1 3 -2 -1 -3 -4
right_child=2 4 5 -5 -6 -7
leaf_value=-0.19199658877512413 0.05650313952634501 -0.047677144780058557 0.1403752120566551 -0.095019699394864612 0.0055321411025242165 0.27690000347290816
leaf_weight=424 1925 2076 853 1188 1800 168
leaf_count=424 1925 2076 853 1188 1800 168
internal_value=-0.000809555 -0.0521283 0.0946433 -0.121554 -0.0230163 0.165307
internal_weight=8434 5488 2946 1612 3876 1021
internal_count=8434 5488 2946 1612 3876 1021
is_linear=0
shrinkage=0.03


Tree=64
num_leaves=7
num_cat=0
split_feature=29 1 29 1 12 29
split_gain=42469.8 12869.3 8638.72 3428.15 2983.1 2699.25
threshold=0.56990314805314468 -198.15354773872926 1.5875866626339077 -462.3252624652672 -0.60643726272227438 2.9769761283130731
decision_type=2 2 2 2 2 2
left_child=1 3 -2 -1 -3 -4
right_child=2 4 5 -5 -6 -7
leaf_value=-0.19708453047660088 0.053355126342122958 -0.069582229380492494 0.13859827367401584 -0.094200205228405082 -0.005216266919958897 0.28557908146952588
leaf_weight=393 2016 821 895 1244 2952 134
leaf_count=393 2016 821 895 1244 2952 134
internal_value=0.00045207 -0.0499678 0.0899026 -0.119947 -0.0193691 0.160303
internal_weight=8455 5410 3045 1637 3773 1029
internal_count=8455 5410 3045 1637 3773 1029
is_linear=0
shrinkage=0.03


Tree=65
num_leaves=7
num_cat=0
split_feature=1 1 25 28 28 1
split_gain=39532 12776.1 7663.27 3642.17 2933.09 2215.23
threshold=54.705938407302661 573.87692084080425 -1.4659172695607436 0.98990784500405071 -0.020781957087498932 823.3784385102457
decision_type=2 2 2 2 2 2
left_child=2 3 -1 -2 -4 -3
right_child=1 5 4 -5 -6 -7
leaf_value=-0.16391992555489837 0.017158147955834462 0.13182978077949398 -0.07198197829446798 0.081970510899239263 -0.010730152402816091 0.24877379265415123
leaf_weight=661 2718 539 2156 1089 1048 229
leaf_count=661 2718 539 2156 1089 1048 229
internal_value=-0.00100961 0.0586095 -0.0715499 0.035864 -0.0520428 0.169449
internal_weight=8440 4575 3865 3807 3204 768
internal_count=8440 4575 3865 3807 3204 768
is_linear=0
shrinkage=0.03


Tree=66
num_leaves=7
num_cat=0
split_feature=29 29 29 29 30 29
split_gain=39694.5 13725.7 6955.97 4536.59 1978.42 1901.93
threshold=-0.10052305850939734 1.0901818433269259 -1.5504643872550374 2.8181725707147933 -0.020365057559219461 -2.4110196849497232
decision_type=2 2 2 2 2 2
left_child=2 4 5 -3 -2 -1
right_child=1 3 -4 -5 -6 -7
leaf_value=-0.24892722659482716 -0.016621863628473611 0.10735756712502607 -0.053740375488076676 0.27332224200775518 0.035041284544967383 -0.12694761143790351
leaf_weight=168 953 1601 2906 160 2176 503
leaf_count=168 953 1601 2906 160 2176 503
internal_value=0.00163632 0.0571451 -0.0741957 0.123895 0.0193034 -0.160695
internal_weight=8467 4890 3577 1761 3129 671
internal_count=8467 4890 3577 1761 3129 671
is_linear=0
shrinkage=0.03


Tree=67
num_leaves=7
num_cat=0
split_feature=25 10 10 1 1 1
split_gain=38187.2 13011.1 7217.2 4760.2 2854.95 2404.44
threshold=0.64291077555396259 -0.95375544434204229 1.9293231933237291 54.705938407302661 -462.3252624652672 422.30818107086742
decision_type=2 2 2 2 2 2
left_child=1 4 5 -3 -1 -2
right_child=2 3 -4 -5 -6 -7
leaf_value=-0.21253601814061404 0.04526021563214111 -0.047622909124280945 0.21308835792243289 0.013370288312637025 -0.10277014906429258 0.10771645386586666
leaf_weight=295 1296 2582 381 2066 886 996
leaf_count=295 1296 2582 381 2066 886 996
internal_value=-0.000211144 -0.0432587 0.0934738 -0.0205414 -0.131743 0.0727509
internal_weight=8502 5829 2673 4648 1181 2292
internal_count=8502 5829 2673 4648 1181 2292
is_linear=0
shrinkage=0.03


Tree=68
num_leaves=7
num_cat=0
split_feature=29 1 29 29 28 22
split_gain=40732.8 13236.9 6398.62 3929.9 2708.26 2210.51
threshold=0.66907997211363901 -284.91001132841126 2.0114643151311804 -0.21727814488232647 -1.5660275520831231 -0.19561950973744538
decision_type=2 2 2 2 2 2
left_child=1 4 -2 -3 -1 -6
right_child=2 3 -4 -5 5 -7
leaf_value=-0.20817581052303569 0.072243827361791926 -0.050725005149781219 0.18478390273533532 0.0043421595469953457 -0.025841795820704675 -0.13864762261071434
leaf_weight=343 2147 2222 578 2440 234 496
leaf_count=343 2147 2222 578 2440 234 496
internal_value=0.00141155 -0.043956 0.0967031 -0.0219563 -0.138455 -0.103326
internal_weight=8460 5735 2725 4662 1073 730
internal_count=8460 5735 2725 4662 1073 730
is_linear=0
shrinkage=0.03


Tree=69
num_leaves=7
num_cat=0
split_feature=29 28 1 1 1 22
split_gain=36792.6 12130.3 6619.46 3687.93 2681.25 2268.68
threshold=0.59505668524625832 -0.96239734615806194 802.57073967256395 -462.3252624652672 -182.72231950210104 -0.31686468568118759
decision_type=2 2 2 2 2 2
left_child=1 3 -2 -1 5 -3
right_child=2 4 -4 -5 -6 -7
leaf_value=-0.21622389713272497 0.070399823262453573 0.029513589733692464 0.22617508070312276 -0.096092459481109407 -0.0081305300568004155 -0.089896692968215092
leaf_weight=303 2659 173 264 1032 3229 719
leaf_count=303 2659 173 264 1032 3229 719
internal_value=-0.000525189 -0.0465194 0.0851923 -0.124763 -0.0209316 -0.0666671
internal_weight=8379 5456 2923 1335 4121 892
internal_count=8379 5456 2923 1335 4121 892
is_linear=0
shrinkage=0.03


Tree=70
num_leaves=7
num_cat=0
split_feature=29 29 29 29 1 29
split_gain=34740.4 9514.04 7446.21 2507 2217.23 2172.53
threshold=0.3104712682130697 -1.1786175719824479 2.0114643151311804 -2.4110196849497232 385.03185341013938 2.9769761283130731
decision_type=2 2 2 2 2 2
left_child=1 3 4 -1 -2 -4
right_child=2 -3 5 -5 -6 -7
leaf_value=-0.23249278864230968 0.030768233461418007 -0.028541934012505692 0.13060654372878641 -0.10700100192462536 0.083133140277950976 0.27341380784996377
leaf_weight=172 1927 3581 463 972 1180 132
leaf_count=172 1927 3581 463 972 1180 132
internal_value=0.00109582 -0.0527735 0.0698082 -0.12772 0.0508587 0.166284
internal_weight=8427 4725 3702 1144 3107 595
internal_count=8427 4725 3702 1144 3107 595
is_linear=0
shrinkage=0.03


Tree=71
num_leaves=7
num_cat=0
split_feature=29 29 29 29 27 29
split_gain=32317.4 9966.05 7197.55 3093.83 2967.33 1666.55
threshold=-0.079583526732254842 1.5875866626339077 -1.5504643872550374 2.9769761283130731 0.66634585122080792 -2.4110196849497232
decision_type=2 2 2 2 2 2
left_child=2 4 5 -3 -2 -1
right_child=1 3 -4 -5 -6 -7
leaf_value=-0.2361694762708394 0.011165742857083443 0.11356009781353123 -0.046161059370780202 0.27145764541366824 0.068123671726928889 -0.12248814028943797
leaf_weight=172 2538 859 2944 128 1212 502
leaf_count=172 2538 859 2944 128 1212 502
internal_value=0.000691665 0.0522103 -0.066719 0.136555 0.0297068 -0.154527
internal_weight=8355 4737 3618 987 3750 674
internal_count=8355 4737 3618 987 3750 674
is_linear=0
shrinkage=0.03


Tree=72
num_leaves=7
num_cat=0
split_feature=1 1 29 29 12 12
split_gain=30848.8 13733.1 4500.15 4420.28 3099.64 2193.77
threshold=-44.279275030331284 400.89422768781509 -2.4110196849497232 2.8181725707147933 -0.81016721204507658 0.20288338008823967
decision_type=2 2 2 2 2 2
left_child=2 4 -1 -3 -2 -4
right_child=1 3 5 -5 -6 -7
leaf_value=-0.22583685509562493 -0.083224220963877063 0.09740908018847734 -0.080376928779159432 0.25928065034917419 0.019673056080500115 -0.010308035409432792
leaf_weight=165 274 1501 2231 165 3664 494
leaf_count=165 274 1501 2231 165 3664 494
internal_value=0.00192391 0.0429644 -0.0775315 0.114892 0.012321 -0.0677587
internal_weight=8494 5604 2890 1666 3938 2725
internal_count=8494 5604 2890 1666 3938 2725
is_linear=0
shrinkage=0.03


Tree=73
num_leaves=7
num_cat=0
split_feature=29 29 28 29 22 15
split_gain=32686.5 12911.3 6129.51 3076.51 2405.98 2276.39
threshold=-0.10052305850939734 1.5148470084613546 -0.96239734615806194 2.8181725707147933 -0.30116883746403783 -0.20398743116967652
decision_type=2 2 2 2 2 2
left_child=2 5 -1 -3 -4 -2
right_child=1 3 4 -5 -6 -7
leaf_value=-0.11890667889165607 -0.026450494282977344 0.11737128111097056 0.018029684696743702 0.25893991505277564 -0.054355129462956168 0.035345833779219446
leaf_weight=1310 643 973 534 164 1757 3047
leaf_count=1310 643 973 534 164 1757 3047
internal_value=0.000950151 0.0519354 -0.0673482 0.139871 -0.0374782 0.0245351
internal_weight=8428 4827 3601 1137 2291 3690
internal_count=8428 4827 3601 1137 2291 3690
is_linear=0
shrinkage=0.03


Tree=74
num_leaves=7
num_cat=0
split_feature=15 10 15 13 13 6
split_gain=28351.3 9509.83 7282.27 1914.96 1780.53 1765.98
threshold=0.38651676278282165 -1.0110279420313077 1.8213376752993 -2.4416085302940043 -19.587626069901422 1.5791031559788109
decision_type=2 2 2 8 8 2
left_child=1 4 5 -3 -1 -2
right_child=2 3 -4 -5 -6 -7
leaf_value=-0.23871779258536024 0.040900816113730899 -0.055690560215834975 0.17445341919794549 -0.0093207942915614697 -0.10727998319784739 0.11082687777489071
leaf_weight=103 2468 1089 495 2982 968 371
leaf_count=103 2468 1089 495 2982 968 371
internal_value=0.00125967 -0.0428934 0.0692812 -0.0218309 -0.122012 0.0503957
internal_weight=8476 5142 3334 4071 1071 2839
internal_count=8476 5142 3334 4071 1071 2839
is_linear=0
shrinkage=0.03


Tree=75
num_leaves=7
num_cat=0
split_feature=15 1 1 15 29 22
split_gain=30786.9 9791.13 8654.06 3252.79 3196.6 1571.09
threshold=0.32607355047383313 427.37093987150223 -109.02561303408753 -1.4504639578870098 2.9769761283130731 -0.15582902310542487
decision_type=2 2 2 2 2 2
left_child=2 -2 3 -1 -3 -5
right_child=1 4 -4 5 -6 -7
leaf_value=-0.16387241825186444 0.027978802707804156 0.11390365083730364 -0.014526591951855716 -0.036077116884100278 0.26973389795342728 -0.097167002681382994
leaf_weight=471 2197 1201 2853 634 130 1001
leaf_count=471 2197 1201 2853 634 130 1001
internal_value=-0.000521653 0.067114 -0.0486782 -0.094656 0.131022 -0.0738416
internal_weight=8487 3528 4959 2106 1331 1635
internal_count=8487 3528 4959 2106 1331 1635
is_linear=0
shrinkage=0.03


Tree=76
num_leaves=7
num_cat=0
split_feature=29 29 29 15 29 29
split_gain=27182.6 9595.95 5758.6 2705.2 1976.18 1627.13
threshold=-0.079583526732254842 2.0114643151311804 -1.489325372893014 -0.20398743116967652 2.9769761283130731 -2.4110196849497232
decision_type=2 2 2 2 2 2
left_child=2 3 5 -2 -3 -1
right_child=1 4 -4 -5 -6 -7
leaf_value=-0.21919807247128445 -0.026916602132322894 0.12393338421784057 -0.04209207610536763 0.040723049130898963 0.25861916293122178 -0.10844670599338993
leaf_weight=163 618 464 2929 3567 136 586
leaf_count=163 618 464 2929 3567 136 586
internal_value=-0.000117853 0.0469793 -0.0613514 0.0306943 0.158201 -0.135119
internal_weight=8463 4785 3678 4185 600 749
internal_count=8463 4785 3678 4185 600 749
is_linear=0
shrinkage=0.03


Tree=77
num_leaves=7
num_cat=0
split_feature=1 1 1 15 28 22
split_gain=29914.2 9476.56 6092.56 2715.67 2689.02 2097.75
threshold=257.7800808193852 -271.49378283378877 573.87692084080425 0.44916166163169235 -1.5660275520831231 -0.178165684965397
decision_type=2 2 2 2 2 2
left_child=1 4 3 -2 -1 -6
right_child=2 -3 -4 -5 5 -7
leaf_value=-0.17631275976486802 0.0087878798958195663 -0.013722672604900061 0.15471497279534827 0.083622883914188234 -0.0059206915565300725 -0.11044491498980009
leaf_weight=367 678 4624 831 1228 257 525
leaf_count=367 678 4624 831 1228 257 525
internal_value=0.00574611 -0.0329811 0.0872539 0.0571875 -0.109697 -0.0766021
internal_weight=8510 5773 2737 1906 1149 782
internal_count=8510 5773 2737 1906 1149 782
is_linear=0
shrinkage=0.03


Tree=78
num_leaves=7
num_cat=0
split_feature=29 29 29 10 12 30
split_gain=27152.2 7685.84 7327.59 2020.67 1496.1 1453.06
threshold=0.15930550568987611 2.0114643151311804 -1.5504643872550374 1.0312192332873713 0.74016150800329539 -0.020365057559219461
decision_type=2 2 2 2 2 2
left_child=2 3 -1 5 -4 -2
right_child=1 -3 4 -5 -6 -7
leaf_value=-0.13800457314778278 -0.007780415847276647 0.16299947400862796 -0.034297797474678378 0.082394006639492007 0.055364924510151653 0.043458245161732301
leaf_weight=661 665 561 3548 909 167 1943
leaf_count=661 665 561 3548 909 167 1943
internal_value=0.00514909 0.0607669 -0.0467016 0.0440437 -0.0301294 0.0304134
internal_weight=8454 4078 4376 3517 3715 2608
internal_count=8454 4078 4376 3517 3715 2608
is_linear=0
shrinkage=0.03


Tree=79
num_leaves=7
num_cat=0
split_feature=29 1 1 29 29 1
split_gain=30021.8 9233.34 5645.93 2341.07 2020.85 1591.15
threshold=0.66907997211363901 -284.91001132841126 823.3784385102457 -0.3853401941059667 -2.4110196849497232 400.89422768781509
decision_type=2 2 2 2 2 2
left_child=1 4 5 -3 -1 -2
right_child=2 3 -4 -5 -6 -7
leaf_value=-0.21257976568426404 0.04348487529074796 -0.045862256083741768 0.21923603964239358 -0.0020659737243961776 -0.097073948887932804 0.091407847231162812
leaf_weight=165 1217 1776 240 2856 889 1346
leaf_count=165 1217 1776 240 2856 889 1346
internal_value=0.0023311 -0.0372721 0.0825148 -0.018921 -0.116984 0.0689098
internal_weight=8489 5686 2803 4632 1054 2563
internal_count=8489 5686 2803 4632 1054 2563
is_linear=0
shrinkage=0.03


Tree=80
num_leaves=7
num_cat=0
split_feature=29 29 1 29 15 3
split_gain=27448.3 10555.7 6094.29 3990.61 1962.46 1723.58
threshold=0.66907997211363901 -0.65630196378153227 823.3784385102457 -2.4110196849497232 0.44916166163169235 -0.52284488559623787
decision_type=2 2 2 2 2 2
left_child=1 3 4 -1 -2 -3
right_child=2 5 -4 -5 -6 -7
leaf_value=-0.22401751012106735 0.016290477308995223 0.050333910729420936 0.22400150131387828 -0.07503001203954876 0.079581179664473103 -0.011836606506369298
leaf_weight=170 577 451 231 2006 1946 3093
leaf_count=170 577 451 231 2006 1946 3093
internal_value=0.00166183 -0.0357956 0.0793081 -0.0876412 0.0652283 -0.00380559
internal_weight=8474 5720 2754 2176 2523 3544
internal_count=8474 5720 2754 2176 2523 3544
is_linear=0
shrinkage=0.03


Tree=81
num_leaves=7
num_cat=0
split_feature=10 1 1 28 1 22
split_gain=25619.5 7687.84 7210.9 2265.76 1951.21 1613.7
threshold=0.34674661080106228 573.87692084080425 -202.92786600496103 -1.6363784357905427 239.19743072273255 -0.12113625505092904
decision_type=2 2 2 2 2 2
left_child=2 4 3 -1 -2 -3
right_child=1 5 -4 -5 -6 -7
leaf_value=-0.15906289114252378 0.011829932092518786 0.085268543092507781 -0.018102426040587632 -0.07381281278806362 0.064028479817278966 0.18416206209016242
leaf_weight=381 1172 257 3529 1161 1437 469
leaf_count=381 1172 257 3529 1161 1437 469
internal_value=0.000584558 0.0650561 -0.0418604 -0.0957657 0.0407148 0.150788
internal_weight=8406 3335 5071 1542 2609 726
internal_count=8406 3335 5071 1542 2609 726
is_linear=0
shrinkage=0.03


Tree=82
num_leaves=7
num_cat=0
split_feature=29 10 7 29 29 19
split_gain=23249.4 6778.8 5468.51 2304.01 1786.23 2357.27
threshold=0.66907997211363901 -0.95375544434204229 2.2606813497320686 -2.5538904661191926 -0.8305080219216644 -0.39247234278761806
decision_type=2 2 2 2 2 2
left_child=1 3 -2 -1 -3 -6
right_child=2 4 -4 -5 5 -7
leaf_value=-0.2178400520798327 0.058883761867740039 -0.056135987968806013 0.21102587050167804 -0.0820195176750977 0.091699244843156474 -0.013949923028652141
leaf_weight=122 2498 857 225 1063 191 3507
leaf_count=122 2498 857 225 1063 191 3507
internal_value=0.000142747 -0.0340977 0.0721813 -0.0977086 -0.0173714 -0.00826061
internal_weight=8463 5740 2723 1185 4555 3698
internal_count=8463 5740 2723 1185 4555 3698
is_linear=0
shrinkage=0.03


Tree=83
num_leaves=7
num_cat=0
split_feature=1 28 1 1 1 22
split_gain=24616 11367.4 3721.99 3189.54 2936.37 2592.13
threshold=400.89422768781509 -0.96239734615806194 823.3784385102457 -462.3252624652672 -55.075415465188136 -0.25774670633665897
decision_type=2 2 2 2 2 2
left_child=1 3 -2 -1 5 -3
right_child=2 4 -4 -5 -6 -7
leaf_value=-0.18793562226956431 0.085570584786953299 0.026914090918569729 0.21379295814328078 -0.075486366365858301 0.010782473384570454 -0.058147701408298828
leaf_weight=293 1443 425 236 1039 3765 1264
leaf_count=293 1443 425 236 1039 3765 1264
internal_value=0.00225708 -0.0232193 0.104753 -0.101438 -0.00396572 -0.0367113
internal_weight=8465 6786 1679 1332 5454 1689
internal_count=8465 6786 1679 1332 5454 1689
is_linear=0
shrinkage=0.03


Tree=84
num_leaves=7
num_cat=0
split_feature=29 1 29 12 24 3
split_gain=22515.6 6869 5988.79 2914.97 1774.75 1746.1
threshold=0.48742605338428396 -462.3252624652672 2.0114643151311804 -0.61788627815249997 -0.33996816118938239 -0.97771053160927612
decision_type=2 2 2 2 2 2
left_child=1 -1 4 -3 -2 -5
right_child=2 3 -4 5 -6 -7
leaf_value=-0.15661655013640241 -0.0046838556806246563 -0.067808118366248935 0.14502406920000957 0.097089736426541617 0.054127737535538428 -0.018959119991033044
leaf_weight=405 591 1281 609 111 2078 3402
leaf_count=405 591 1281 609 111 2078 3402
internal_value=-0.000648426 -0.0394465 0.0608192 -0.0292425 0.0411361 -0.0150272
internal_weight=8477 5199 3278 4794 2669 3513
internal_count=8477 5199 3278 4794 2669 3513
is_linear=0
shrinkage=0.03


Tree=85
num_leaves=7
num_cat=0
split_feature=1 10 1 13 28 24
split_gain=21258.8 7609.69 4367.4 3726.43 2127.84 1622.86
threshold=31.810717329822641 0.9275693424758612 -462.3252624652672 28.887179450510924 -0.14596010910234955 -0.27855297674068891
decision_type=2 2 2 8 2 2
left_child=2 -2 -1 5 -4 -3
right_child=1 3 4 -5 -6 -7
leaf_value=-0.14735331695852347 0.014028659940485851 0.026743266458256861 -0.060229049512694047 0.21346927318722009 -0.0083075008063324702 0.097083767535487656
leaf_weight=402 3195 435 2166 198 1060 977
leaf_count=402 3195 435 2166 198 1060 977
internal_value=-0.000422967 0.0409317 -0.0551559 0.0939037 -0.043247 0.0757542
internal_weight=8433 4805 3628 1610 3226 1412
internal_count=8433 4805 3628 1610 3226 1412
is_linear=0
shrinkage=0.03


Tree=86
num_leaves=7
num_cat=0
split_feature=1 28 29 1 15 1
split_gain=22741.4 7292.78 6424.43 2382.9 1975.35 1862.42
threshold=243.11877840826824 -1.2157898240431073 2.0114643151311804 -105.19570456729956 0.44916166163169235 -360.7848716264952
decision_type=2 2 2 2 2 2
left_child=1 5 4 -3 -2 -1
right_child=2 3 -4 -5 -6 -7
leaf_value=-0.15892948069053525 0.0075423806945182845 -0.0502071707107948 0.15576622607448956 -0.0051985506551354629 0.065997078868168663 -0.072060646486365135
leaf_weight=417 826 1602 586 3092 1409 530
leaf_count=417 826 1602 586 3092 1409 530
internal_value=-0.00130353 -0.0360707 0.0681003 -0.0206335 0.0445235 -0.111573
internal_weight=8462 5641 2821 4694 2235 947
internal_count=8462 5641 2821 4694 2235 947
is_linear=0
shrinkage=0.03


Tree=87
num_leaves=7
num_cat=0
split_feature=29 29 14 15 24 21
split_gain=20431 7181.11 5749.12 2325.28 1898.06 1831.99
threshold=0.66907997211363901 -1.3744249818097953 1.6507352198443568 -0.35104067860088439 -0.20556944756177761 0.037989913817214623
decision_type=2 2 8 2 2 2
left_child=1 -1 4 -3 -2 -5
right_child=2 3 -4 5 -6 -7
leaf_value=-0.11349200346101607 0.011266426981346431 -0.046067038755679725 0.18174619169174028 0.0017883287158955319 0.067641999105381864 -0.11513712037665148
leaf_weight=865 813 1861 326 2808 1603 116
leaf_count=865 813 1861 326 2808 1603 116
internal_value=-0.00184708 -0.0344461 0.0652055 -0.0199498 0.0487959 -0.00322691
internal_weight=8392 5650 2742 4785 2416 2924
internal_count=8392 5650 2742 4785 2416 2924
is_linear=0
shrinkage=0.03


Tree=88
num_leaves=7
num_cat=0
split_feature=15 1 1 1 28 22
split_gain=21236.5 5739.81 5679.09 2428.48 2035.04 1468.54
threshold=0.32607355047383313 -271.49378283378877 761.27316799336734 367.52818267441222 -1.5660275520831231 -0.19561950973744538
decision_type=2 2 2 2 2 2
left_child=1 4 3 -2 -1 -6
right_child=2 -3 -4 -5 5 -7
leaf_value=-0.15658823503347916 0.024720527109039308 -0.020659280903171501 0.17514645092931072 0.078470581490523994 -0.0082379178683338466 -0.097825166071390371
leaf_weight=359 1968 3808 329 1234 248 492
leaf_count=359 1968 3808 329 1234 248 492
internal_value=0.00213038 -0.0382127 0.0581444 0.0456148 -0.0983 -0.0683115
internal_weight=8438 4907 3531 3202 1099 740
internal_count=8438 4907 3531 3202 1099 740
is_linear=0
shrinkage=0.03


Tree=89
num_leaves=7
num_cat=0
split_feature=1 1 1 29 29 22
split_gain=19959.2 8081.3 3990.51 2426.92 1684.04 2392.74
threshold=372.96551429919845 -284.91001132841126 823.3784385102457 0.1372424362176575 -2.4110196849497232 -0.20546647861060044
decision_type=2 2 2 2 2 2
left_child=1 4 -2 -3 -1 -6
right_child=2 3 -4 -5 5 -7
leaf_value=-0.18410696391974177 0.071847571872938609 -0.024356040492736254 0.20458675605856724 0.015942853358430192 -0.011927755186161786 -0.11452508710944613
leaf_weight=165 1614 3177 229 2318 314 591
leaf_count=165 1614 3177 229 2318 314 591
internal_value=0.0023944 -0.0221172 0.089356 -0.00735835 -0.0971416 -0.0794472
internal_weight=8408 6565 1843 5495 1070 905
internal_count=8408 6565 1843 5495 1070 905
is_linear=0
shrinkage=0.03


Tree=90
num_leaves=7
num_cat=0
split_feature=29 29 28 27 29 22
split_gain=19301.1 8323.75 3081.54 2271.31 2146.29 2039.46
threshold=-0.2534724643379303 1.9327252490140101 -1.6363784357905427 0.57958187078741175 2.9769761283130731 -0.21388293137660588
decision_type=2 2 2 2 2 2
left_child=2 3 -1 -2 -3 -4
right_child=1 4 5 -5 -6 -7
leaf_value=-0.12529971995149278 0.0081433796742542818 0.10638120548304364 -0.0032281237437732911 0.051347198296027415 0.24139507308602332 -0.059375206200417835
leaf_weight=464 2869 509 845 1766 140 1871
leaf_count=464 2869 509 845 1766 140 1871
internal_value=0.00380241 0.038923 -0.0544943 0.0246797 0.138727 -0.0419827
internal_weight=8464 5284 3180 4635 649 2716
internal_count=8464 5284 3180 4635 649 2716
is_linear=0
shrinkage=0.03


Tree=91
num_leaves=7
num_cat=0
split_feature=29 29 29 32 40 4
split_gain=19433.9 6851.16 5130.92 2416.48 1550.32 1472.77
threshold=0.48742605338428396 -1.489325372893014 2.9769761283130731 2.0642956468971456 1.0000000180025095e-35 -0.85695159952342703
decision_type=2 2 2 2 2 2
left_child=1 -1 3 4 -2 -3
right_child=2 5 -4 -5 -6 -7
leaf_value=-0.11857519372780154 0.030438004276514885 0.052007142642076974 0.23563301360512034 0.10712911071795257 0.11910358672059074 -0.02525244659992144
leaf_weight=753 2347 225 131 539 184 4289
leaf_count=753 2347 225 131 539 184 4289
internal_value=8.86369e-06 -0.0354011 0.058202 0.0498904 0.0373272 -0.021295
internal_weight=8468 5267 3201 3070 2531 4514
internal_count=8468 5267 3201 3070 2531 4514
is_linear=0
shrinkage=0.03


Tree=92
num_leaves=7
num_cat=0
split_feature=29 1 1 9 14 25
split_gain=17291.3 7390.36 3958.53 2214.98 1810.32 1568.63
threshold=-0.2534724643379303 573.87692084080425 -462.3252624652672 0.5773079132388742 0.35633841337199451 -1.4659172695607436
decision_type=2 2 2 2 10 2
left_child=2 3 -1 -2 -5 -4
right_child=1 -3 5 4 -6 -7
leaf_value=-0.14247707952195551 0.0029929328637436411 0.11846471281401043 -0.096303647441821072 0.13562343978383451 0.035121408144994315 -0.032543081748856284
leaf_weight=400 2915 773 403 175 1396 2356
leaf_count=400 2915 773 403 175 1396 2356
internal_value=9.46007e-05 0.0333997 -0.0552811 0.018511 0.0471038 -0.0421706
internal_weight=8418 5259 3159 4486 1571 2759
internal_count=8418 5259 3159 4486 1571 2759
is_linear=0
shrinkage=0.03


Tree=93
num_leaves=7
num_cat=0
split_feature=29 29 29 29 23 15
split_gain=20219.9 5960.38 5805.76 3078.7 1724.43 1429.04
threshold=0.3104712682130697 2.9769761283130731 -1.489325372893014 1.1099226174110834 -0.39243345843312932 -0.27912002373616818
decision_type=2 2 2 2 2 2
left_child=2 3 -1 5 -5 -2
right_child=1 -3 -4 4 -6 -7
leaf_value=-0.11836868840452891 -0.049043582623467794 0.24462833444837112 -0.025577128566283181 0.012717293805382199 0.09148661593739367 0.029839335142470082
leaf_weight=707 225 132 4019 313 1310 1754
leaf_count=707 225 132 4019 313 1310 1754
internal_value=0.00151098 0.0536107 -0.0396792 0.0459528 0.0764666 0.0206694
internal_weight=8460 3734 4726 3602 1623 1979
internal_count=8460 3734 4726 3602 1623 1979
is_linear=0
shrinkage=0.03


Tree=94
num_leaves=7
num_cat=0
split_feature=29 29 10 23 15 29
split_gain=17358.4 5634.14 5019.68 1665.52 1717.21 1660.92
threshold=0.60772031880855737 -1.2628674695833793 1.9293231933237291 -0.41780164819285154 -0.029540804769689458 -2.4110196849497232
decision_type=2 2 2 2 2 2
left_child=1 5 3 -2 -5 -1
right_child=2 -3 -4 4 -6 -7
leaf_value=-0.17934280409381309 -0.0075127680972218508 -0.015167561569993462 0.16163734577528455 -0.02588867313792588 0.064745281744609515 -0.07476613465729251
leaf_weight=164 446 4490 375 203 1932 845
leaf_count=164 446 4490 375 203 1932 845
internal_value=0.00184771 -0.0296578 0.0603593 0.0450773 0.0560471 -0.0933569
internal_weight=8455 5499 2956 2581 2135 1009
internal_count=8455 5499 2956 2581 2135 1009
is_linear=0
shrinkage=0.03


Tree=95
num_leaves=7
num_cat=0
split_feature=10 7 1 1 23 30
split_gain=15391.4 5722.59 5472.14 1858.93 1808.26 1603.38
threshold=0.34674661080106228 2.4283638559134997 -271.49378283378877 235.20472619930652 -0.39243345843312932 -0.11956224899830707
decision_type=2 2 2 2 2 2
left_child=2 3 5 -2 -5 -1
right_child=1 -3 -4 4 -6 -7
leaf_value=-0.13757303895401782 0.011799158774914739 0.22045587154137983 -0.014870357745867662 -0.00060599979720229557 0.07249699317811252 -0.061405146227952373
leaf_weight=404 1179 161 3923 372 1665 708
leaf_count=404 1179 161 3923 372 1665 708
internal_value=0.00159094 0.0510564 -0.0316213 0.0419188 0.0592091 -0.0900572
internal_weight=8412 3377 5035 3216 2037 1112
internal_count=8412 3377 5035 3216 2037 1112
is_linear=0
shrinkage=0.03


Tree=96
num_leaves=7
num_cat=0
split_feature=1 12 29 29 30 29
split_gain=17119.8 7679.53 2982.5 2897.76 2449.75 1428.12
threshold=400.89422768781509 -0.61788627815249997 2.9769761283130731 -1.4367793223239558 -0.070569280036090629 -0.079583526732254842
decision_type=2 2 2 2 2 2
left_child=1 3 -2 -1 -3 -6
right_child=2 4 -4 -5 5 -7
leaf_value=-0.13282384065663688 0.072912512320197298 -0.039465608220680688 0.2218369475909405 -0.048209002473228395 -0.015798497672402986 0.021840560427229722
leaf_weight=562 1556 1276 125 1060 1412 2500
leaf_count=562 1556 1276 125 1060 1412 2500
internal_value=-0.000215071 -0.0214014 0.085233 -0.0781611 -0.00353952 0.00824945
internal_weight=8491 6810 1681 1622 5188 3912
internal_count=8491 6810 1681 1622 5188 3912
is_linear=0
shrinkage=0.03


Tree=97
num_leaves=7
num_cat=0
split_feature=13 28 29 23 29 29
split_gain=17258.9 5876.78 4191.26 2201.77 1691.93 1687.06
threshold=10.069763721737095 -0.96239734615806194 2.8181725707147933 -0.37668376010151255 1.2804942228903884 -2.6807730665302878
decision_type=8 2 2 2 2 2
left_child=1 5 3 -2 -5 -1
right_child=2 -3 -4 4 -6 -7
leaf_value=-0.19468851803378623 0.0002614298814125819 -0.0085508214182276228 0.21228805361207315 0.042857487223228734 0.10002729711401638 -0.069471171686480593
leaf_weight=100 476 4544 162 936 972 1214
leaf_count=100 476 4544 162 936 972 1214
internal_value=0.00356806 -0.0247766 0.068627 0.0580188 0.0723514 -0.0803991
internal_weight=8404 5858 2546 2384 1908 1314
internal_count=8404 5858 2546 2384 1908 1314
is_linear=0
shrinkage=0.03


Tree=98
num_leaves=7
num_cat=0
split_feature=29 6 15 19 29 30
split_gain=15277.1 5296.25 3640.32 1731.24 1524.45 1481.16
threshold=-0.035912144760886097 1.6806536245817225 -1.4206227761253978 -0.40615952954589274 2.9769761283130731 -0.067504558445503973
decision_type=2 2 2 2 2 2
left_child=2 5 -1 -4 -3 -2
right_child=1 4 3 -5 -6 -7
leaf_value=-0.10954197558569791 -0.021167198313592837 0.093849452766121458 0.028223886003420837 -0.037737810038993479 0.21605441030292286 0.033112517585936363
leaf_weight=599 512 507 404 2754 116 3521
leaf_count=599 512 507 404 2754 116 3521
internal_value=0.00264518 0.0389229 -0.0422972 -0.0292369 0.119657 0.0261863
internal_weight=8413 4656 3757 3158 623 4033
internal_count=8413 4656 3757 3158 623 4033
is_linear=0
shrinkage=0.03


Tree=99
num_leaves=7
num_cat=0
split_feature=1 1 28 16 24 22
split_gain=16109.2 5864.82 3939.83 2708.67 2495.79 2270.17
threshold=54.705938407302661 823.3784385102457 -1.6363784357905427 0.68989149219250867 -0.33262019451898772 -0.21816717164941304
decision_type=2 2 2 2 2 2
left_child=2 3 -1 -2 -5 -4
right_child=1 -3 5 4 -6 -7
leaf_value=-0.12701429071506501 0.015749623353996458 0.1867898119088455 0.0042820822267806355 -0.00097112686360535541 0.091792212333870915 -0.048770993215867198
leaf_weight=442 2982 222 1045 355 974 2356
leaf_count=442 2982 222 1045 355 974 2356
internal_value=0.00144791 0.0397154 -0.0436764 0.0317269 0.0671912 -0.032505
internal_weight=8376 4533 3843 4311 1329 3401
internal_count=8376 4533 3843 4311 1329 3401
is_linear=0
shrinkage=0.03


Tree=100
num_leaves=7
num_cat=0
split_feature=28 1 1 28 21 13
split_gain=14664.4 7258.32 2748.37 2633.55 1723.07 1625.53
threshold=-0.2483838068394012 761.27316799336734 243.11877840826824 -1.436950077805321 -0.14667619536181223 26.703765165574328
decision_type=2 2 2 2 2 8
left_child=3 2 -2 -1 -3 -4
right_child=1 4 5 -5 -6 -7
leaf_value=-0.10249445822852157 0.0028725452014370188 0.067035907326936719 0.040886270951126069 -0.03459882226624747 0.21851450676787387 0.14740927491792671
leaf_weight=651 2659 115 2234 2415 209 129
leaf_count=651 2659 115 2234 2415 209 129
internal_value=0.0029077 0.0328864 0.0238286 -0.0493014 0.168366 0.0472982
internal_weight=8412 5346 5022 3066 324 2363
internal_count=8412 5346 5022 3066 324 2363
is_linear=0
shrinkage=0.03


Tree=101
num_leaves=7
num_cat=0
split_feature=1 1 6 1 15 28
split_gain=14522.8 5057.18 4311.16 1568.75 1503.05 1321.54
threshold=257.7800808193852 -271.49378283378877 2.1223977816328072 573.87692084080425 0.070080432885376034 -0.78985027602304925
decision_type=2 2 2 2 2 2
left_child=1 5 3 -2 -3 -1
right_child=2 4 -4 -5 -6 -7
leaf_value=-0.10467887361995934 0.031139527529650275 -0.025731896839885169 0.15988454655705098 0.089603443336267019 0.008848642635124037 -0.035383732443647321
leaf_weight=752 1868 2696 324 529 1937 388
leaf_count=752 1868 2696 324 529 1937 388
internal_value=0.00163776 -0.0252897 0.0586517 0.0443607 -0.0112863 -0.081607
internal_weight=8494 5773 2721 2397 4633 1140
internal_count=8494 5773 2721 2397 4633 1140
is_linear=0
shrinkage=0.03


Tree=102
num_leaves=7
num_cat=0
split_feature=29 1 29 15 16 1
split_gain=14405.1 5156.32 3924.36 2337.96 1751.71 1724.19
threshold=0.60772031880855737 -462.3252624652672 2.9769761283130731 -0.36434377243669214 -0.23770013026668782 573.87692084080425
decision_type=2 2 2 2 2 2
left_child=1 -1 5 -3 -5 -2
right_child=2 3 -4 4 -6 -7
leaf_value=-0.13034877701798112 0.032728265191206286 -0.04258963600829177 0.20582922969545636 0.037141751214168565 -0.015923816236680124 0.088886498091171023
leaf_weight=402 2112 2268 137 753 2093 642
leaf_count=402 2112 2268 137 753 2093 642
internal_value=0.000212517 -0.0282069 0.0543469 -0.0199391 -0.00180274 0.0460938
internal_weight=8407 5516 2891 5114 2846 2754
internal_count=8407 5516 2891 5114 2846 2754
is_linear=0
shrinkage=0.03


Tree=103
num_leaves=7
num_cat=0
split_feature=1 1 15 29 35 31
split_gain=14151.1 5198.16 3353.42 2220.98 1679.52 1285.71
threshold=257.7800808193852 -198.15354773872926 1.8213376752993 -2.4110196849497232 -0.049092793696469614 -0.00084612957300387096
decision_type=2 2 2 2 2 2
left_child=1 3 4 -1 -2 -6
right_child=2 -3 -4 -5 5 -7
leaf_value=-0.17286280068956064 -0.025115315701572161 -0.0091892800266484449 0.12915297256310995 -0.059434896082482543 0.012093033492954559 0.066119228981695019
leaf_weight=168 300 4109 456 1510 564 1367
leaf_count=168 300 4109 456 1510 564 1367
internal_value=-0.00101063 -0.0274213 0.0557609 -0.071748 0.0402507 0.050483
internal_weight=8474 5787 2687 1678 2231 1931
internal_count=8474 5787 2687 1678 2231 1931
is_linear=0
shrinkage=0.03


Tree=104
num_leaves=7
num_cat=0
split_feature=29 1 1 15 22 37
split_gain=13993.7 4679.95 3496.51 2103.6 2050.74 1610.78
threshold=0.09960648004369943 761.27316799336734 -462.3252624652672 1.0812711571217981 -0.30116883746403783 3.9796379800581989
decision_type=2 2 2 2 2 2
left_child=2 3 -1 5 -4 -2
right_child=1 -3 4 -5 -6 -7
leaf_value=-0.12190983715460454 0.069379422346629749 0.14432222034292 0.0087631401319482258 0.062274329322664176 -0.042767119128996174 0.0050476680092740537
leaf_weight=407 400 332 918 1163 2814 2419
leaf_count=407 400 332 918 1163 2814 2419
internal_value=-4.32726e-05 0.0377226 -0.0394019 0.0284955 -0.0301021 0.014389
internal_weight=8453 4314 4139 3982 3732 2819
internal_count=8453 4314 4139 3982 3732 2819
is_linear=0
shrinkage=0.03


Tree=105
num_leaves=7
num_cat=0
split_feature=25 29 29 12 23 37
split_gain=12019.9 3842.13 3481.61 2189.7 1802.56 1571.1
threshold=0.68816666488275302 -2.4110196849497232 2.8181725707147933 -0.61788627815249997 -0.37668376010151255 5.1503930356556173
decision_type=2 2 2 2 2 2
left_child=1 -1 4 -3 -2 -6
right_child=2 3 -4 -5 5 -7
leaf_value=-0.16352928246259688 -0.0083418557541333569 -0.052151228046828979 0.18083336362678015 -0.0098081709835815076 0.088495277190748026 0.033045156857496573
leaf_weight=165 492 1472 168 4281 780 1150
leaf_count=165 492 1472 168 4281 780 1150
internal_value=-0.00137922 -0.024965 0.0524017 -0.020714 0.0427862 0.0557957
internal_weight=8508 5918 2590 5753 2422 1930
internal_count=8508 5918 2590 5753 2422 1930
is_linear=0
shrinkage=0.03


Tree=106
num_leaves=7
num_cat=0
split_feature=13 12 29 21 32 21
split_gain=12306.3 4269.83 3142.38 2160.74 1522.95 2150.47
threshold=10.069763721737095 -0.81016721204507658 2.9769761283130731 -0.30629875657745792 2.0642956468971456 -0.21051499092036033
decision_type=8 2 2 2 2 2
left_child=1 -1 4 -3 -2 -6
right_child=2 3 -4 -5 5 -7
leaf_value=-0.079560829492805962 0.032779540464109622 0.026268662793852857 0.19125440860646112 -0.024050929781054314 -0.0092167600347612885 0.13599527998965641
leaf_weight=1093 1967 950 130 3850 127 310
leaf_count=1093 1967 950 130 3850 127 310
internal_value=-0.00255277 -0.0263212 0.0526087 -0.0140579 0.04435 0.094532
internal_weight=8427 5893 2534 4800 2404 437
internal_count=8427 5893 2534 4800 2404 437
is_linear=0
shrinkage=0.03


Tree=107
num_leaves=7
num_cat=0
split_feature=15 6 28 32 22 30
split_gain=13084.3 4051.96 3813.84 1475.8 1333.82 1308.45
threshold=0.38651676278282165 1.8128188558664384 -1.2157898240431073 2.0642956468971456 -0.08953018625954387 -0.070569280036090629
decision_type=2 2 2 2 2 2
left_child=2 3 -1 -2 -3 -4
right_child=1 4 5 -5 -6 -7
leaf_value=-0.082566293952789943 0.025066515369349774 0.068557466599290906 -0.043026315987686969 0.090894125271113665 0.17003112082591684 -0.0057221087780481902
leaf_weight=949 2474 237 1167 343 271 3025
leaf_count=949 2474 237 1167 343 271 3025
internal_value=0.00140085 0.0476951 -0.028575 0.0333749 0.124927 -0.0161848
internal_weight=8466 3325 5141 2817 508 4192
internal_count=8466 3325 5141 2817 508 4192
is_linear=0
shrinkage=0.03


Tree=108
num_leaves=7
num_cat=0
split_feature=29 28 29 29 23 37
split_gain=11264.3 5094.15 2186.13 2118.96 1708.07 1440.51
threshold=1.1099226174110834 -0.37490061873555408 2.9769761283130731 -2.4110196849497232 -0.64214930664451797 4.9380581778699986
decision_type=2 2 2 2 2 2
left_child=1 3 4 -1 -2 -6
right_child=2 -3 -4 -5 5 -7
leaf_value=-0.14902384819776826 -0.030478532532766708 0.0048814308611061473 0.1834930829291648 -0.041247896050993112 0.11210055834600186 0.047398649912489495
leaf_weight=168 167 4004 131 2498 471 956
leaf_count=168 167 4004 131 2498 471 956
internal_value=0.00116638 -0.0165242 0.0692711 -0.048571 0.0587985 0.0693858
internal_weight=8395 6670 1725 2666 1594 1427
internal_count=8395 6670 1725 2666 1594 1427
is_linear=0
shrinkage=0.03


Tree=109
num_leaves=7
num_cat=0
split_feature=15 6 28 37 28 17
split_gain=12236.2 3943.76 2559.31 1728.3 1737.66 1287.8
threshold=-0.041207602226232924 2.1223977816328072 -1.6363784357905427 4.7749040587885982 0.88715159719506509 -0.045567247571533263
decision_type=2 2 2 2 2 2
left_child=2 3 -1 -2 5 -5
right_child=1 -3 -4 4 -6 -7
leaf_value=-0.10304253264474061 0.059727159529240362 0.13519675614216045 -0.02816744518756906 0.02804549247154161 0.04368890261618727 -0.020499520845215034
leaf_weight=463 1101 319 3270 814 1273 1210
leaf_count=463 1101 319 3270 814 1273 1210
internal_value=0.00282047 0.0349036 -0.0377046 0.0273389 0.0163752 -0.000934085
internal_weight=8450 4717 3733 4398 3297 2024
internal_count=8450 4717 3733 4398 3297 2024
is_linear=0
shrinkage=0.03


Tree=110
num_leaves=7
num_cat=0
split_feature=29 7 29 1 22 1
split_gain=10087.2 4312.76 2836.16 2467.68 1428.95 1652.97
threshold=-0.2534724643379303 2.4283638559134997 -2.4110196849497232 385.03185341013938 -0.23428831941140796 -284.91001132841126
decision_type=2 2 2 2 2 2
left_child=2 3 -1 -2 -4 -6
right_child=1 -3 4 -5 5 -7
leaf_value=-0.15552499165636155 0.010235496884341614 0.17591009526678494 5.3905069729459064e-05 0.055034867236194641 -0.087578495498558798 -0.027860302361373046
leaf_weight=167 3535 165 897 1605 585 1452
leaf_count=167 3535 165 897 1605 585 1452
internal_value=0.00423365 0.0293416 -0.0386757 0.0243041 -0.031519 -0.0453546
internal_weight=8406 5305 3101 5140 2934 2037
internal_count=8406 5305 3101 5140 2934 2037
is_linear=0
shrinkage=0.03


Tree=111
num_leaves=7
num_cat=0
split_feature=1 29 29 32 31 22
split_gain=11183.8 5533.87 2311.24 1749.78 1390.78 1330.82
threshold=-44.279275030331284 2.0114643151311804 -2.5538904661191926 1.9053805874027565 -0.015972188596493249 -0.21388293137660588
decision_type=2 2 2 2 2 2
left_child=2 3 -1 4 -2 -4
right_child=1 -3 5 -5 -6 -7
leaf_value=-0.16334378886492923 -0.016524622893849011 0.10958028435572957 -0.011061685636374705 0.060056809318966634 0.019127627752284843 -0.055962390659060772
leaf_weight=140 1477 601 876 635 2909 1875
leaf_count=140 1477 601 876 635 2909 1875
internal_value=-0.000333181 0.0243167 -0.0481873 0.0139134 0.00711134 -0.0417565
internal_weight=8513 5622 2891 5021 4386 2751
internal_count=8513 5622 2891 5021 4386 2751
is_linear=0
shrinkage=0.03


Tree=112
num_leaves=7
num_cat=0
split_feature=29 7 29 1 23 1
split_gain=11368.3 4244.97 3013.72 2062.39 1697.87 1432.39
threshold=-0.079583526732254842 2.4283638559134997 -2.4110196849497232 431.9817901543999 -0.15444357219514929 -100.82542324304028
decision_type=2 2 2 2 2 2
left_child=2 3 -1 -2 -5 -4
right_child=1 -3 5 4 -6 -7
leaf_value=-0.15874061005129927 0.010637918449651909 0.1728734175540674 -0.050127353054330734 0.0063749372891292264 0.078168729230503053 -0.011152376331746702
leaf_weight=176 3307 168 2110 443 898 1427
leaf_count=176 3307 168 2110 443 898 1427
internal_value=-0.00139351 0.0289935 -0.0407794 0.023433 0.0546744 -0.0344787
internal_weight=8529 4816 3713 4648 1341 3537
internal_count=8529 4816 3713 4648 1341 3537
is_linear=0
shrinkage=0.03


Tree=113
num_leaves=7
num_cat=0
split_feature=29 29 15 19 37 13
split_gain=9018.57 3791.86 2025.82 1358.68 1082.67 1013.93
threshold=-0.21727814488232647 2.1254277190075368 -1.4206227761253978 -0.40615952954589274 4.8481086751891054 14.004725394402064
decision_type=2 2 2 2 2 10
left_child=2 4 -1 -4 -2 -6
right_child=1 -3 3 -5 5 -7
leaf_value=-0.089382798947505102 0.039496573748118553 0.10404384595417179 0.023867100582944088 -0.036956370678370425 -0.001430879607837442 0.037945307482238858
leaf_weight=593 1255 473 379 2288 2731 740
leaf_count=593 1255 473 379 2288 2731 740
internal_value=-0.000565118 0.0239496 -0.0396145 -0.028256 0.0157306 0.00704882
internal_weight=8459 5199 3260 2667 4726 3471
internal_count=8459 5199 3260 2667 4726 3471
is_linear=0
shrinkage=0.03


Tree=114
num_leaves=7
num_cat=0
split_feature=15 1 1 15 21 1
split_gain=11471.5 4588.71 4072.26 2060.57 1422.85 1337.67
threshold=0.44916166163169235 -105.19570456729956 823.3784385102457 -1.4206227761253978 -0.20154386355763068 205.36872917689405
decision_type=2 2 2 2 2 2
left_child=1 3 5 -1 -5 -2
right_child=2 -3 -4 4 -6 -7
leaf_value=-0.11174978971614634 0.009651949638041897 -0.0015396129718833228 0.1650952966296855 0.0020262117886666172 -0.059218415364527467 0.052281341126295434
leaf_weight=493 1025 3133 235 475 1198 1891
leaf_count=493 1025 3133 235 475 1198 1891
internal_value=0.00215398 -0.0247885 0.047398 -0.0582552 -0.0419211 0.0373809
internal_weight=8450 5299 3151 2166 1673 2916
internal_count=8450 5299 3151 2166 1673 2916
is_linear=0
shrinkage=0.03


Tree=115
num_leaves=7
num_cat=0
split_feature=28 1 1 1 22 22
split_gain=9819.65 3901.11 3260.96 1499.72 1470.69 1449.92
threshold=0.082194263555786976 573.87692084080425 -462.3252624652672 -44.279275030331284 -0.12113625505092904 -0.3225945204005311
decision_type=2 2 2 2 2 2
left_child=2 -2 -1 5 -3 -4
right_child=1 4 3 -5 -6 -7
leaf_value=-0.1107881870081253 0.02228620844593187 0.039323738862447777 0.0091117379595762344 0.00058649590156084402 0.12707166215596666 -0.051107755543781608
leaf_weight=386 3548 279 462 1710 495 1575
leaf_count=386 3548 279 462 1710 495 1575
internal_value=0.00416559 0.035741 -0.0288603 -0.0201481 0.0963466 -0.0374719
internal_weight=8455 4322 4133 3747 774 2037
internal_count=8455 4322 4133 3747 774 2037
is_linear=0
shrinkage=0.03


Tree=116
num_leaves=7
num_cat=0
split_feature=15 1 1 16 28 22
split_gain=10499.6 3969.96 3108.68 1735.47 1499.32 2738.29
threshold=0.38651676278282165 -284.91001132841126 235.20472619930652 1.887478304615027 -1.5660275520831231 -0.20546647861060044
decision_type=2 2 2 2 2 2
left_child=1 4 -2 -4 -1 -6
right_child=2 -3 3 -5 5 -7
leaf_value=-0.13249127135864633 0.00096815782931342618 -0.016231881862951835 0.053100684466224811 0.16295741014077628 0.03081929281114125 -0.094783400991326761
leaf_weight=344 1246 4045 1963 132 223 482
leaf_count=344 1246 4045 1963 132 223 482
internal_value=-0.00272956 -0.0298148 0.0385329 0.0607637 -0.0815434 -0.0551784
internal_weight=8435 5094 3341 2095 1049 705
internal_count=8435 5094 3341 2095 1049 705
is_linear=0
shrinkage=0.03


Tree=117
num_leaves=7
num_cat=0
split_feature=1 28 1 9 22 1
split_gain=9376.75 4117.24 2129.86 1810.03 1560.38 1663.55
threshold=400.89422768781509 -1.2157898240431073 823.3784385102457 0.56724807357982299 -0.21816717164941304 -284.91001132841126
decision_type=2 2 2 2 2 2
left_child=1 -1 -2 4 -3 -6
right_child=2 3 -4 -5 5 -7
leaf_value=-0.074098250023211493 0.04846154447201205 0.012475559290602102 0.14566919751032506 0.026092246014503457 -0.082910645357949425 -0.018163159706234659
leaf_weight=943 1456 1308 231 1187 398 2962
leaf_count=943 1456 1308 231 1187 398 2962
internal_value=-0.000541257 -0.0162675 0.0625521 -0.00684284 -0.0152556 -0.0260559
internal_weight=8485 6798 1687 5855 4668 3360
internal_count=8485 6798 1687 5855 4668 3360
is_linear=0
shrinkage=0.03


Tree=118
num_leaves=7
num_cat=0
split_feature=13 29 29 28 32 27
split_gain=10150.3 3950.26 2357.29 1823.28 1812.26 1335.73
threshold=10.069763721737095 -2.4110196849497232 2.8181725707147933 -0.96239734615806194 2.2208433140547132 0.72840995111727713
decision_type=8 2 2 2 2 2
left_child=1 -1 4 -3 -2 -5
right_child=2 3 -4 5 -6 -7
leaf_value=-0.16193989160531511 0.030360223961776036 -0.050926968767694758 0.15757357092184382 -0.014672580655981782 0.10275470074855449 0.036840308742705552
leaf_weight=166 1997 1163 162 4070 363 500
leaf_count=166 1997 1163 162 4070 363 500
internal_value=-0.000350041 -0.0218843 0.0499064 -0.017554 0.0418821 -0.00896847
internal_weight=8421 5899 2522 5733 2360 4570
internal_count=8421 5899 2522 5733 2360 4570
is_linear=0
shrinkage=0.03


Tree=119
num_leaves=7
num_cat=0
split_feature=29 29 37 29 13 33
split_gain=8522.33 3524.59 2190.4 2103.68 1416.13 1208.15
threshold=-0.2534724643379303 2.8181725707147933 4.9732735209982879 -2.4110196849497232 14.004725394402064 0.12041855827508857
decision_type=2 2 2 2 10 2
left_child=3 2 -2 -1 -4 -5
right_child=1 -3 4 5 -6 -7
leaf_value=-0.13600266764217869 0.049038135800147556 0.15428982486079135 -0.0049122861871456055 -0.037637093400945669 0.038065174622711286 0.033125567391139123
leaf_weight=178 1529 170 2659 2766 921 228
leaf_count=178 1529 170 2659 2766 921 228
internal_value=0.000402371 0.0237417 0.0191048 -0.0383926 0.00621944 -0.032156
internal_weight=8451 5279 5109 3172 3580 2994
internal_count=8451 5279 5109 3172 3580 2994
is_linear=0
shrinkage=0.03


Tree=120
num_leaves=7
num_cat=0
split_feature=9 1 1 30 3 12
split_gain=8317.6 3867.1 2315.08 2166.17 1689.84 2467.46
threshold=0.56724807357982299 -168.30719798790298 845.79450760693578 -0.10375616691898691 -0.52284488559623787 -0.62911154842914552
decision_type=2 2 2 2 2 2
left_child=1 3 -2 -1 -3 -6
right_child=2 4 -4 -5 5 -7
leaf_value=-0.10214144644804911 0.03740211372468491 0.04003282859869231 0.14994490999976795 -0.03270132140406587 -0.077314060706765428 -0.003374842249910704
leaf_weight=622 2155 632 170 1166 455 3221
leaf_count=622 2155 632 170 1166 455 3221
internal_value=-0.00192131 -0.0203348 0.046238 -0.0572915 -0.00489905 -0.0127117
internal_weight=8421 6096 2325 1788 4308 3676
internal_count=8421 6096 2325 1788 4308 3676
is_linear=0
shrinkage=0.03


Tree=121
num_leaves=7
num_cat=0
split_feature=27 29 29 37 24 12
split_gain=7395.29 3028.75 2331.19 1306.01 1196.61 1629.38
threshold=-0.12771663772591471 2.0114643151311804 -2.4110196849497232 4.8481086751891054 -0.26440483292024791 -0.84419475513784248
decision_type=2 2 2 2 2 2
left_child=2 3 -1 -2 5 -4
right_child=1 -3 4 -5 -6 -7
leaf_value=-0.13275924818332377 0.043549938613421123 0.088390805206684617 -0.054617581687449852 0.0066767211408484857 -0.037823709635017584 0.026884647081836615
leaf_weight=185 1171 591 311 3244 2257 697
leaf_count=185 1171 591 311 3244 2257 697
internal_value=0.00190435 0.0251757 -0.0318379 0.016533 -0.0257316 0.00144912
internal_weight=8456 5006 3450 4415 3265 1008
internal_count=8456 5006 3450 4415 3265 1008
is_linear=0
shrinkage=0.03


Tree=122
num_leaves=7
num_cat=0
split_feature=28 10 12 37 21 18
split_gain=6652.67 3282.11 2258.24 1947.74 1456.88 1392.11
threshold=0.082194263555786976 2.2560064845125041 -0.81016721204507658 4.9732735209982879 -0.10609506316618224 -0.044394529110032548
decision_type=2 2 2 2 2 2
left_child=2 3 -1 5 -4 -2
right_child=1 -3 4 -5 -6 -7
leaf_value=-0.064905111922999428 -0.016101408480753299 0.14043462363896625 0.011315698783631197 0.0047903058827929142 -0.031690739596256401 0.063670713072006696
leaf_weight=1113 237 200 1159 2842 1799 1059
leaf_count=1113 237 200 1159 2842 1799 1059
internal_value=-0.00115795 0.0246643 -0.0286667 0.0187437 -0.0148587 0.0490712
internal_weight=8409 4338 4071 4138 2958 1296
internal_count=8409 4338 4071 4138 2958 1296
is_linear=0
shrinkage=0.03


Tree=123
num_leaves=7
num_cat=0
split_feature=1 1 27 37 22 15
split_gain=8537.39 4521.22 2112.38 1742.7 1478.6 1445.43
threshold=-55.075415465188136 823.3784385102457 -1.5122311015314833 4.7749040587885982 -0.2298473069445183 1.7595029348800204
decision_type=2 2 2 2 2 2
left_child=2 3 -1 -2 -4 -5
right_child=1 -3 4 5 -6 -7
leaf_value=-0.11197486343902981 0.045876213515464934 0.14728372962012584 0.0026240073488765503 0.00090145118143279289 -0.047866919310843442 0.069505717929627661
leaf_weight=339 1279 235 743 3817 1737 288
leaf_count=339 1279 235 743 3817 1737 288
internal_value=-0.00015925 0.0212083 -0.0426747 0.0154425 -0.0327902 0.00587182
internal_weight=8438 5619 2819 5384 2480 4105
internal_count=8438 5619 2819 5384 2480 4105
is_linear=0
shrinkage=0.03


Tree=124
num_leaves=7
num_cat=0
split_feature=1 1 29 24 27 12
split_gain=7237.74 3389.19 2204.44 1361.04 1806.18 1021.78
threshold=239.19743072273255 -462.3252624652672 2.8181725707147933 -0.29245954194163076 -0.099136832723806009 -0.90247788288475805
decision_type=2 2 2 2 2 2
left_child=1 -1 3 -2 -5 -3
right_child=2 5 -4 4 -6 -7
leaf_value=-0.10410911790518598 -0.0060362791177709547 -0.046754887697667724 0.14012967345684599 -0.032403052731347179 0.053735482079986512 -0.0086603147912897773
leaf_weight=397 668 731 169 243 1775 4432
leaf_count=397 668 731 169 243 1775 4432
internal_value=-0.000804323 -0.0207337 0.0379443 0.031019 0.0432544 -0.0141339
internal_weight=8415 5560 2855 2686 2018 5163
internal_count=8415 5560 2855 2686 2018 5163
is_linear=0
shrinkage=0.03


Tree=125
num_leaves=7
num_cat=0
split_feature=13 29 29 24 30 22
split_gain=6615.02 3309.99 2286.75 2013.82 1782.72 1710.92
threshold=9.9465881021851867 -2.5538904661191926 2.8181725707147933 -0.27855297674068891 -0.037072924093942972 -0.25333733282176096
decision_type=8 2 2 2 2 2
left_child=1 -1 3 -2 5 -3
right_child=2 4 -4 -5 -6 -7
leaf_value=-0.15941230281983523 -0.0094999202168005135 0.010734541882912433 0.15030026496616763 0.052549566895466852 0.004218744878089241 -0.04522239267548113
leaf_weight=127 635 678 161 1780 3296 1749
leaf_count=127 635 678 161 1780 3296 1749
internal_value=0.00398109 -0.0136609 0.0439434 0.0362624 -0.0101541 -0.0296105
internal_weight=8426 5850 2576 2415 5723 2427
internal_count=8426 5850 2576 2415 5723 2427
is_linear=0
shrinkage=0.03


Tree=126
num_leaves=7
num_cat=0
split_feature=1 12 35 1 21 17
split_gain=8177.02 4725.42 1635.33 1474.49 1397.84 1373.05
threshold=431.9817901543999 -0.61788627815249997 -0.0023846697657426835 -245.30968374678375 -0.30629875657745792 0.015540692544033211
decision_type=2 2 2 2 2 2
left_child=1 3 4 -1 5 -3
right_child=-2 2 -4 -5 -6 -7
leaf_value=-0.090156213648469097 0.065729034816030943 0.079016606952232046 0.016701527129415809 -0.03210463898322205 -0.026095013158460561 -0.028860925359532556
leaf_weight=694 1435 239 2816 935 2150 178
leaf_count=694 1435 239 2816 935 2150 178
internal_value=0.000739289 -0.0126355 0.000942438 -0.0572354 -0.016343 0.0333707
internal_weight=8447 7012 5383 1629 2567 417
internal_count=8447 7012 5383 1629 2567 417
is_linear=0
shrinkage=0.03


Tree=127
num_leaves=7
num_cat=0
split_feature=1 1 1 21 30 22
split_gain=7377.75 2603.15 1698.56 1689.15 1237.67 1029.46
threshold=58.233890555184423 823.3784385102457 -462.3252624652672 -0.060777506769233984 -0.035549229908394264 -0.32920125360325464
decision_type=2 2 2 2 2 2
left_child=2 4 -1 -3 -2 -4
right_child=1 3 5 -5 -6 -7
leaf_value=-0.087609460127802144 -0.0087536409872335554 0.023497576531324837 0.0074974867856075151 0.18527531147909326 0.029346305607172628 -0.031688388680863114
leaf_weight=402 987 101 771 138 3378 2711
leaf_count=402 987 101 771 138 3378 2711
internal_value=0.000501673 0.0261653 -0.0299085 0.120598 0.0207309 -0.0230151
internal_weight=8488 4604 3884 239 4365 3482
internal_count=8488 4604 3884 239 4365 3482
is_linear=0
shrinkage=0.03


Tree=128
num_leaves=7
num_cat=0
split_feature=12 6 35 31 19 19
split_gain=6073.75 3504.01 2467.87 1347.8 1668.21 1422.63
threshold=-0.61788627815249997 2.1223977816328072 -0.0023846697657426835 0.036056619135409043 -0.16804545947746144 0.24209140014765537
decision_type=2 2 2 2 2 2
left_child=-1 2 -2 -4 -5 -6
right_child=1 -3 3 4 5 -7
leaf_value=-0.051433823504157948 -0.014123461388376165 0.10707666444392609 0.0077035331794369005 0.12085089290866979 0.0097275096721963286 0.073704087941529356
leaf_weight=1650 2698 326 2102 212 916 468
leaf_count=1650 2698 326 2102 212 916 468
internal_value=-3.71908e-05 0.0126364 0.00766323 0.0235537 0.044251 0.0317347
internal_weight=8372 6722 6396 3698 1596 1384
internal_count=8372 6722 6396 3698 1596 1384
is_linear=0
shrinkage=0.03


Tree=129
num_leaves=7
num_cat=0
split_feature=15 1 1 34 24 30
split_gain=6131.32 3077 2378.9 1401.11 1433.41 1166.45
threshold=0.28517488255684603 823.3784385102457 -462.3252624652672 -0.0042131429344633726 -0.24457702614139168 -0.035549229908394264
decision_type=2 2 2 2 2 2
left_child=2 5 -1 4 -4 -2
right_child=1 -3 3 -5 -6 -7
leaf_value=-0.089118591830450053 -0.011677264546418724 0.13338873607538096 0.004858091150757653 -0.0017203420126307909 -0.05685348458040286 0.032011190416406182
leaf_weight=406 680 236 497 2902 1044 2772
leaf_count=406 680 236 497 2902 1044 2772
internal_value=0.00166935 0.0307765 -0.0204864 -0.0140288 -0.0370474 0.0233963
internal_weight=8537 3688 4849 4443 1541 3452
internal_count=8537 3688 4849 4443 1541 3452
is_linear=0
shrinkage=0.03


Tree=130
num_leaves=7
num_cat=0
split_feature=15 10 33 31 37 14
split_gain=5643.31 2776.7 1751.35 1397.35 1359.53 1258.66
threshold=-0.26725042701132179 1.9750284562428406 0.062631549764930364 -0.20657966619995474 4.9163179057820896 -0.11745407521175882
decision_type=2 2 2 2 2 8
left_child=2 4 3 -1 5 -2
right_child=1 -3 -4 -5 -6 -7
leaf_value=-0.1145011180218566 -0.031413635839708146 0.10187709637538969 0.013144479234110225 -0.036478906542872884 0.0032191208411268416 0.048798328055125656
leaf_weight=222 198 327 595 2180 3677 1236
leaf_count=222 198 327 595 2180 3677 1236
internal_value=0.000233216 0.0184417 -0.0327571 -0.0441348 0.012915 0.0375822
internal_weight=8435 5438 2997 2402 5111 1434
internal_count=8435 5438 2997 2402 5111 1434
is_linear=0
shrinkage=0.03


Tree=131
num_leaves=7
num_cat=0
split_feature=9 1 7 24 29 1
split_gain=5892.09 2943.32 2225.49 1897.47 1626.79 986.85
threshold=0.5773079132388742 -462.3252624652672 2.4283638559134997 -0.27855297674068891 1.6076069884785051 -168.30719798790298
decision_type=2 2 2 2 2 2
left_child=1 -1 3 -2 5 -3
right_child=2 4 -4 -5 -6 -7
leaf_value=-0.09309710127416175 -0.012920004356365937 -0.03269210183282218 0.14523961271377545 0.050625148177676028 0.095856288825055119 -0.0037430519121088375
leaf_weight=388 575 1413 165 1553 121 4165
leaf_count=388 575 1413 165 1553 121 4165
internal_value=0.00123269 -0.0142109 0.0421128 0.0334747 -0.00868645 -0.0111217
internal_weight=8380 6087 2293 2128 5699 5578
internal_count=8380 6087 2293 2128 5699 5578
is_linear=0
shrinkage=0.03


Tree=132
num_leaves=7
num_cat=0
split_feature=15 29 13 1 21 34
split_gain=6351.38 3136.53 2051 1495.71 1554.68 1397.05
threshold=0.44916166163169235 -2.4110196849497232 28.887179450510924 -50.962574274871137 -0.24443525299786281 -0.0042131429344633726
decision_type=2 2 8 2 2 2
left_child=1 -1 -2 4 -3 -5
right_child=2 3 -4 5 -6 -7
leaf_value=-0.14525666758482311 0.026689488302546971 0.0067519163833266865 0.1168548400652024 -0.031716673989104077 -0.047450827043134365 0.014177443720560606
leaf_weight=164 2890 649 238 866 1756 1864
leaf_count=164 2890 649 238 866 1756 1864
internal_value=6.41142e-05 -0.0199357 0.0339004 -0.0156587 -0.0328566 -0.000443532
internal_weight=8427 5299 3128 5135 2405 2730
internal_count=8427 5299 3128 5135 2405 2730
is_linear=0
shrinkage=0.03


Tree=133
num_leaves=7
num_cat=0
split_feature=1 1 23 28 37 32
split_gain=6110.98 3091.64 1602.47 1474.91 1317.01 1264.77
threshold=-109.02561303408753 573.87692084080425 -0.35650041697454932 -1.6363784357905427 5.7945356795747589 -2.3242651024424439
decision_type=2 2 2 2 2 2
left_child=2 5 -1 -4 -3 -2
right_child=1 4 3 -5 -6 -7
leaf_value=0.0043459718919951805 0.084622888587988346 0.10147448643278446 -0.11563393928437167 -0.042754770670036642 0.020768568964108104 0.0041384215916152331
leaf_weight=518 172 473 298 1495 302 5148
leaf_count=518 172 473 298 1495 302 5148
internal_value=-0.000644866 0.0151088 -0.0420795 -0.0554416 0.0706904 0.00689444
internal_weight=8406 6095 2311 1793 775 5320
internal_count=8406 6095 2311 1793 775 5320
is_linear=0
shrinkage=0.03


Tree=134
num_leaves=7
num_cat=0
split_feature=15 1 30 21 19 37
split_gain=5966.27 2412.52 2365.44 1564.22 1372.14 1090.87
threshold=0.44916166163169235 823.3784385102457 -0.11956224899830707 -0.035023997148965404 0.044118387705728943 6.0390628155997765
decision_type=2 2 2 2 2 2
left_child=2 5 4 -3 -1 -2
right_child=1 3 -4 -5 -6 -7
leaf_value=-0.083800098755067332 0.039403864189742718 0.033364568707105274 -0.0092419453083210732 0.19420369225723499 -0.0091042606192282757 0.0017506825444702752
leaf_weight=688 1855 101 4265 122 328 1103
leaf_count=688 1855 101 4265 122 328 1103
internal_value=0.000436266 0.0328346 -0.019104 0.125916 -0.0600095 0.0254167
internal_weight=8462 3181 5281 223 1016 2958
internal_count=8462 3181 5281 223 1016 2958
is_linear=0
shrinkage=0.03


Tree=135
num_leaves=7
num_cat=0
split_feature=30 29 1 23 18 10
split_gain=5781.31 2791.94 2644.3 1745.76 1173.15 1109.24
threshold=-0.021298029930656683 1.0901818433269259 -284.91001132841126 -0.23837192791222064 0.73802328254897709 1.9293231933237291
decision_type=2 2 2 2 2 2
left_child=2 -2 -1 5 -4 -3
right_child=1 3 4 -5 -6 -7
leaf_value=-0.081057090718020849 0.0044700349054782335 -0.026954988833721272 -0.023033084535801412 0.072915370301186444 0.053633774888343533 0.08167725423841099
leaf_weight=753 3608 318 2353 1087 185 104
leaf_count=753 3608 318 2353 1087 185 104
internal_value=-0.00109105 0.0188474 -0.0320555 0.0529678 -0.0172561 0.0010879
internal_weight=8408 5117 3291 1509 2538 422
internal_count=8408 5117 3291 1509 2538 422
is_linear=0
shrinkage=0.03


Tree=136
num_leaves=7
num_cat=0
split_feature=15 29 29 37 21 19
split_gain=5471.17 2713.57 1770.59 1434.98 1233.35 1296.72
threshold=0.7710203838862576 -2.4110196849497232 2.9769761283130731 4.6774800307930642 0.04004057092542429 -0.1399981446966157
decision_type=2 2 2 2 2 2
left_child=1 -1 -2 -3 -5 -6
right_child=2 3 -4 4 5 -7
leaf_value=-0.12908651660578171 0.032136726955741803 0.017880351913719741 0.1390093956492989 -0.014700791345627106 -0.016497930368611233 -0.13244123867663898
leaf_weight=173 2091 1173 141 4453 183 161
leaf_count=173 2091 1173 141 4453 183 161
internal_value=-0.000644231 -0.0152627 0.039478 -0.011754 -0.0190225 -0.0729705
internal_weight=8375 6143 2232 5970 4797 344
internal_count=8375 6143 2232 5970 4797 344
is_linear=0
shrinkage=0.03


Tree=137
num_leaves=7
num_cat=0
split_feature=29 7 29 36 5 25
split_gain=5271.88 2790.83 1585.85 950.168 885.963 1148.91
threshold=-0.035912144760886097 2.4283638559134997 -2.5538904661191926 1.0000000180025095e-35 -0.53645847962113857 -0.24430321727254381
decision_type=2 2 2 2 2 2
left_child=2 3 -1 -2 5 -4
right_child=1 -3 4 -5 -6 -7
leaf_value=-0.12121419032174965 0.066089339271939107 0.13959859536712368 -0.0087499669927406116 0.015013251129156595 -0.029645989984054259 0.084166156651780885
leaf_weight=135 347 170 994 4215 2534 126
leaf_count=135 347 170 994 4215 2534 126
internal_value=0.00255759 0.0236509 -0.0237783 0.0190343 -0.0198575 0.00235543
internal_weight=8521 4732 3789 4562 3654 1120
internal_count=8521 4732 3789 4562 3654 1120
is_linear=0
shrinkage=0.03


Tree=138
num_leaves=7
num_cat=0
split_feature=29 12 7 24 30 9
split_gain=5402.23 2924.5 1688.63 1663.56 1459.15 1292.25
threshold=1.2962030018053441 -0.95830739982288027 2.4283638559134997 -0.19775547292081802 -0.037072924093942972 0.5773079132388742
decision_type=2 2 2 2 2 2
left_child=1 -1 3 -2 -3 -6
right_child=2 4 -4 -5 5 -7
leaf_value=-0.060335912720451572 -0.0050477308367152468 -0.02087394916653967 0.1433673561289045 0.067279366136496127 0.00027762183459271067 0.04191215164585161
leaf_weight=864 434 2264 163 823 3104 846
leaf_count=864 434 2264 163 823 3104 846
internal_value=0.00178014 -0.00895311 0.0549686 0.0424645 -0.00172334 0.00927811
internal_weight=8498 7078 1420 1257 6214 3950
internal_count=8498 7078 1420 1257 6214 3950
is_linear=0
shrinkage=0.03


Tree=139
num_leaves=7
num_cat=0
split_feature=15 12 1 2 24 37
split_gain=4968.91 1909.14 1744.35 1522.43 1489.16 1435.34
threshold=0.44916166163169235 -0.81016721204507658 823.3784385102457 -0.92356609383777866 0.0036943100130318678 4.8713658868283671
decision_type=2 2 2 2 2 2
left_child=1 5 -2 -3 -5 -1
right_child=2 3 -4 4 -6 -7
leaf_value=0.020019783907702988 0.023134318535888578 0.061203350907360961 0.1090075043613067 -0.0037624881442214464 -0.049184919443995612 -0.067507076592447909
leaf_weight=200 2911 254 221 3121 811 945
leaf_count=200 2911 254 221 3121 811 945
internal_value=-0.000414553 -0.0180245 0.0295213 -0.00858043 -0.0132322 -0.0521776
internal_weight=8463 5331 3132 4186 3932 1145
internal_count=8463 5331 3132 4186 3932 1145
is_linear=0
shrinkage=0.03


Tree=140
num_leaves=7
num_cat=0
split_feature=28 1 1 22 37 21
split_gain=4630.82 2342.14 1525.38 1683.14 1339.12 1120.13
threshold=0.88715159719506509 -462.3252624652672 823.3784385102457 -0.021279637747367786 4.6774800307930642 0.04004057092542429
decision_type=2 2 2 2 2 2
left_child=1 -1 -2 -4 -3 -6
right_child=2 4 3 -5 5 -7
leaf_value=-0.081225660393755991 0.030855106650173172 0.021248937432410228 0.025004327221880708 0.19512714951446183 -0.010188310546577935 -0.065673570621825786
leaf_weight=402 1795 1181 103 104 4478 344
leaf_count=402 1795 1181 103 104 4478 344
internal_value=0.000431553 -0.0120235 0.0401409 0.11553 -0.00726195 -0.0142743
internal_weight=8407 6405 2002 207 6003 4822
internal_count=8407 6405 2002 207 6003 4822
is_linear=0
shrinkage=0.03


Tree=141
num_leaves=7
num_cat=0
split_feature=3 30 37 8 9 33
split_gain=4315.25 2620.54 1835.44 1560.19 1237.33 1249.13
threshold=0.94945570014357827 -0.1262971716442475 5.310736838221497 -0.843192945500299 -0.076716170948066209 0.011393567040614798
decision_type=2 2 2 2 2 2
left_child=1 3 4 -1 -3 -6
right_child=-2 2 -4 -5 5 -7
leaf_value=-0.12021201210966796 0.059647377947540964 -0.0052156695593268427 -0.010688468702872636 -0.030462308242003425 0.06658332179322661 0.0080992171287667669
leaf_weight=219 1009 844 4199 780 746 587
leaf_count=219 1009 844 4199 780 746 587
internal_value=0.00177712 -0.00621036 0.000897319 -0.0511336 0.0231907 0.0410813
internal_weight=8384 7375 6376 999 2177 1333
internal_count=8384 7375 6376 999 2177 1333
is_linear=0
shrinkage=0.03


Tree=142
num_leaves=7
num_cat=0
split_feature=9 25 23 18 12 12
split_gain=4467.88 2352.43 1655.25 1397.71 2107.48 1092.08
threshold=0.5773079132388742 -1.4659172695607436 -0.028465023885172327 0.75008562349105434 1.3806617136061037 1.3291382533632989
decision_type=2 2 2 2 2 2
left_child=1 -1 3 4 -2 -5
right_child=2 -3 -4 5 -6 -7
leaf_value=-0.066263149872062388 0.014645795648356302 -0.0062942836714543968 0.067480041801365229 0.01050466961564793 -0.10583394665856123 0.10931689851038968
leaf_weight=650 823 5480 911 197 145 201
leaf_count=650 823 5480 911 197 145 201
internal_value=0.000581661 -0.0127507 0.036373 0.0152878 -0.00429889 0.0618636
internal_weight=8407 6130 2277 1366 968 398
internal_count=8407 6130 2277 1366 968 398
is_linear=0
shrinkage=0.03


Tree=143
num_leaves=7
num_cat=0
split_feature=1 1 26 15 9 29
split_gain=5026.94 2062.2 1681.79 1383.89 1304.83 1257.85
threshold=367.52818267441222 -55.075415465188136 -0.24824933562593976 1.6787357953225539 1.2258881255388852 -2.6807730665302878
decision_type=2 2 2 2 2 2
left_child=1 5 -3 4 -2 -1
right_child=3 2 -4 -5 -6 -7
leaf_value=-0.12876387542799897 0.041596240289970526 0.038650370457391024 -0.0080255796619569421 0.087526473167055155 -0.03677626760848858 -0.026574810596734319
leaf_weight=104 1146 904 2887 489 221 2652
leaf_count=104 1146 904 2887 489 221 2652
internal_value=0.00117922 -0.0111857 0.00317715 0.0446225 0.0287509 -0.0308826
internal_weight=8403 6547 3791 1856 1367 2756
internal_count=8403 6547 3791 1856 1367 2756
is_linear=0
shrinkage=0.03


Tree=144
num_leaves=7
num_cat=0
split_feature=15 15 29 33 27 17
split_gain=4098.5 1595.53 1413.7 903.364 847.887 1268.81
threshold=0.44916166163169235 -1.6586962420114981 2.8181725707147933 -0.046032387058801777 -0.45575458384999995 -0.65808957759368525
decision_type=2 2 2 2 2 2
left_child=1 3 -2 -1 -3 -6
right_child=2 4 -4 -5 5 -7
leaf_value=-0.01427257573037791 0.021726141704337031 -0.028573658957376576 0.11378761546229416 -0.10700794865692409 0.054234727070895286 -0.0089656315448048279
leaf_weight=153 2970 1762 149 253 308 2823
leaf_count=153 2970 1762 149 253 308 2823
internal_value=-0.000761616 -0.016812 0.0264737 -0.073244 -0.0119897 -0.00259567
internal_weight=8418 5299 3119 406 4893 3131
internal_count=8418 5299 3119 406 4893 3131
is_linear=0
shrinkage=0.03


Tree=145
num_leaves=7
num_cat=0
split_feature=13 31 1 22 15 24
split_gain=4798.25 2086.07 1629.86 1933.67 1752.86 1538.22
threshold=10.069763721737095 -0.25872291820661059 -284.91001132841126 -0.17441468061303836 -1.4504639578870098 -0.20925341406821921
decision_type=8 2 2 2 2 2
left_child=1 -1 3 4 -3 -2
right_child=5 2 -4 -5 -6 -7
leaf_value=-0.11450761713462168 0.0022472260420963296 -0.066419564094394437 -0.0030730392763111442 -0.080910699932525545 0.057105454581755172 0.05147979207158581
leaf_weight=169 850 170 4685 566 233 1737
leaf_count=169 850 170 4685 566 233 1737
internal_value=0.00145601 -0.0136479 -0.0104363 -0.0456419 0.00465158 0.0353746
internal_weight=8410 5823 5654 969 403 2587
internal_count=8410 5823 5654 969 403 2587
is_linear=0
shrinkage=0.03


Tree=146
num_leaves=7
num_cat=0
split_feature=27 12 35 30 33 29
split_gain=4824.7 1999.66 1578.36 1185.64 1299.07 1169.88
threshold=0.72840995111727713 -0.81016721204507658 -0.023029859964338765 -0.10219296092280228 0.062631549764930364 1.6076069884785051
decision_type=2 2 2 2 2 2
left_child=1 3 -2 -1 -5 -3
right_child=2 5 -4 4 -6 -7
leaf_value=-0.095332999491829482 -0.0082823064289987095 -0.011641894887315624 0.051761244238318439 -0.049796421328964953 0.044846429977767971 0.064983205233490271
leaf_weight=379 530 5095 1498 624 156 176
leaf_count=379 530 5095 1498 624 156 176
internal_value=-0.00412995 -0.0168565 0.0361057 -0.0523618 -0.0305398 -0.00896516
internal_weight=8458 6430 2028 1159 780 5271
internal_count=8458 6430 2028 1159 780 5271
is_linear=0
shrinkage=0.03


Tree=147
num_leaves=7
num_cat=0
split_feature=13 25 23 2 17 18
split_gain=3977.27 1889.44 1761.63 1308.18 1238.94 1102.09
threshold=10.069763721737095 -2.1882339342266142 -0.51557041221000288 1.2467348121390087 0.46704554744704041 0.71416192776948295
decision_type=8 2 2 2 2 2
left_child=1 -1 4 -4 -2 -3
right_child=2 5 3 -5 -6 -7
leaf_value=-0.10580804873692808 0.050813533563792583 -0.013194736134748867 0.02714643862378022 0.081341369219124313 -0.06604258377645307 0.077286208156316025
leaf_weight=187 110 5583 1634 530 252 114
leaf_count=187 110 5583 1634 530 252 114
internal_value=-0.000915832 -0.0144314 0.0304998 0.0407328 -0.0301224 -0.0112519
internal_weight=8410 5884 2526 2164 362 5697
internal_count=8410 5884 2526 2164 362 5697
is_linear=0
shrinkage=0.03


Tree=148
num_leaves=7
num_cat=0
split_feature=1 18 24 1 23 5
split_gain=3870.52 2263.55 1735.97 1712.6 1942.15 1568.43
threshold=-130.07171984789269 0.85507102516804612 0.12077146914492533 406.04529902068651 -0.23837192791222064 -0.9293987750624314
decision_type=2 2 2 2 2 2
left_child=-1 2 3 5 -5 -2
right_child=1 -3 -4 4 -6 -7
leaf_value=-0.033589883637657469 0.082013949934779742 0.070660170962457816 -0.061364617270334466 -0.025649215495410625 0.064898231598357739 -0.0016621748005473068
leaf_weight=2160 202 546 304 274 883 4106
leaf_count=2160 202 546 304 274 883 4106
internal_value=0.000983348 0.0128433 0.00725847 0.0111809 0.0434188 0.00244221
internal_weight=8475 6315 5769 5465 1157 4308
internal_count=8475 6315 5769 5465 1157 4308
is_linear=0
shrinkage=0.03


Tree=149
num_leaves=7
num_cat=0
split_feature=15 25 9 24 24 22
split_gain=4495.01 1770.77 1441.76 1113.76 1097.44 1036.77
threshold=-0.26725042701132179 -2.1882339342266142 0.55779594173111613 -0.27855297674068891 0.0046206130052057247 0.067969723660461709
decision_type=2 2 2 2 2 2
left_child=1 -1 -2 -4 -5 -6
right_child=2 -3 3 4 5 -7
leaf_value=-0.1128196772454783 0.0027604924378840439 -0.023294266194640152 -0.00025785187890069091 0.06677564989865184 -0.0037147969312482433 0.086096046832483883
leaf_weight=205 3193 2844 619 986 514 139
leaf_count=205 3193 2844 619 986 514 139
internal_value=-0.000548542 -0.0296627 0.0157608 0.0340512 0.0469317 0.0164129
internal_weight=8500 3049 5451 2258 1639 653
internal_count=8500 3049 5451 2258 1639 653
is_linear=0
shrinkage=0.03


Tree=150
num_leaves=7
num_cat=0
split_feature=12 1 36 35 35 21
split_gain=3539.53 2032.42 1207.31 954.946 954.552 939.705
threshold=-0.61788627815249997 573.87692084080425 4.4716224665663962 -0.073241146031048907 -0.21876702937162498 -0.067600322960600603
decision_type=2 2 2 2 2 2
left_child=2 -2 3 -1 -4 -3
right_child=1 5 4 -5 -6 -7
leaf_value=-0.035803018511357636 0.0034083164693970366 0.020161203516696237 -0.1209870350556448 0.068373737230020409 -0.041868720648182249 0.087242942553055577
leaf_weight=155 5978 370 150 143 1209 389
leaf_count=155 5978 370 150 143 1209 389
internal_value=-0.000352454 0.00931973 -0.0394974 0.0147847 -0.0514214 0.0552291
internal_weight=8394 6737 1657 298 1359 759
internal_count=8394 6737 1657 298 1359 759
is_linear=0
shrinkage=0.03


Tree=151
num_leaves=7
num_cat=0
split_feature=12 29 35 35 32 19
split_gain=3850.92 2579.86 1449.19 1139.3 1379.17 897.676
threshold=-0.61788627815249997 2.8181725707147933 -0.0010332781456458609 -0.076398405597225244 1.2450918717274786 -0.43922193949618432
decision_type=2 2 2 2 2 2
left_child=3 2 5 -1 -5 -2
right_child=1 -3 -4 4 -6 -7
leaf_value=-0.069997545985950038 0.069982255818843847 0.12493146054703613 0.019589835117127575 -0.0064543614195806251 -0.11831937630860401 -0.012307201016732603
leaf_weight=668 115 164 3937 880 102 2665
leaf_count=668 115 164 3937 880 102 2665
internal_value=0.000987084 0.0108671 0.00790056 -0.0400328 -0.0191493 -0.00866451
internal_weight=8531 6881 6717 1650 982 2780
internal_count=8531 6881 6717 1650 982 2780
is_linear=0
shrinkage=0.03


Tree=152
num_leaves=7
num_cat=0
split_feature=9 16 32 21 16 36
split_gain=2915.99 1612.18 1497.75 1256.5 1091.86 915.635
threshold=0.54830993659903993 -1.4148460785564176 2.2208433140547132 -0.21442997426631483 1.6454665125574797 2.249904835165133
decision_type=2 2 2 2 2 2
left_child=1 -1 4 -4 -2 -3
right_child=2 5 3 -5 -6 -7
leaf_value=-0.092977551819992732 0.0095389420009976689 0.036804009168232614 0.00069218870957155477 0.10924701701496033 0.098661245328367203 -0.011968929407031164
leaf_weight=203 1828 360 138 306 123 5510
leaf_count=203 1828 360 138 306 123 5510
internal_value=-0.00082286 -0.0118782 0.027143 0.0762654 0.0156321 -0.00892024
internal_weight=8468 6073 2395 444 1951 5870
internal_count=8468 6073 2395 444 1951 5870
is_linear=0
shrinkage=0.03


Tree=153
num_leaves=7
num_cat=0
split_feature=15 6 21 8 2 22
split_gain=2721.54 1841.03 1900.21 1381.33 1072.39 1068.84
threshold=-0.30998621716345659 2.1223977816328072 0.04004057092542429 1.1273377098485371 -0.45216047678540711 -0.3225945204005311
decision_type=2 2 2 2 2 2
left_child=5 2 4 -4 -2 -1
right_child=1 -3 3 -5 -6 -7
leaf_value=0.0073803970869239259 0.056834021489109807 0.078488895831841418 -0.10131417512394893 0.02906638208099387 0.0070911937548310475 -0.035001196974783148
leaf_weight=704 418 333 229 100 4459 2188
leaf_count=704 418 333 229 100 4459 2188
internal_value=-0.0011542 0.0111588 0.00670988 -0.0619964 0.0114621 -0.0246944
internal_weight=8431 5539 5206 329 4877 2892
internal_count=8431 5539 5206 329 4877 2892
is_linear=0
shrinkage=0.03


Tree=154
num_leaves=7
num_cat=0
split_feature=15 29 21 7 3 1
split_gain=3312.01 1709.85 1243.19 1128.27 1055.52 1574.36
threshold=0.44916166163169235 -2.5538904661191926 0.030333291586450529 2.4283638559134997 -0.52284488559623787 21.614935760027041
decision_type=2 2 2 2 2 2
left_child=1 -1 4 -2 5 -3
right_child=3 2 -4 -5 -6 -7
leaf_value=-0.11598364036209535 0.018087296097647625 -0.0022886970018907086 -0.058840731623378106 0.098177697730383706 -0.016681123298190579 0.082896874100563539
leaf_weight=141 2988 877 482 158 3539 241
leaf_count=141 2988 877 482 158 3539 241
internal_value=-0.00191653 -0.0164248 -0.0134733 0.022408 -0.00866172 0.0166463
internal_weight=8426 5280 5139 3146 4657 1118
internal_count=8426 5280 5139 3146 4657 1118
is_linear=0
shrinkage=0.03


Tree=155
num_leaves=7
num_cat=0
split_feature=15 15 15 22 10 5
split_gain=3288.24 1492.39 1333.62 1258.28 1026.32 979.285
threshold=-0.26725042701132179 1.8213376752993 -1.6586962420114981 -0.30116883746403783 -0.3543520629791182 -0.53645847962113857
decision_type=2 2 2 2 2 2
left_child=2 -2 -1 4 -4 -5
right_child=1 -3 3 5 -6 -7
leaf_value=-0.073883817273046451 0.009550641451586234 0.063443276788784211 0.035608885993147696 0.0079858096544400282 -0.06325099805664075 -0.040669511058887962
leaf_weight=412 4940 501 556 495 104 1457
leaf_count=412 4940 501 556 495 104 1457
internal_value=0.000688011 0.0146203 -0.0243455 -0.0162797 0.0193194 -0.0283534
internal_weight=8465 5441 3024 2612 660 1952
internal_count=8465 5441 3024 2612 660 1952
is_linear=0
shrinkage=0.03


Tree=156
num_leaves=7
num_cat=0
split_feature=15 1 13 34 21 24
split_gain=3142.14 1908.78 1687.2 954.384 1257.75 938.639
threshold=0.44916166163169235 823.3784385102457 -19.587626069901422 -0.0040157303247984558 -0.30629875657745792 -0.29669785822961187
decision_type=2 2 8 2 2 2
left_child=2 5 -1 4 -4 -2
right_child=1 -3 3 -5 -6 -7
leaf_value=-0.12908441665981499 -0.011543898171118174 0.10789764131152682 0.018110940034564278 -0.0021146893846211378 -0.042541425318021672 0.027399534053566182
leaf_weight=102 743 217 389 3447 1380 2160
leaf_count=102 743 217 389 3447 1380 2160
internal_value=0.000187375 0.0240438 -0.0138277 -0.0113312 -0.0291772 0.0174269
internal_weight=8438 3120 5318 5216 1769 2903
internal_count=8438 3120 5318 5216 1769 2903
is_linear=0
shrinkage=0.03


Tree=157
num_leaves=7
num_cat=0
split_feature=9 13 21 35 1 1
split_gain=3228.05 2351.97 1724.06 1300.24 1431.85 1263.49
threshold=0.56724807357982299 -19.587626069901422 -0.30629875657745792 -0.04177826856925352 -271.49378283378877 802.57073967256395
decision_type=2 8 2 2 2 2
left_child=1 -1 -3 -4 -5 -2
right_child=5 2 3 4 -6 -7
leaf_value=-0.14351662974901822 0.024326997597487233 0.023639838037410175 -0.034098409730853423 -0.065693370977514667 0.0052528195281171582 0.094521416007107451
leaf_weight=105 2086 1320 1903 275 2509 252
leaf_count=105 2086 1320 1903 275 2509 252
internal_value=0.00236047 -0.00911213 -0.00652818 -0.0150566 -0.0019652 0.0322632
internal_weight=8450 6112 6007 4687 2784 2338
internal_count=8450 6112 6007 4687 2784 2338
is_linear=0
shrinkage=0.03


Tree=158
num_leaves=7
num_cat=0
split_feature=12 32 31 5 31 10
split_gain=2620.59 1861.38 1258.22 1052.1 958.97 929.849
threshold=-0.61788627815249997 1.7895743601992598 -0.15168833185932762 -0.78596854262050353 0.07536311371565875 1.893948693591454
decision_type=2 2 2 2 2 2
left_child=-1 2 -2 -4 -3 -5
right_child=1 4 3 5 -6 -7
leaf_value=-0.032032929262543634 -0.04473025342808859 0.028276360099226891 0.073777066776393979 0.0020762683794703046 0.092301903095096352 0.065827966273177496
leaf_weight=1638 441 759 197 4890 290 205
leaf_count=1638 441 759 197 4890 290 205
internal_value=0.00190629 0.0101384 0.00338242 0.00746861 0.0466809 0.00476527
internal_weight=8420 6782 5733 5292 1049 5095
internal_count=8420 6782 5733 5292 1049 5095
is_linear=0
shrinkage=0.03


Tree=159
num_leaves=7
num_cat=0
split_feature=1 1 22 22 17 19
split_gain=2965.02 2012.08 1447.7 1031.17 1377.49 941.435
threshold=-198.15354773872926 573.87692084080425 -0.11867217870853226 -0.178165684965397 -0.16298338460499431 -0.40615952954589274
decision_type=2 2 2 2 2 2
left_child=3 5 -3 4 -1 -2
right_child=1 2 -4 -5 -6 -7
leaf_value=-0.026561996345996642 0.051246136823356839 8.5368670018042553e-05 0.084656490308002083 -0.054512679749762621 0.082997114071695827 0.00026999385364965915
leaf_weight=544 336 285 495 1001 117 5660
leaf_count=544 336 285 495 1001 117 5660
internal_value=0.000325723 0.00914217 0.0541477 -0.0354588 -0.00622163 0.00320713
internal_weight=8438 6776 780 1662 661 5996
internal_count=8438 6776 780 1662 661 5996
is_linear=0
shrinkage=0.03


Tree=160
num_leaves=7
num_cat=0
split_feature=9 1 21 33 24 30
split_gain=3290.28 1969.09 1362.02 1159.91 1087.57 1059.75
threshold=0.5773079132388742 -462.3252624652672 -0.11973319773724676 -0.1165524739104622 -0.17296530673374783 -0.034342103293354263
decision_type=2 2 2 2 2 2
left_child=1 -1 3 -3 -2 -4
right_child=4 2 5 -5 -6 -7
leaf_value=-0.075413048983477865 0.0027432547153311503 0.076509794772364373 -0.040334957803424915 0.0032582661997343052 0.045242046616643376 -0.0062990965746211472
leaf_weight=407 864 205 1350 2057 1450 2098
leaf_count=407 864 205 1350 2057 1450 2098
internal_value=-0.000941339 -0.0124689 -0.00785832 0.0102044 0.029454 -0.0197033
internal_weight=8431 6117 5710 2262 2314 3448
internal_count=8431 6117 5710 2262 2314 3448
is_linear=0
shrinkage=0.03


Tree=161
num_leaves=7
num_cat=0
split_feature=18 13 1 23 21 34
split_gain=2656.22 1960.28 1299.5 1350.74 1016.03 1067.88
threshold=1.2402894170566632 -19.587626069901422 367.52818267441222 -0.52762736528581045 -0.12805502086407233 -0.0030642047348386765
decision_type=2 8 2 2 2 2
left_child=1 -1 4 -4 -3 -6
right_child=-2 2 3 -5 5 -7
leaf_value=-0.12238105648678951 0.13278759484283079 0.010389168010895752 -0.050339682172868667 0.033762820119118048 -0.034261137452167641 -0.0019538880866093533
leaf_weight=106 128 2538 184 1565 1452 2491
leaf_count=106 128 2538 184 1565 1452 2491
internal_value=0.00224619 8.50088e-05 0.00180894 0.0246791 -0.00439144 -0.0139075
internal_weight=8464 8336 8230 1749 6481 3943
internal_count=8464 8336 8230 1749 6481 3943
is_linear=0
shrinkage=0.03


Tree=162
num_leaves=7
num_cat=0
split_feature=9 1 1 21 17 23
split_gain=3147.44 1792.03 1078.48 1213.25 952.953 1192.66
threshold=0.56724807357982299 -462.3252624652672 802.57073967256395 -0.07261617193365795 0.52035359338129206 -0.48254855470361652
decision_type=2 2 2 2 2 2
left_child=1 -1 4 -4 -2 -6
right_child=2 -3 3 -5 5 -7
leaf_value=-0.074017065456751643 0.047076809321502773 -0.0078175979642474847 0.0090508742277559482 0.14444622147517899 -0.057628738056918427 0.01845217762525081
leaf_weight=384 806 5651 104 134 213 1093
leaf_count=384 806 5651 104 134 213 1093
internal_value=-0.000675387 -0.0121453 0.0287069 0.0880325 0.0216382 0.00570026
internal_weight=8385 6035 2350 238 2112 1306
internal_count=8385 6035 2350 238 2112 1306
is_linear=0
shrinkage=0.03


Tree=163
num_leaves=7
num_cat=0
split_feature=13 30 21 7 32 35
split_gain=3012.69 1432.36 1079.99 917.068 912.559 1028.58
threshold=14.1583787332859 -0.044720037365491488 -0.4884697552316592 2.4283638559134997 -0.49637492225301 -0.2087552242424475
decision_type=8 2 2 2 2 2
left_child=1 4 -2 -4 5 -1
right_child=2 -3 3 -5 -6 -7
leaf_value=-0.11827693574547027 -0.020970956792708911 0.0024937183502673483 0.038320838358262194 0.1191722440905869 -0.01146612694246199 -0.03452670147373102
leaf_weight=151 243 4220 1284 134 1543 837
leaf_count=151 243 4220 1284 134 1543 837
internal_value=0.000700207 -0.00821553 0.0367698 0.0467423 -0.0260109 -0.0483835
internal_weight=8412 6751 1661 1418 2531 988
internal_count=8412 6751 1661 1418 2531 988
is_linear=0
shrinkage=0.03


Tree=164
num_leaves=7
num_cat=0
split_feature=29 18 23 2 29 34
split_gain=2481.72 1341.66 1410.13 1334.01 1244.79 1202.63
threshold=-0.21727814488232647 0.71416192776948295 -0.51557041221000288 -0.26046991768813849 -2.2974493358254651 -0.0040157303247984558
decision_type=2 2 2 2 2 2
left_child=4 3 -3 -2 -1 -5
right_child=1 2 -4 5 -6 -7
leaf_value=-0.088590130799760414 0.050106713301768489 -0.032360731410100436 0.066007268896821236 -0.024161573981079296 -0.013964253842140693 0.012203259673827512
leaf_weight=206 567 154 709 1164 3062 2693
leaf_count=206 567 154 709 1164 3062 2693
internal_value=0.00159366 0.014288 0.0482842 0.00756231 -0.0189242 0.00119465
internal_weight=8555 5287 863 4424 3268 3857
internal_count=8555 5287 863 4424 3268 3857
is_linear=0
shrinkage=0.03


Tree=165
num_leaves=7
num_cat=0
split_feature=27 32 22 35 27 22
split_gain=2717.21 1586.06 1339.06 903.725 847.632 945.545
threshold=-0.099136832723806009 1.7895743601992598 0.00069278623431040293 -0.088892723760159095 -1.7053575098148144 -0.18137263803758705
decision_type=2 2 2 2 2 2
left_child=4 3 -3 -2 -1 -6
right_child=1 2 -4 -5 5 -7
leaf_value=-0.073441142120892075 -0.024092643661642796 0.022827502849133451 0.097877900005737456 0.012686240017235244 0.0056781703012839533 -0.0280901110613349
leaf_weight=241 726 630 321 3283 1155 2084
leaf_count=241 726 630 321 3283 1155 2084
internal_value=4.8691e-05 0.0142959 0.0489149 0.00598248 -0.0202405 -0.0160682
internal_weight=8440 4960 951 4009 3480 3239
internal_count=8440 4960 951 4009 3480 3239
is_linear=0
shrinkage=0.03


Tree=166
num_leaves=7
num_cat=0
split_feature=12 9 23 17 24 18
split_gain=2574.83 1517.46 1541.65 1560.07 1187.28 971.071
threshold=-0.81016721204507658 0.5773079132388742 -0.34510263489931575 0.46704554744704041 -0.317474899979932 0.76495167224017335
decision_type=2 2 2 2 2 2
left_child=-1 -2 3 -3 -4 -5
right_child=1 2 4 5 -6 -7
leaf_value=-0.040349832600020889 -0.0015002762457148814 0.051790706386996642 -0.02048280140110215 -0.10107210932033403 0.051442646862620074 0.0014440413460701325
leaf_weight=1158 5037 179 234 179 1491 148
leaf_count=1158 5037 179 234 179 1491 148
internal_value=0.000999417 0.00763392 0.0281712 -0.0176086 0.041624 -0.0560073
internal_weight=8426 7268 2231 506 1725 327
internal_count=8426 7268 2231 506 1725 327
is_linear=0
shrinkage=0.03


Tree=167
num_leaves=7
num_cat=0
split_feature=31 15 24 1 12 26
split_gain=2452.53 1581.99 1442.72 1073.25 1050.73 927.612
threshold=-0.15168833185932762 0.38651676278282165 -0.27855297674068891 802.57073967256395 0.50795045872999867 0.5419374556878177
decision_type=2 2 2 2 2 2
left_child=-1 -2 5 4 -4 -3
right_child=1 2 3 -5 -6 -7
leaf_value=-0.049059807943329578 -0.0061604104977230996 0.028805055306810472 0.055369201915222821 0.10016453665861887 0.011621733461762231 -0.035128871801133089
leaf_weight=813 4435 314 762 191 1393 545
leaf_count=813 4435 314 762 191 1393 545
internal_value=0.000148937 0.0054427 0.021468 0.0336092 0.027275 -0.0116958
internal_weight=8453 7640 3205 2346 2155 859
internal_count=8453 7640 3205 2346 2155 859
is_linear=0
shrinkage=0.03


Tree=168
num_leaves=7
num_cat=0
split_feature=28 18 27 37 37 23
split_gain=2900.68 1757.77 1185.5 1832.27 1012.85 964.635
threshold=-0.96239734615806194 1.2402894170566632 0.72840995111727713 6.2643497376646673 6.9377992826203219 -0.056899672330283868
decision_type=2 2 2 2 2 2
left_child=-1 2 -2 5 -5 -4
right_child=1 -3 3 4 -6 -7
leaf_value=-0.038798194726698765 -0.0010043383418083009 0.11251840273461615 0.021242075336414801 -0.038462032482100575 0.052803695270170765 0.073146582293551504
leaf_weight=1369 5046 134 678 452 134 625
leaf_count=1369 5046 134 678 452 134 625
internal_value=0.00100839 0.00876135 0.0065974 0.0268019 -0.0170566 0.0465062
internal_weight=8438 7069 6935 1889 586 1303
internal_count=8438 7069 6935 1889 586 1303
is_linear=0
shrinkage=0.03


Tree=169
num_leaves=7
num_cat=0
split_feature=1 37 21 1 28 27
split_gain=2746.8 1840.3 1354.03 1139.48 1103.23 1317.18
threshold=385.03185341013938 3.7494348669884658 0.030333291586450529 -462.3252624652672 1.2777409715037062 1.1347592190387406
decision_type=2 2 2 2 2 2
left_child=2 -2 3 -1 -3 -6
right_child=1 4 -4 -5 5 -7
leaf_value=-0.059718924035033212 0.10206246437854531 -0.00637664950892984 -0.051235964591866405 -0.0012822656049276009 0.10267620956640185 0.017566882302370766
leaf_weight=307 283 741 601 5716 233 518
leaf_count=307 283 741 601 5716 233 518
internal_value=0.000209626 0.0332443 -0.00867928 -0.00435491 0.0195984 0.0449746
internal_weight=8399 1775 6624 6023 1492 751
internal_count=8399 1775 6624 6023 1492 751
is_linear=0
shrinkage=0.03


Tree=170
num_leaves=7
num_cat=0
split_feature=15 29 10 33 37 28
split_gain=3051.33 1387.81 1302.98 1301.72 1229.25 1184.49
threshold=-0.35104067860088439 -2.4110196849497232 1.0312192332873713 -0.099167580816181031 6.273819513894054 0.28504163208074451
decision_type=2 2 2 2 2 2
left_child=1 -1 3 5 -4 -2
right_child=2 -3 4 -5 -6 -7
leaf_value=-0.10860787581197325 0.0023587906756733037 -0.021296378909077616 0.051374945487783708 -0.0028665119908526538 -0.011321797031026665 0.099379874176390895
leaf_weight=166 227 2578 1107 3740 372 217
leaf_count=166 227 2578 1107 3740 372 217
internal_value=-0.00104554 -0.0269535 0.0115335 0.00294918 0.0356353 0.0509213
internal_weight=8407 2744 5663 4184 1479 444
internal_count=8407 2744 5663 4184 1479 444
is_linear=0
shrinkage=0.03


Tree=171
num_leaves=7
num_cat=0
split_feature=30 35 35 18 18 16
split_gain=3563.98 1737 1366.39 1248.33 1220.64 829.229
threshold=-0.037072924093942972 -0.084867476310064 -0.26366988245597461 0.73802328254897709 1.2402894170566632 -0.77490539491603638
decision_type=2 2 2 2 2 2
left_child=2 -2 -1 -4 5 -3
right_child=1 4 3 -5 -6 -7
leaf_value=-0.10899065214559177 -0.022515317235417939 0.073346769386347904 -0.026883000346746126 0.057938497057128807 0.11788915536719663 0.016009605615818129
leaf_weight=163 962 231 2561 157 106 4258
leaf_count=163 962 231 2561 157 106 4258
internal_value=-5.91887e-05 0.0139745 -0.0270826 -0.021789 0.0216462 0.0191166
internal_weight=8438 5557 2881 2718 4595 4489
internal_count=8438 5557 2881 2718 4595 4489
is_linear=0
shrinkage=0.03


Tree=172
num_leaves=7
num_cat=0
split_feature=15 30 15 19 34 33
split_gain=2104.33 1397.14 1003.19 821.346 1239.08 1231.15
threshold=0.38651676278282165 -0.019123113006181292 -2.0130816957803859 -0.21803923139535039 -0.0042131429344633726 0.10733581296331647
decision_type=2 2 2 2 2 2
left_child=2 -2 -1 -4 -5 -6
right_child=1 -3 3 4 5 -7
leaf_value=-0.07589399140614729 -0.015735013104513682 0.029939736012362491 0.010867016566511836 -0.041285751841296438 -0.011274298071001988 0.057407312407581644
leaf_weight=198 781 2554 1394 1176 2123 254
leaf_count=198 781 2554 1394 1176 2123 254
internal_value=0.00069882 0.0192284 -0.0113261 -0.00859394 -0.0162384 -0.00372541
internal_weight=8480 3335 5145 4947 3553 2377
internal_count=8480 3335 5145 4947 3553 2377
is_linear=0
shrinkage=0.03


Tree=173
num_leaves=7
num_cat=0
split_feature=1 35 18 33 33 12
split_gain=2148.93 1652.31 1274.88 944.595 1262.34 995.958
threshold=-271.49378283378877 -0.049092793696469614 1.2402894170566632 0.11467953711605121 0.0098724305889519755 1.0261885949996759
decision_type=2 2 2 2 2 2
left_child=-1 -2 3 4 -3 -6
right_child=1 2 -4 -5 5 -7
leaf_value=-0.037123706186252173 -0.016784256869767904 0.020905612586275973 0.10712193556970223 0.048239314694339959 -0.021070299815504331 0.038958843800695545
leaf_weight=1163 1968 2786 123 594 1508 288
leaf_count=1163 1968 2786 123 594 1508 288
internal_value=0.00055871 0.00663208 0.0153439 0.0129606 0.00829205 -0.0112818
internal_weight=8430 7267 5299 5176 4582 1796
internal_count=8430 7267 5299 5176 4582 1796
is_linear=0
shrinkage=0.03


Tree=174
num_leaves=7
num_cat=0
split_feature=1 12 36 18 5 21
split_gain=2537.41 1477.67 1232.85 1184.46 1174.39 1475.85
threshold=400.89422768781509 -0.90247788288475805 5.3913496380844323 0.81314705225230399 -0.78596854262050353 0.04004057092542429
decision_type=2 2 2 2 2 2
left_child=1 -1 -2 4 -3 -6
right_child=2 3 -4 -5 5 -7
leaf_value=-0.042746802121017176 0.066954990554932911 0.043476177780729965 0.01322644752870634 0.065693762474884732 -0.0051684888106923654 -0.07168765813628851
leaf_weight=961 596 400 1069 209 4889 310
leaf_count=961 596 400 1069 209 4889 310
internal_value=-0.000320866 -0.00849026 0.0327439 -0.00275839 -0.00542614 -0.00926483
internal_weight=8434 6769 1665 5808 5599 5199
internal_count=8434 6769 1665 5808 5599 5199
is_linear=0
shrinkage=0.03


Tree=175
num_leaves=7
num_cat=0
split_feature=29 18 21 12 33 7
split_gain=2321.35 1440.75 1173.84 994.19 1153.04 1047.07
threshold=-0.21727814488232647 1.2402894170566632 -0.24443525299786281 -0.84419475513784248 -0.048122459933646305 -0.2183318975194645
decision_type=2 2 2 2 2 2
left_child=2 -2 3 4 -1 -5
right_child=1 -3 -4 5 -6 -7
leaf_value=0.048455742909091298 0.0083844975080593249 0.1027728679139167 -0.032116834782228099 0.05498167620283987 -0.066355985995337721 -0.042290035998093264
leaf_weight=106 5051 140 2373 426 242 121
leaf_count=106 5051 140 2373 426 242 121
internal_value=-0.00134058 0.0111228 -0.0211114 0.00810074 -0.0310079 0.0330916
internal_weight=8459 5191 3268 895 348 547
internal_count=8459 5191 3268 895 348 547
is_linear=0
shrinkage=0.03


Tree=176
num_leaves=7
num_cat=0
split_feature=32 30 36 37 21 20
split_gain=2217.61 1793.88 995.811 884.534 910.973 774.05
threshold=1.8141622182577224 -0.1262971716442475 6.7393359271010906 4.8940944640863338 -0.052156547244064426 -0.047715332368875228
decision_type=2 2 2 2 2 2
left_child=1 -1 -3 4 -2 -5
right_child=3 2 -4 5 -6 -7
leaf_value=-0.044818770595856247 0.021315834094439785 -0.0067701291640169855 0.025163317569826666 -0.02391216973718031 0.12339334328088068 0.039903677106037386
leaf_weight=982 145 5206 1047 239 176 547
leaf_count=982 145 5206 1047 239 176 547
internal_value=-0.00127493 -0.00733963 -0.00139156 0.0380728 0.0793206 0.0204425
internal_weight=8342 7235 6253 1107 321 786
internal_count=8342 7235 6253 1107 321 786
is_linear=0
shrinkage=0.03


Tree=177
num_leaves=7
num_cat=0
split_feature=1 18 35 30 16 15
split_gain=2190.96 1692.55 1334.64 872.744 874.061 1145.94
threshold=-462.3252624652672 1.2402894170566632 -0.0023846697657426835 0.21741832496051403 -0.73111183483270592 -0.1954778906410071
decision_type=2 2 2 2 2 2
left_child=-1 2 -2 4 -4 -6
right_child=1 -3 3 -5 5 -7
leaf_value=-0.066479737057964838 -0.012201024649918086 0.11010097641751847 0.075280170789254558 0.072264923998287739 -0.021251485216299871 0.015586096370422863
leaf_weight=413 3466 122 165 200 989 3173
leaf_count=413 3466 122 165 200 989 3173
internal_value=8.56891e-05 0.00355108 0.00178923 0.0125039 0.00958136 0.00680257
internal_weight=8528 8115 7993 4527 4327 4162
internal_count=8528 8115 7993 4527 4327 4162
is_linear=0
shrinkage=0.03


Tree=178
num_leaves=7
num_cat=0
split_feature=1 37 23 23 15 26
split_gain=2099.99 1263.56 1255.72 1147.04 1015 1122.59
threshold=-44.279275030331284 4.816232960488728 -0.35650041697454932 -0.58494914810514764 1.8213376752993 -0.78167281231990249
decision_type=2 2 2 2 2 2
left_child=2 3 -1 -2 5 -3
right_child=1 4 -4 -5 -6 -7
leaf_value=0.015921551084681691 -0.049608393920059425 0.0760766516389869 -0.031199262986713328 0.044135908831353099 0.053911431357956521 -0.0048550724562336466
leaf_weight=654 121 151 2205 1279 313 3671
leaf_count=654 121 151 2205 1279 313 3671
internal_value=0.000434108 0.0112142 -0.0204024 0.0357394 0.00284444 -0.00146743
internal_weight=8394 5535 2859 1400 4135 3822
internal_count=8394 5535 2859 1400 4135 3822
is_linear=0
shrinkage=0.03


Tree=179
num_leaves=7
num_cat=0
split_feature=1 29 21 33 1 22
split_gain=2339.51 1381.66 1243.62 1330.75 1097.09 920.826
threshold=400.89422768781509 -2.5538904661191926 -0.069249868154602837 0.11467953711605121 802.57073967256395 -0.178165684965397
decision_type=2 2 2 2 2 2
left_child=1 -1 3 -2 -4 -3
right_child=2 5 4 -5 -6 -7
leaf_value=-0.10159164371726842 -0.013359822840362551 0.0070889585690091629 0.03846688952485245 0.097681335436295619 0.12897423924165685 -0.016290286799807117
leaf_weight=135 682 2353 732 103 139 4230
leaf_count=135 682 2353 732 103 139 4230
internal_value=-0.00208705 -0.00996587 0.0297434 0.00225534 0.0542107 -0.00793563
internal_weight=8374 6718 1656 785 871 6583
internal_count=8374 6718 1656 785 871 6583
is_linear=0
shrinkage=0.03


Tree=180
num_leaves=7
num_cat=0
split_feature=30 27 32 20 32 37
split_gain=2537.75 1180.46 1173.05 948.616 991.368 847.106
threshold=-0.035549229908394264 -1.038974330962692 1.9053805874027565 -0.15658108516973387 1.7895743601992598 5.0336952619030333
decision_type=2 2 2 2 2 2
left_child=1 -1 -2 5 -5 -3
right_child=2 3 -4 4 -6 -7
leaf_value=-0.058838168884297971 0.0059658583476161573 -0.04448597976907355 0.047194026464893783 -0.037886292713786296 0.027113160149019676 0.028562570734340185
leaf_weight=640 4809 173 704 1255 246 648
leaf_count=640 4809 173 704 1255 246 648
internal_value=-0.000722541 -0.0230743 0.0113065 -0.0130068 -0.0271245 0.0128198
internal_weight=8475 2962 5513 2322 1501 821
internal_count=8475 2962 5513 2322 1501 821
is_linear=0
shrinkage=0.03


Tree=181
num_leaves=7
num_cat=0
split_feature=1 29 24 19 18 37
split_gain=2122.95 1280.84 1230.9 1172.53 1220.32 1154.67
threshold=372.96551429919845 -2.5538904661191926 -0.27855297674068891 -0.40615952954589274 0.83273187984764385 6.1559185398009868
decision_type=2 2 2 2 2 2
left_child=1 -1 -2 -3 -5 -4
right_child=2 3 5 4 -6 -7
leaf_value=-0.094995386216738448 -0.013766113547299872 0.03294966435096873 0.058963194271717798 -0.011873022040476576 0.065649998229410908 -0.0050431936104990997
leaf_weight=136 443 645 1035 5652 179 333
leaf_count=136 443 645 1035 5652 179 333
internal_value=0.000776257 -0.00711333 0.0294622 -0.00512414 -0.0093849 0.0434592
internal_weight=8423 6612 1811 6476 5831 1368
internal_count=8423 6612 1811 6476 5831 1368
is_linear=0
shrinkage=0.03


Tree=182
num_leaves=7
num_cat=0
split_feature=1 22 27 32 23 37
split_gain=1762.44 1046.06 973.58 1198.51 1127.95 1255.69
threshold=573.87692084080425 -0.12113625505092904 -0.10841324183829956 -1.3704242005437237 -0.024102122286480444 4.6491756246494491
decision_type=2 2 2 2 2 2
left_child=2 -2 3 -1 -4 -6
right_child=1 -3 4 -5 5 -7
leaf_value=0.016344473005808123 -0.0010857377132694973 0.070057227685826243 -0.0048007439401772387 -0.024712474989843299 0.077292695942534392 0.012368743407987911
leaf_weight=838 294 495 2743 2619 340 1169
leaf_count=838 294 495 2743 2619 340 1169
internal_value=0.00145259 0.0438659 -0.00293953 -0.0147416 0.00666794 0.0274096
internal_weight=8498 789 7709 3457 4252 1509
internal_count=8498 789 7709 3457 4252 1509
is_linear=0
shrinkage=0.03


Tree=183
num_leaves=7
num_cat=0
split_feature=1 18 36 31 0 31
split_gain=1644.01 1427.09 1014.86 1068.95 1110.08 1070.7
threshold=-630.72411552148458 1.3200130979596716 1.0000000180025095e-35 0.027595540679749342 1.0000000180025095e-35 -0.050696431816729483
decision_type=2 2 2 2 2 2
left_child=-1 2 -2 5 -5 -4
right_child=1 -3 3 4 -6 -7
leaf_value=-0.099343879400226084 0.044756112486481106 0.1114314756143306 0.0048918402521055063 -0.047915649401747487 0.018935946962273385 -0.024584031384411002
leaf_weight=128 496 102 2412 232 2999 2039
leaf_count=128 496 102 2412 232 2999 2039
internal_value=0.00335893 0.00506453 0.0036034 0.00089158 0.0140027 -0.00863588
internal_weight=8408 8280 8178 7682 3231 4451
internal_count=8408 8280 8178 7682 3231 4451
is_linear=0
shrinkage=0.03


Tree=184
num_leaves=7
num_cat=0
split_feature=30 16 16 37 20 33
split_gain=1776.65 1058.16 1054.63 961.518 1018.93 977.889
threshold=-0.070569280036090629 0.84291227474761232 1.7886278280411945 4.9732735209982879 -0.031473727131645264 -0.10152206550328435
decision_type=2 2 2 2 2 2
left_child=1 -1 3 4 -2 -5
right_child=2 -3 -4 5 -6 -7
leaf_value=-0.030340816643048538 -0.0034107490351796151 0.048181052262613759 0.085302692055702206 0.036588180051362926 0.04190349686437226 -0.007083205309175937
leaf_weight=1921 740 159 144 514 1111 3858
leaf_count=1921 740 159 144 514 1111 3858
internal_value=-0.00013229 -0.0241366 0.0077351 0.00580621 0.0238666 -0.00187714
internal_weight=8447 2080 6367 6223 1851 4372
internal_count=8447 2080 6367 6223 1851 4372
is_linear=0
shrinkage=0.03


Tree=185
num_leaves=7
num_cat=0
split_feature=1 2 18 23 15 33
split_gain=2354.96 1447.67 1497.17 1244.21 956.254 840.435
threshold=-55.075415465188136 -0.92356609383777866 1.3200130979596716 -0.35650041697454932 -1.9276033486203981 -0.1165524739104622
decision_type=2 2 2 2 2 2
left_child=3 -2 5 -1 -5 -3
right_child=1 2 -4 4 -6 -7
leaf_value=0.012734399649787408 0.10133396445421983 0.043142614628820346 0.11623930874708535 -0.10422179038804696 -0.02880022527152137 0.0012957913679698117
leaf_weight=640 141 463 101 156 2011 4984
leaf_count=640 141 463 101 156 2011 4984
internal_value=-0.00142806 0.00966514 0.00715729 -0.0238654 -0.0346835 0.00492535
internal_weight=8496 5689 5548 2807 2167 5447
internal_count=8496 5689 5548 2807 2167 5447
is_linear=0
shrinkage=0.03


Tree=186
num_leaves=7
num_cat=0
split_feature=37 27 9 36 18 22
split_gain=2139.31 1478.85 1462.22 1360.92 1978.57 1358.25
threshold=4.8713658868283671 0.016884548400172918 0.22006997789629426 5.173316863805991 0.78026244949045065 -0.21816717164941304
decision_type=2 2 2 2 2 2
left_child=1 -1 -3 4 5 -2
right_child=3 2 -4 -5 -6 -7
leaf_value=-0.0034370609337443991 0.0064210914408167194 0.11659870280542518 0.032433283727759353 0.0011427429040053204 0.091196510725115476 -0.055195675758624434
leaf_weight=829 440 221 1030 4615 104 1171
leaf_count=829 440 221 1030 4615 104 1171
internal_value=0.00132615 0.0276465 0.0481086 -0.00735253 -0.0300871 -0.038431
internal_weight=8410 2080 1251 6330 1715 1611
internal_count=8410 2080 1251 6330 1715 1611
is_linear=0
shrinkage=0.03


Tree=187
num_leaves=7
num_cat=0
split_feature=1 1 33 34 31 16
split_gain=1717.26 1243.76 992.074 1290.78 1036.46 1000.31
threshold=-462.3252624652672 875.62082862528803 0.11467953711605121 -0.0030642047348386765 -0.27427975927965492 -0.046322847088751971
decision_type=2 2 2 2 2 2
left_child=-1 2 4 5 -2 -4
right_child=1 -3 3 -5 -6 -7
leaf_value=-0.060746780760061826 -0.08725305544413052 0.08209474400470132 -0.090197852922942148 0.060280349460091281 -0.0017496450747540872 0.021203518397586291
leaf_weight=402 120 161 100 509 6925 205
leaf_count=402 120 161 100 509 6925 205
internal_value=-0.00101324 0.0020528 0.000310816 0.0314593 -0.00332767 -0.0170254
internal_weight=8422 8020 7859 814 7045 305
internal_count=8422 8020 7859 814 7045 305
is_linear=0
shrinkage=0.03


Tree=188
num_leaves=7
num_cat=0
split_feature=35 30 16 12 8 36
split_gain=1831.92 1287.67 1010.79 915.98 903.944 1331.15
threshold=-0.084867476310064 -0.069313945424062995 -1.4148460785564176 1.8654801967737782 -0.3456071629826527 6.7062507157313762
decision_type=2 2 2 2 2 2
left_child=2 -2 -1 4 5 -3
right_child=1 3 -4 -5 -6 -7
leaf_value=-0.096129989868525084 -0.017796913536093133 0.023442960471936926 -0.016936222459152928 0.082227174195123237 0.007789617044559557 0.12018550103003123
leaf_weight=148 1249 698 1895 172 4148 149
leaf_count=148 1249 698 1895 172 4148 149
internal_value=0.00155902 0.00943906 -0.0231135 0.0160444 0.0136057 0.0416652
internal_weight=8459 6416 2043 5167 4995 847
internal_count=8459 6416 2043 5167 4995 847
is_linear=0
shrinkage=0.03


Tree=189
num_leaves=7
num_cat=0
split_feature=30 37 29 33 16 29
split_gain=1447.81 1327.35 1368.7 906.574 837.38 813.89
threshold=-0.065076050916513653 5.1328485759866682 2.1254277190075368 -0.1165524739104622 1.045089916847689 1.7849790236928633
decision_type=2 2 2 2 2 2
left_child=4 2 5 -3 -1 -2
right_child=1 3 -4 -5 -6 -7
leaf_value=-0.025422576564302482 0.023401840556337206 0.039892007828238277 0.099105620443538461 -0.0074201340414059621 0.056938522726423656 -0.056584906163738992
leaf_weight=2103 1761 394 201 3722 108 113
leaf_count=2103 1761 394 201 3722 108 113
internal_value=-0.00037788 0.00706667 0.0265688 -0.00280552 -0.0211613 0.018304
internal_weight=8402 6191 2075 4116 2211 1874
internal_count=8402 6191 2075 4116 2211 1874
is_linear=0
shrinkage=0.03


Tree=190
num_leaves=7
num_cat=0
split_feature=32 28 4 1 36 4
split_gain=2184.93 1486.23 1126.26 1043.92 913.779 959.876
threshold=1.8141622182577224 -1.2157898240431073 -0.78564461330191404 -77.435618044723455 5.5510178349084196 0.34242904295006049
decision_type=2 2 2 2 2 2
left_child=1 -1 -3 -2 -5 -6
right_child=3 2 -4 4 5 -7
leaf_value=-0.041462544619425092 -0.039717866095495137 0.057444691588025808 -0.0031550463764381852 0.080368345395404633 0.084571985035853572 -0.0028148354088887574
leaf_weight=897 126 279 6136 457 149 390
leaf_count=897 126 279 6136 457 149 390
internal_value=0.000480279 -0.00551706 -0.000434148 0.039268 0.0495557 0.0224426
internal_weight=8434 7312 6415 1122 996 539
internal_count=8434 7312 6415 1122 996 539
is_linear=0
shrinkage=0.03


Tree=191
num_leaves=7
num_cat=0
split_feature=15 21 34 6 21 22
split_gain=1723.96 950.696 954.525 883.446 871.845 847.295
threshold=0.44916166163169235 0.07272758940875719 0.0082424595539914488 -0.37591392023446507 -0.17311830820968288 0.014825898817166873
decision_type=2 2 2 2 2 2
left_child=1 2 5 -4 -5 -1
right_child=-2 -3 3 4 -6 -7
leaf_value=-0.019476295225410917 0.018955489913576151 -0.067113489551860597 0.041678419331717606 -0.054378977306294762 0.014329484150489999 0.025907552993205112
leaf_weight=3246 3122 233 606 228 542 409
leaf_count=3246 3122 233 606 228 542 409
internal_value=0.00132707 -0.00914421 -0.00633167 0.0148929 -0.00645169 -0.0143409
internal_weight=8386 5264 5031 1376 770 3655
internal_count=8386 5264 5031 1376 770 3655
is_linear=0
shrinkage=0.03


Tree=192
num_leaves=7
num_cat=0
split_feature=9 32 22 29 22 12
split_gain=1844.09 1460.92 1296.79 942.283 874.104 755.525
threshold=0.47658736340229985 -0.09217822019593129 -0.58629346553143502 -2.5538904661191926 -0.30116883746403783 -0.84419475513784248
decision_type=2 2 2 2 2 2
left_child=3 -2 -3 -1 5 -5
right_child=1 2 -4 4 -6 -7
leaf_value=-0.083136624185689553 -0.014091723714721019 -0.03090346750792252 0.045118860740306403 -0.025165067838061425 -0.01213366884958283 0.028058776337675225
leaf_weight=135 706 222 1694 305 4362 1014
leaf_count=135 706 222 1694 305 4362 1014
internal_value=0.00181407 0.0226532 0.0361957 -0.0076035 -0.00566565 0.0156548
internal_weight=8438 2622 1916 5816 5681 1319
internal_count=8438 2622 1916 5816 5681 1319
is_linear=0
shrinkage=0.03


Tree=193
num_leaves=7
num_cat=0
split_feature=10 32 22 35 4 19
split_gain=1835.75 1175.91 1052.1 974.065 1064.59 855.456
threshold=-0.95375544434204229 1.7895743601992598 -0.0086634199320306266 -0.26366988245597461 -0.14832119095028715 -0.40615952954589274
decision_type=2 2 2 2 2 2
left_child=3 5 -3 -1 -5 -2
right_child=1 2 -4 4 -6 -7
leaf_value=-0.10502866993097268 0.048135009779857636 0.0089056850224904557 0.069107045349147578 -0.010671961835876176 -0.088251175719256308 -0.0035437854873642777
leaf_weight=150 293 670 422 868 186 5926
leaf_count=150 293 670 422 868 186 5926
internal_value=-0.00164372 0.00402392 0.0325863 -0.0358087 -0.0250632 -0.00103564
internal_weight=8515 7311 1092 1204 1054 6219
internal_count=8515 7311 1092 1204 1054 6219
is_linear=0
shrinkage=0.03


Tree=194
num_leaves=7
num_cat=0
split_feature=18 36 15 20 22 41
split_gain=1411.53 1175.61 1089.03 1050.67 731.389 1528.04
threshold=1.2402894170566632 6.7393359271010906 -1.4504639578870098 0.27404523451120089 -0.0014881510651326387 1.0000000180025095e-35
decision_type=2 2 2 2 2 2
left_child=1 2 -1 -3 -4 -6
right_child=-2 3 4 -5 5 -7
leaf_value=-0.048698534623120501 0.096625075279161449 0.0061223071681662843 -0.0084579162633458254 0.061691042697922069 0.037005384435955906 -0.019224786694696124
leaf_weight=478 127 912 4663 453 1055 727
leaf_count=478 127 912 4663 453 1055 727
internal_value=0.00111557 -0.000462634 -0.00548776 0.0248783 -0.00221251 0.014086
internal_weight=8415 8288 6923 1365 6445 1782
internal_count=8415 8288 6923 1365 6445 1782
is_linear=0
shrinkage=0.03


Tree=195
num_leaves=7
num_cat=0
split_feature=27 37 1 7 32 31
split_gain=1897.3 1538.6 1092.07 1017.43 1468.65 1022.33
threshold=1.0000000180025095e-35 4.9732735209982879 823.3784385102457 1.0759740147800472 -0.57663916904358881 0.021681590596799985
decision_type=2 2 2 2 2 2
left_child=-1 2 3 4 -2 -5
right_child=1 -3 -4 5 -6 -7
leaf_value=-0.012280996823086086 -0.014459919576422365 0.0047444343632176995 0.13113862574100493 -0.052088559658476037 0.074948120041747529 0.03949177456366551
leaf_weight=3853 217 3202 106 199 648 221
leaf_count=3853 217 3202 106 199 648 221
internal_value=0.00322602 0.0162331 0.0424566 0.034185 0.0526097 -0.00410211
internal_weight=8446 4593 1391 1285 865 420
internal_count=8446 4593 1391 1285 865 420
is_linear=0
shrinkage=0.03


Tree=196
num_leaves=7
num_cat=0
split_feature=32 35 27 21 30 32
split_gain=1738.32 1353.44 1004.17 1035.29 979.953 636.548
threshold=1.8785863321841121 -0.26366988245597461 -0.29675277676566314 -0.054019645827883316 -0.0075765715656081053 2.3049054977352572
decision_type=2 2 2 2 2 2
left_child=1 -1 -2 5 -5 -4
right_child=2 -3 3 4 -6 -7
leaf_value=-0.075739493064214417 -0.039312029757226509 -0.0037400849199050114 0.057613216184281009 0.01337081169996124 0.10860474415434901 -0.013587644524846874
leaf_weight=233 134 7172 175 146 301 283
leaf_count=233 134 7172 175 146 301 283
internal_value=-0.000992161 -0.00610465 0.0351556 0.0464909 0.0784725 0.0142677
internal_weight=8444 7405 1039 905 447 458
internal_count=8444 7405 1039 905 447 458
is_linear=0
shrinkage=0.03


Tree=197
num_leaves=7
num_cat=0
split_feature=1 22 37 23 35 31
split_gain=1636.47 1220.85 989.094 1170.19 947.772 874.782
threshold=-55.075415465188136 -0.21388293137660588 4.9163179057820896 -0.67493334091553969 -0.26366988245597461 0.028535675168188935
decision_type=2 2 2 2 2 2
left_child=1 4 3 -2 -1 -4
right_child=2 -3 5 -5 -6 -7
leaf_value=-0.072016287058099246 -0.0674647788618776 -0.03518388294450471 -0.014226725022282168 0.0343950025020631 0.01777836629576408 0.013365354538261391
leaf_weight=111 100 1854 2110 1436 835 2009
leaf_count=111 100 1854 2110 1436 835 2009
internal_value=-0.00237873 -0.021094 0.00690875 0.02737 0.00659911 -0.000769195
internal_weight=8455 2800 5655 1536 946 4119
internal_count=8455 2800 5655 1536 946 4119
is_linear=0
shrinkage=0.03


Tree=198
num_leaves=7
num_cat=0
split_feature=18 31 12 2 31 17
split_gain=1757.17 1439.76 1033.06 867.124 790.093 1044.46
threshold=1.2402894170566632 -0.25872291820661059 -0.61788627815249997 -0.96709388548300701 0.038529824328096533 -0.039993264220777654
decision_type=2 2 2 2 2 2
left_child=1 -1 -3 -4 -5 -6
right_child=-2 2 3 4 5 -7
leaf_value=-0.080295869914814827 0.1143748217984295 -0.020932430242738848 0.076948082721700853 -0.003758754574607435 0.048790611544893836 0.0057264589981224764
leaf_weight=190 111 1531 143 3918 694 1822
leaf_count=190 111 1531 143 3918 694 1822
internal_value=0.000875572 -0.000778517 0.00118148 0.00635314 0.00466714 0.0177512
internal_weight=8409 8298 8108 6577 6434 2516
internal_count=8409 8298 8108 6577 6434 2516
is_linear=0
shrinkage=0.03


Tree=199
num_leaves=7
num_cat=0
split_feature=18 37 18 1 24 18
split_gain=1682.42 1343.26 1187.01 1412.66 1103.67 940.605
threshold=0.87368978992676616 4.9732735209982879 0.091604465342492239 -159.80344187995419 0.025796180271660338 -0.14292338687433903
decision_type=2 2 2 2 2 2
left_child=1 5 3 -3 -2 -1
right_child=4 2 -4 -5 -6 -7
leaf_value=-0.013484658399308142 0.026223776162397568 -0.026651104717467369 -0.028029690047823359 0.013679980800582421 0.12968150471968035 0.029717557200763758
leaf_weight=653 400 1192 2368 2225 114 1440
leaf_count=653 400 1192 2368 2225 114 1440
internal_value=-0.000848856 -0.00430582 -0.011754 -0.000425991 0.0512066 0.0162388
internal_weight=8392 7878 5785 3417 514 2093
internal_count=8392 7878 5785 3417 514 2093
is_linear=0
shrinkage=0.03


Tree=200
num_leaves=7
num_cat=0
split_feature=32 35 36 30 33 24
split_gain=1072 1003.61 998.018 872.115 918.485 823.49
threshold=1.7895743601992598 -0.088892723760159095 6.7667674199628722 -0.070569280036090629 -0.040356526200413662 -0.59119315439877429
decision_type=2 2 2 2 2 2
left_child=1 2 -1 5 -5 -3
right_child=-2 3 -4 4 -6 -7
leaf_value=-0.030339265604451215 0.026342778889216462 0.0477023065605146 0.055314717110862631 0.028307714063820641 -0.0013785451357579441 -0.031227801871368775
leaf_weight=1666 1149 126 123 1332 3113 991
leaf_count=1666 1149 126 123 1332 3113 991
internal_value=-0.000475703 -0.00469766 -0.0241755 0.00159947 0.00756089 -0.02198
internal_weight=8500 7351 1789 5562 4445 1117
internal_count=8500 7351 1789 5562 4445 1117
is_linear=0
shrinkage=0.03


Tree=201
num_leaves=7
num_cat=0
split_feature=1 35 37 12 17 12
split_gain=1526.35 1175.54 1090.14 1057.92 920.252 1073.06
threshold=573.87692084080425 0.10630430698675848 6.2643497376646673 -0.81016721204507658 0.06506930533839278 -0.55573448715420037
decision_type=2 2 2 2 2 2
left_child=1 3 4 -1 5 -3
right_child=-2 2 -4 -5 -6 -7
leaf_value=-0.036551105215645426 0.041137903140917906 0.00047963029891252514 -0.031806479316673707 -0.0032274431750219231 0.015469391954224667 0.10802824443427934
leaf_weight=1018 765 125 276 5182 819 242
leaf_count=1018 765 125 276 5182 819 242
internal_value=0.00101527 -0.00303911 0.0210702 -0.00874902 0.0335385 0.0723816
internal_weight=8427 7662 1462 6200 1186 367
internal_count=8427 7662 1462 6200 1186 367
is_linear=0
shrinkage=0.03


Tree=202
num_leaves=7
num_cat=0
split_feature=12 32 19 20 9 32
split_gain=1195.49 962.008 1233.17 1130.43 939.03 896.096
threshold=-0.81016721204507658 1.7895743601992598 -0.30618265980635817 0.032440452172095881 -0.55867061703789411 1.6164857148226157
decision_type=2 2 2 2 2 2
left_child=-1 2 3 4 -2 -4
right_child=1 -3 5 -5 -6 -7
leaf_value=-0.030036428045210038 0.055124778220539579 0.028646009026573653 -0.0036238923875984621 0.10003568963471211 -0.036642071951293584 -0.065654085551200586
leaf_weight=1149 194 1088 5493 180 188 208
leaf_count=1149 194 1088 5493 180 188 208
internal_value=-0.00171759 0.00274359 -0.00179464 0.0402047 0.0101794 -0.00599805
internal_weight=8500 7351 6263 562 382 5701
internal_count=8500 7351 6263 562 382 5701
is_linear=0
shrinkage=0.03


Tree=203
num_leaves=7
num_cat=0
split_feature=12 33 31 19 7 27
split_gain=1319.21 1163.59 1064.81 1197.54 1041.9 1271.31
threshold=-1.0641846238901704 0.11467953711605121 -0.15534930200704786 -0.57080294126295705 2.4283638559134997 1.6675730939283941
decision_type=2 2 2 2 2 2
left_child=-1 2 -2 -4 5 -5
right_child=1 -3 3 4 -6 -7
leaf_value=-0.035060406437248615 -0.034897405644515073 0.04181332691714329 0.095343961022136839 0.0063810977409748271 0.089054879461990963 -0.061917099371203217
leaf_weight=700 579 795 126 5867 121 246
leaf_count=700 579 795 126 5867 121 246
internal_value=0.00408529 0.00766904 0.00370259 0.00726592 0.00533586 0.003536
internal_weight=8434 7734 6939 6360 6234 6113
internal_count=8434 7734 6939 6360 6234 6113
is_linear=0
shrinkage=0.03


Tree=204
num_leaves=7
num_cat=0
split_feature=1 19 33 19 6 35
split_gain=1691.44 1054.47 879.64 1014.49 819.418 808.537
threshold=54.705938407302661 -0.21803923139535039 -0.12718072222237611 -0.014312508185389714 0.69434332222308848 -0.059201479280941056
decision_type=2 2 2 2 2 2
left_child=4 5 -3 -4 -1 -2
right_child=1 2 3 -5 -6 -7
leaf_value=-0.012447265441688849 -0.01441155325214402 0.060045719070239659 -0.026195281889979945 0.01117050403722231 -0.083850654094011226 0.078374826266242939
leaf_weight=3706 109 253 817 3117 141 328
leaf_count=3706 109 253 817 3117 141 328
internal_value=-0.000599113 0.0116173 0.00692368 0.00336376 -0.015275 0.0554267
internal_weight=8471 4624 4187 3934 3847 437
internal_count=8471 4624 4187 3934 3847 437
is_linear=0
shrinkage=0.03


Tree=205
num_leaves=7
num_cat=0
split_feature=30 32 12 27 35 21
split_gain=1569.13 1087.32 1139.26 905.346 969.819 885.595
threshold=-0.035549229908394264 2.2208433140547132 1.5792933122017225 1.6675730939283941 0.22197417772822106 -0.13137284270844718
decision_type=2 2 2 2 2 2
left_child=-1 2 3 4 -2 -6
right_child=1 -3 -4 -5 5 -7
leaf_value=-0.018511879226488333 -0.00026753720079604064 0.049825202258088834 0.072783975829704528 -0.079457922739083642 0.012118866146395081 0.11733473136203317
leaf_weight=2962 4377 510 199 112 180 113
leaf_count=2962 4377 510 199 112 180 113
internal_value=-0.000948735 0.00854175 0.00422341 0.00122437 0.00332502 0.0552302
internal_weight=8453 5491 4981 4782 4670 293
internal_count=8453 5491 4981 4782 4670 293
is_linear=0
shrinkage=0.03


Tree=206
num_leaves=7
num_cat=0
split_feature=32 35 19 27 21 27
split_gain=1654.22 1191.37 866.828 895.54 790.903 745.096
threshold=1.8432882981377843 -0.086480225640031452 -0.40615952954589274 -0.94690551850117932 -0.024472854465582911 -1.7053575098148144
decision_type=2 2 2 2 2 2
left_child=1 5 -3 -4 -2 -1
right_child=4 2 3 -5 -6 -7
leaf_value=-0.094480538116220161 0.012823004988439158 0.041639797655888884 -0.044203157761839883 0.0014772594026823853 0.065182627684854222 -0.021145885992512846
leaf_weight=126 660 429 411 4673 425 1705
leaf_count=126 660 429 411 4673 425 1705
internal_value=-0.000661257 -0.00578273 0.00119289 -0.00229516 0.0337405 -0.0266782
internal_weight=8429 7344 5513 5084 1085 1831
internal_count=8429 7344 5513 5084 1085 1831
is_linear=0
shrinkage=0.03


Tree=207
num_leaves=7
num_cat=0
split_feature=9 32 32 24 36 22
split_gain=1047.34 1149.89 1099.48 1080.02 1041.2 1033.27
threshold=-0.26398069298152377 1.9053805874027565 -1.3704242005437237 -0.26440483292024791 6.6100226439425702 0.00031432428760306598
decision_type=2 2 2 2 2 2
left_child=2 4 -1 -4 -2 -5
right_child=1 -3 3 5 -6 -7
leaf_value=0.013631456354414125 -0.0082883691785510024 0.036561494313128419 0.0037405060150663455 -0.059583470788277262 0.02466521784933531 -0.00222557863648291
leaf_weight=756 3641 885 636 991 1120 395
leaf_count=756 3641 885 636 991 1120 395
internal_value=-0.0020575 0.00536305 -0.0171041 -0.0286063 -0.000500763 -0.0433699
internal_weight=8424 5646 2778 2022 4761 1386
internal_count=8424 5646 2778 2022 4761 1386
is_linear=0
shrinkage=0.03


Tree=208
num_leaves=7
num_cat=0
split_feature=13 31 33 24 33 24
split_gain=1300.01 815.225 1177.32 941.663 799.748 710.958
threshold=-19.587626069901422 -0.13990580457264809 0.046733612365216615 -0.1086001500710375 -0.173721084520985 0.14217379873165628
decision_type=8 2 2 2 2 2
left_child=-1 2 -2 -4 -3 -6
right_child=1 4 3 -5 5 -7
leaf_value=-0.10100895460273908 -0.046815336698200552 0.052692394406855879 0.090946855439859281 -0.022423171130631935 0.0040442302684733332 -0.039161878240983571
leaf_weight=105 662 280 109 141 6783 351
leaf_count=105 662 280 109 141 6783 351
internal_value=-0.000832051 0.000550946 -0.0260555 0.028603 0.0038545 0.0018666
internal_weight=8431 8326 912 250 7414 7134
internal_count=8431 8326 912 250 7414 7134
is_linear=0
shrinkage=0.03


Tree=209
num_leaves=7
num_cat=0
split_feature=1 22 30 22 1 27
split_gain=1436.19 892.799 807.014 954.875 780.776 1108.24
threshold=573.87692084080425 -0.11623260863672778 -0.020365057559219461 -0.24278903316515291 823.3784385102457 1.1347592190387406
decision_type=2 2 2 2 2 2
left_child=2 -2 3 -1 5 -3
right_child=1 4 -4 -5 -6 -7
leaf_value=0.0092813372797879191 -0.0051542483798792246 0.083229533249351575 0.0039864702782888162 -0.026346772251918539 0.11720892580761574 -0.02178945414721966
leaf_weight=958 274 187 4392 2264 150 161
leaf_count=958 274 187 4392 2264 150 161
internal_value=-0.00040733 0.0383118 -0.00437825 -0.0157575 0.0618576 0.0353917
internal_weight=8386 772 7614 3222 498 348
internal_count=8386 772 7614 3222 498 348
is_linear=0
shrinkage=0.03


Tree=210
num_leaves=7
num_cat=0
split_feature=33 1 1 18 9 9
split_gain=888.863 935.02 867.743 784.325 717.514 1861.66
threshold=-0.13907372532277837 -630.72411552148458 310.41839767110486 1.2402894170566632 1.1235668625472091 0.56724807357982299
decision_type=2 2 2 2 2 2
left_child=2 -2 -1 4 5 -3
right_child=1 3 -4 -5 -6 -7
leaf_value=0.016369752434709069 -0.084037236809249849 -0.0069139106000098748 0.10504282348556444 0.070954044833779331 -0.030082590675081788 0.032385774982611255
leaf_weight=467 114 5530 118 124 742 1339
leaf_count=467 114 5530 118 124 742 1339
internal_value=0.000367636 -0.0023094 0.0357208 -0.000997924 -0.00226175 0.000782868
internal_weight=8434 7849 585 7735 7611 6869
internal_count=8434 7849 585 7735 7611 6869
is_linear=0
shrinkage=0.03


Tree=211
num_leaves=7
num_cat=0
split_feature=1 21 24 29 2 1
split_gain=1402.6 1104.76 1014.91 1358.12 961.07 921.907
threshold=-109.02561303408753 -0.28970883482410187 0.075440431286767362 -1.340488508024533 -1.0878875686244371 823.3784385102457
decision_type=2 2 2 2 2 2
left_child=1 -1 -3 -4 -2 -6
right_child=4 2 3 -5 5 -7
leaf_value=0.015205970618777492 0.091834720767652367 -0.042333287863035571 -0.038863713031305987 0.09527431885098539 0.002644940338985127 0.063386546166133109
leaf_weight=570 107 1465 143 113 5807 224
leaf_count=570 107 1465 143 113 5807 224
internal_value=-0.00081607 -0.0207951 -0.0327377 0.0217015 0.00666277 0.00500216
internal_weight=8429 2291 1721 256 6138 6031
internal_count=8429 2291 1721 256 6138 6031
is_linear=0
shrinkage=0.03


Tree=212
num_leaves=7
num_cat=0
split_feature=38 26 19 12 11 19
split_gain=1301.09 1027.66 1402.91 992.576 1308.38 1100.72
threshold=1.0000000180025095e-35 0.68054557950447181 1.0000000180025095e-35 -0.61788627815249997 0.19782288759966221 -0.28728210468612225
decision_type=2 2 2 2 2 2
left_child=3 2 -2 4 -1 -5
right_child=1 -3 -4 5 -6 -7
leaf_value=-0.0049006182525243918 -0.046904417951397284 -0.10066956223802098 0.027625035974975249 0.057084845337446996 -0.085324208579547353 0.0069653911293605904
leaf_weight=1113 566 148 367 415 208 5549
leaf_count=1113 566 148 367 415 208 5549
internal_value=0.000760446 -0.0297966 -0.0176058 0.00532935 -0.0181097 0.0105426
internal_weight=8366 1081 933 7285 1321 5964
internal_count=8366 1081 933 7285 1321 5964
is_linear=0
shrinkage=0.03


Tree=213
num_leaves=7
num_cat=0
split_feature=31 32 36 20 18 22
split_gain=1386.88 933.28 1095.54 1217.89 821.16 785.74
threshold=-0.25872291820661059 1.9053805874027565 6.6100226439425702 -0.0099861693877103357 -0.3791943819955837 0.046045285577569553
decision_type=2 2 2 2 2 2
left_child=-1 2 -2 4 -4 -3
right_child=1 5 3 -5 -6 -7
leaf_value=-0.081366291275076871 -0.01051367548642391 0.013477380872541495 0.036442885316148095 0.042827398699311708 -0.029627915364503859 0.081342893891036508
leaf_weight=186 5714 832 235 819 540 180
leaf_count=186 5714 832 235 819 540 180
internal_value=-0.00248801 -0.000629064 -0.00437868 0.0175418 -0.00938452 0.0262261
internal_weight=8506 8320 7308 1594 775 1012
internal_count=8506 8320 7308 1594 775 1012
is_linear=0
shrinkage=0.03


Tree=214
num_leaves=7
num_cat=0
split_feature=18 36 21 32 32 1
split_gain=1248.91 1042.6 887.851 815.879 1530.42 1156.32
threshold=1.2402894170566632 2.249904835165133 -1.1525871689396985 1.8141622182577224 1.5944557337797665 -105.19570456729956
decision_type=2 2 2 2 2 2
left_child=1 -1 -3 4 -4 -5
right_child=-2 2 3 5 -6 -7
leaf_value=0.037704124152660369 0.087219906370056444 -0.067356535016613858 -0.004612909983320217 -0.065992186695080376 -0.078449801496679794 0.035678314453583541
leaf_weight=525 131 194 6472 106 253 782
leaf_count=525 131 194 6472 106 253 782
internal_value=-0.00132209 -0.00281708 -0.00558677 -0.00392641 -0.00750307 0.0229422
internal_weight=8463 8332 7807 7613 6725 888
internal_count=8463 8332 7807 7613 6725 888
is_linear=0
shrinkage=0.03


Tree=215
num_leaves=7
num_cat=0
split_feature=29 8 37 32 21 34
split_gain=1296.12 1152.73 1245.74 1037.37 1024.23 922.022
threshold=-0.63843946984805178 -0.31213371032149256 6.3071868642287745 2.1418758955189605 -0.21442997426631483 -0.046054850236025707
decision_type=2 2 2 2 2 2
left_child=-1 -2 3 5 -5 -3
right_child=1 2 -4 4 -6 -7
leaf_value=-0.020649168621593758 0.038957007812827307 -0.044006262268011381 -0.021856297367028057 -0.031930164435976426 0.070945857093413028 0.0091439413179889364
leaf_weight=2171 828 315 1514 104 404 3051
leaf_count=2171 828 315 1514 104 404 3051
internal_value=-0.000747856 0.00622488 0.00113192 0.0101491 0.0496748 0.00405437
internal_weight=8387 6216 5388 3874 508 3366
internal_count=8387 6216 5388 3874 508 3366
is_linear=0
shrinkage=0.03


Tree=216
num_leaves=7
num_cat=0
split_feature=1 41 37 1 23 35
split_gain=1235 1740.52 1232.27 1330.17 1155.82 846.272
threshold=54.705938407302661 1.0000000180025095e-35 4.9380581778699986 80.010480238352002 -0.24302588747212081 0.10630430698675848
decision_type=2 2 2 2 2 2
left_child=5 2 4 -4 -2 -1
right_child=1 -3 3 -5 -6 -7
leaf_value=-0.019941651997388669 -0.018628316419701019 -0.019213984384291921 0.092067687262786663 0.0031600930253561175 0.071396457980096334 0.026778102336226361
leaf_weight=3482 157 1452 153 2150 615 379
leaf_count=3482 157 1452 153 2150 615 379
internal_value=-0.00285374 0.0077703 0.0205331 0.00943918 0.0530842 -0.0152983
internal_weight=8388 4527 3075 2303 772 3861
internal_count=8388 4527 3075 2303 772 3861
is_linear=0
shrinkage=0.03


Tree=217
num_leaves=7
num_cat=0
split_feature=12 22 1 22 3 0
split_gain=1345.78 1135.44 774.578 1666.93 819.207 1229.32
threshold=-0.81016721204507658 -0.71022882618026328 -44.279275030331284 -0.30116883746403783 -0.52284488559623787 1.0000000180025095e-35
decision_type=2 2 2 2 2 2
left_child=1 -1 3 -2 -4 -6
right_child=2 -3 4 -5 5 -7
leaf_value=-0.11831492089127239 0.041444791680888125 -0.018170364933061425 0.05754980548021571 -0.023698546382768072 -0.045633694935688932 0.013552745919321135
leaf_weight=104 446 1025 333 1567 329 4669
leaf_count=104 446 1025 333 1567 329 4669
internal_value=0.00199399 -0.0283531 0.0066915 -0.00913187 0.0126724 0.00957338
internal_weight=8473 1129 7344 2013 5331 4998
internal_count=8473 1129 7344 2013 5331 4998
is_linear=0
shrinkage=0.03


Tree=218
num_leaves=7
num_cat=0
split_feature=15 20 1 19 9 20
split_gain=1596.03 909.874 888.836 891.194 867.021 853.902
threshold=-1.4206227761253978 -0.76943989918167732 761.27316799336734 -0.40615952954589274 -1.2292724303709315 -0.0099861693877103357
decision_type=2 2 2 2 2 2
left_child=1 -1 3 5 -5 -2
right_child=2 -3 -4 4 -6 -7
leaf_value=0.028380353802771079 0.017638878427339449 -0.062878007579272907 0.053549501400925882 -0.073367885798215862 0.0025828935051091131 0.10752292585021091
leaf_weight=117 340 476 328 128 6838 125
leaf_count=117 340 476 328 128 6838 125
internal_value=0.00231971 -0.0447005 0.00596625 0.00379681 0.00108413 0.0435562
internal_weight=8352 593 7759 7431 6966 465
internal_count=8352 593 7759 7431 6966 465
is_linear=0
shrinkage=0.03


Tree=219
num_leaves=7
num_cat=0
split_feature=18 21 17 1 22 36
split_gain=1059.08 873.383 807.586 786.626 1171.12 786.238
threshold=0.85507102516804612 0.04004057092542429 1.148216590379912 461.16377661255211 -0.20950054860777872 4.5485858369352732
decision_type=2 2 2 2 2 2
left_child=1 2 3 -1 -5 -2
right_child=5 -3 -4 4 -6 -7
leaf_value=0.0014309749018669826 0.1114458421567234 -0.033432034256186821 -0.048273067912191485 -0.02999328659040313 0.056433968506166575 0.023692623587573035
leaf_weight=6203 108 638 257 183 537 456
leaf_count=6203 108 638 257 183 537 456
internal_value=0.00281337 -7.42902e-05 0.00293219 0.00489995 0.0343571 0.0421452
internal_weight=8382 7818 7180 6923 720 564
internal_count=8382 7818 7180 6923 720 564
is_linear=0
shrinkage=0.03


Tree=220
num_leaves=7
num_cat=0
split_feature=1 33 36 36 19 1
split_gain=1444.75 1145.84 1079.67 1038.98 1057.2 968.55
threshold=-284.91001132841126 -0.13907372532277837 2.249904835165133 4.8481086751891054 -0.19368075585090891 215.93362535106465
decision_type=2 2 2 2 2 2
left_child=-1 -2 5 -4 -5 -3
right_child=1 2 3 4 -6 -7
leaf_value=-0.032993076599176635 0.049393896959611591 -0.0049193254501320597 -0.027612080304326499 0.033272197408092882 -0.0026575864957747858 0.080937428359428173
leaf_weight=1083 458 205 1184 876 4377 266
leaf_count=1083 458 205 1184 876 4377 266
internal_value=-0.000805356 0.00396542 0.000886468 -0.0023497 0.00338597 0.0442434
internal_weight=8449 7366 6908 6437 5253 471
internal_count=8449 7366 6908 6437 5253 471
is_linear=0
shrinkage=0.03


Tree=221
num_leaves=7
num_cat=0
split_feature=9 24 17 16 24 18
split_gain=1325.6 1098.5 1086.6 1086.81 1029.13 951.224
threshold=0.56724807357982299 -0.27855297674068891 0.37010594485467957 1.4125687021074709 0.12077146914492533 0.636580621493951
decision_type=2 2 2 2 2 2
left_child=-1 2 -2 -4 -3 -6
right_child=1 4 3 -5 5 -7
leaf_value=-0.0065048030603899682 0.059355196918671325 0.042534488988243087 -0.058741937301375641 0.043358833359643106 -0.071452134741764317 0.044731910474937069
leaf_weight=6072 134 1427 375 116 142 100
leaf_count=6072 134 1427 375 116 142 100
internal_value=0.000837434 0.0202155 -0.0135516 -0.0342364 0.0328659 -0.0235723
internal_weight=8366 2294 625 491 1669 242
internal_count=8366 2294 625 491 1669 242
is_linear=0
shrinkage=0.03


Tree=222
num_leaves=7
num_cat=0
split_feature=12 18 9 26 36 4
split_gain=1295.08 1080.11 987.116 1139.91 959.637 907.125
threshold=-0.90247788288475805 0.78026244949045065 1.1235668625472091 1.274257636993728 5.2548844000372066 0.42543509079245306
decision_type=2 2 2 2 2 2
left_child=-1 2 3 -2 -3 -4
right_child=1 4 5 -5 -6 -7
leaf_value=-0.032697502547974107 0.00165568713839167 0.093430892581489136 0.015138013648725038 0.076851603143355415 0.015720756163764664 -0.068353752017719677
leaf_weight=956 6119 202 175 177 456 326
leaf_count=956 6119 202 175 177 456 326
internal_value=-1.18677e-05 0.0042178 0.000639434 0.00388819 0.0406186 -0.0394644
internal_weight=8411 7455 6797 6296 658 501
internal_count=8411 7455 6797 6296 658 501
is_linear=0
shrinkage=0.03


Tree=223
num_leaves=7
num_cat=0
split_feature=37 27 9 24 30 36
split_gain=966.049 1238.75 1669.99 943.051 822.328 820.425
threshold=4.9732735209982879 -0.16898900580575835 -0.78533785052212757 -0.27409696229931718 0.051704671603495789 4.0859410030639109
decision_type=2 2 2 2 2 2
left_child=1 2 -1 -3 5 -5
right_child=-2 3 -4 4 -6 -7
leaf_value=0.050916240895437496 -0.0041628666733999047 -0.012834395103606368 -0.045537385367646399 0.060459361236686528 0.077529201676810017 0.00025223572041933276
leaf_weight=231 6110 313 482 352 443 466
leaf_count=231 6110 313 482 352 443 466
internal_value=0.00206628 0.0186539 -0.014016 0.033448 0.0449466 0.0265777
internal_weight=8397 2287 713 1574 1261 818
internal_count=8397 2287 713 1574 1261 818
is_linear=0
shrinkage=0.03


Tree=224
num_leaves=7
num_cat=0
split_feature=35 18 19 19 25 15
split_gain=784.966 678.094 697.63 663.08 540.96 809.045
threshold=-0.26366988245597461 1.2402894170566632 -0.5991085396127559 -0.70709401579866327 1.9705248142746301 0.81906597691708272
decision_type=2 2 2 2 2 2
left_child=-1 2 3 -2 5 -4
right_child=1 -3 4 -5 -6 -7
leaf_value=-0.050185573262878376 0.0015827133471533756 0.065844106728173021 -0.0042501627033308684 0.0948724552200121 -0.035278777277240388 0.019861606885425705
leaf_weight=258 139 137 5769 126 380 1589
leaf_count=258 139 137 5769 126 380 1589
internal_value=0.000333745 0.00199458 0.000820763 0.0477763 -0.00084689 0.000976794
internal_weight=8398 8140 8003 265 7738 7358
internal_count=8398 8140 8003 265 7738 7358
is_linear=0
shrinkage=0.03


Tree=225
num_leaves=7
num_cat=0
split_feature=1 18 21 14 14 24
split_gain=816.457 751.965 866.816 657.703 901.925 617.058
threshold=-462.3252624652672 1.2402894170566632 0.056333756876117906 -0.89702626241078998 -1.2803281196495873 0.12077146914492533
decision_type=2 2 2 10 8 2
left_child=3 2 5 4 -1 -2
right_child=1 -3 -4 -5 -6 -7
leaf_value=-0.057236483976537106 0.0069625322748270565 0.070897294693455404 -0.038812819969612881 -0.087212579009123131 0.052426173495064288 -0.029355201545404268
leaf_weight=143 7037 137 424 150 111 438
leaf_count=143 7037 137 424 150 111 438
internal_value=0.00155306 0.0036653 0.00241106 -0.0395353 -0.00914248 0.00479811
internal_weight=8440 8036 7899 404 254 7475
internal_count=8440 8036 7899 404 254 7475
is_linear=0
shrinkage=0.03


Tree=226
num_leaves=7
num_cat=0
split_feature=21 18 21 18 30 33
split_gain=1221.31 996.142 1340.09 1125.13 951.853 1210.03
threshold=0.056333756876117906 0.70335294555164463 -0.41295778413381584 0.61888638117680517 -0.1262971716442475 -0.040356526200413662
decision_type=2 2 2 2 2 2
left_child=1 3 -3 4 -1 -6
right_child=-2 2 -4 -5 5 -7
leaf_value=-0.027436380240599093 -0.0448036187987488 -0.033565221054648813 0.057548900801843099 -0.064520120455558036 0.025802171868915702 -0.0038556285421677749
leaf_weight=944 536 188 556 239 1741 4220
leaf_count=944 536 188 556 239 1741 4220
internal_value=-0.00141161 0.00158993 0.0343856 -0.00186882 0.000389875 0.00483509
internal_weight=8424 7888 744 7144 6905 5961
internal_count=8424 7888 744 7144 6905 5961
is_linear=0
shrinkage=0.03


Tree=227
num_leaves=7
num_cat=0
split_feature=1 36 7 25 18 19
split_gain=1036.22 735.045 717.22 977.327 841.621 825.845
threshold=-664.03069053082902 6.6100226439425702 2.4283638559134997 1.9705248142746301 0.85507102516804612 0.011168061307397862
decision_type=2 2 2 2 2 2
left_child=-1 2 3 5 -5 -2
right_child=1 -3 -4 4 -6 -7
leaf_value=-0.086118056923151012 -0.011646396673442409 0.019465722211948738 0.064188135440150895 -0.10967230993414848 0.0010616102814674376 0.010293311914747529
leaf_weight=110 3217 1822 134 132 109 2951
leaf_count=110 3217 1822 134 132 109 2951
internal_value=0.00141645 0.00266898 -0.0020309 -0.00351325 -0.0615424 -0.00114996
internal_weight=8475 8365 6543 6409 241 6168
internal_count=8475 8365 6543 6409 241 6168
is_linear=0
shrinkage=0.03


Tree=228
num_leaves=7
num_cat=0
split_feature=35 30 35 16 20 2
split_gain=1083.58 884.75 873.112 813.526 967.475 787.623
threshold=-0.086480225640031452 -0.070569280036090629 -0.11667451162090851 -0.77490539491603638 -0.37764716758505895 -0.096000651496395389
decision_type=2 2 2 2 2 2
left_child=2 -2 -1 4 -3 -5
right_child=1 3 -4 5 -6 -7
leaf_value=-0.0058628836545609863 -0.013992887629139647 0.00035880936535416557 -0.052486280577722935 -0.0077309085289565711 0.11358612330834711 0.018667058094995446
leaf_weight=1516 1278 121 466 1431 145 3469
leaf_count=1516 1278 121 466 1431 145 3469
internal_value=0.00231179 0.00827897 -0.0170332 0.0138051 0.0639596 0.0109577
internal_weight=8426 6444 1982 5166 266 4900
internal_count=8426 6444 1982 5166 266 4900
is_linear=0
shrinkage=0.03


Tree=229
num_leaves=7
num_cat=0
split_feature=31 27 21 33 23 32
split_gain=1489.82 826.665 1408.43 1131.3 1214.8 818.61
threshold=-0.27427975927965492 -0.099136832723806009 -0.29481993764943853 -0.045040466571941558 -0.64214930664451797 -1.133886904462202
decision_type=2 2 2 2 2 2
left_child=-1 2 3 4 -2 -4
right_child=1 -3 5 -5 -6 -7
leaf_value=-0.091551892088068756 -0.0076482853011505024 0.0060167156060529923 0.0029200867195899841 -0.00241437144304921 0.12517572991836531 -0.035074831314888803
leaf_weight=160 101 4914 706 605 146 1818
leaf_count=160 101 4914 706 605 146 1818
internal_value=-0.0036371 -0.00183206 -0.0132405 0.0199462 0.0726788 -0.0244775
internal_weight=8450 8290 3376 852 247 2524
internal_count=8450 8290 3376 852 247 2524
is_linear=0
shrinkage=0.03


Tree=230
num_leaves=7
num_cat=0
split_feature=32 17 29 34 23 29
split_gain=815.639 833.285 910.641 1206.64 1102.05 789.533
threshold=1.8141622182577224 0.81140610590205176 1.3197648206154067 0.0094167330405497459 -0.15444357219514929 -2.6807730665302878
decision_type=2 2 2 2 2 2
left_child=1 2 5 4 -4 -1
right_child=-2 -3 3 -5 -6 -7
leaf_value=-0.08235155043990483 0.023262875062505576 -0.032452128545610297 -0.0061748185275575596 -0.036283913698307302 0.11460836728168006 -0.0019446960629596393
leaf_weight=102 1123 817 101 119 192 5925
leaf_count=102 1123 817 101 119 192 5925
internal_value=-0.000412607 -0.0041038 -0.000462131 0.0421442 0.0741435 -0.00343965
internal_weight=8379 7256 6439 412 293 6027
internal_count=8379 7256 6439 412 293 6027
is_linear=0
shrinkage=0.03


Tree=231
num_leaves=7
num_cat=0
split_feature=36 1 12 5 32 36
split_gain=869.51 942.902 859.699 1201.57 1073.28 1014.09
threshold=2.249904835165133 166.03944349525071 -0.81016721204507658 -0.53645847962113857 -0.050234376875358581 5.8304140474468626
decision_type=2 2 2 2 2 2
left_child=1 -1 -2 -4 5 -5
right_child=2 -3 3 4 -6 -7
leaf_value=-0.0051656941220383432 -0.026834061894886439 0.072365176001157938 0.038337395227981803 -0.040110835722059257 0.0076213537244745229 -0.00090705323722473151
leaf_weight=262 1088 293 713 1049 3673 1353
leaf_count=262 1088 293 713 1049 3673 1353
internal_value=0.000370984 0.0363214 -0.00220519 0.00177607 -0.00257095 -0.0181234
internal_weight=8431 555 7876 6788 6075 2402
internal_count=8431 555 7876 6788 6075 2402
is_linear=0
shrinkage=0.03


Tree=232
num_leaves=7
num_cat=0
split_feature=36 1 31 31 30 36
split_gain=1117.3 1214.53 936.375 618.076 1699.29 962.626
threshold=2.249904835165133 166.03944349525071 -0.25872291820661059 -0.045115062930350822 -0.037072924093942972 6.0318857410300337
decision_type=2 2 2 2 2 2
left_child=1 -1 -2 -4 5 -5
right_child=2 -3 3 4 -6 -7
leaf_value=-0.0064044846268370747 -0.065540834117907926 0.081600850421524082 0.011707803109985726 -0.072586371998182658 0.0012071926993253953 -0.0087235184883594011
leaf_weight=258 195 298 2485 479 4350 381
leaf_count=258 195 298 2485 479 4350 381
internal_value=0.000656278 0.0413722 -0.00226167 -0.00057512 -0.00644488 -0.0447191
internal_weight=8446 556 7890 7695 5210 860
internal_count=8446 556 7890 7695 5210 860
is_linear=0
shrinkage=0.03


Tree=233
num_leaves=7
num_cat=0
split_feature=32 31 36 37 33 32
split_gain=1344.54 977.166 824.11 1447.27 1061.86 1012.93
threshold=1.7895743601992598 0.10692694042270447 5.173316863805991 5.5740515676620417 -0.046032387058801777 -1.4013059443536979
decision_type=2 2 2 2 2 2
left_child=2 -2 3 -1 -5 -4
right_child=1 -3 5 4 -6 -7
leaf_value=0.0058197953527908764 0.01720579114151511 0.086421980404418938 0.031620364534929231 0.0035785214342790358 -0.060464215494067657 -0.0031303322224960676
leaf_weight=1103 903 223 912 324 810 4158
leaf_count=1103 903 223 912 324 810 4158
internal_value=0.00118962 0.0315539 -0.00352621 -0.0186506 -0.042295 0.00317062
internal_weight=8433 1126 7307 2237 1134 5070
internal_count=8433 1126 7307 2237 1134 5070
is_linear=0
shrinkage=0.03


Tree=234
num_leaves=7
num_cat=0
split_feature=29 36 33 6 12 14
split_gain=970.717 860.429 1025.54 873.934 1204.64 827.255
threshold=-2.5538904661191926 2.249904835165133 -0.1165524739104622 -1.6569104366232565 -0.61788627815249997 -1.2062113146706113
decision_type=2 2 2 2 2 10
left_child=-1 -2 -3 -4 5 -5
right_child=1 2 3 4 -6 -7
leaf_value=-0.077054500611095159 0.037587357935500637 0.032112527951049331 0.056616814184843038 0.044019212858767899 -0.00052523280495335532 -0.042017160141998432
leaf_weight=133 553 757 195 103 5645 1052
leaf_count=133 553 757 195 103 5645 1052
internal_value=0.000445242 0.00177753 -0.000822145 -0.00442709 -0.00625819 -0.0340327
internal_weight=8438 8305 7752 6995 6800 1155
internal_count=8438 8305 7752 6995 6800 1155
is_linear=0
shrinkage=0.03


Tree=235
num_leaves=7
num_cat=0
split_feature=1 35 8 28 33 20
split_gain=956.644 810.818 922.42 923.372 1665.79 919.193
threshold=431.9817901543999 -0.26366988245597461 -0.3044005217511741 -0.2483838068394012 -0.021720797405235272 -0.35247153311173623
decision_type=2 2 2 2 2 2
left_child=1 -1 -3 4 -4 -6
right_child=-2 2 3 -5 5 -7
leaf_value=-0.059325063760105809 0.01915770039025735 0.0098040727002807818 -0.087793605039504119 -0.0055386981154356609 0.040780704245303889 -0.032367629082706156
leaf_weight=250 1478 2355 373 3314 214 491
leaf_count=250 1478 2355 373 3314 214 491
internal_value=-0.00269277 -0.00732907 -0.00531749 -0.0134296 -0.0374138 -0.00990392
internal_weight=8475 6997 6747 4392 1078 705
internal_count=8475 6997 6747 4392 1078 705
is_linear=0
shrinkage=0.03


Tree=236
num_leaves=7
num_cat=0
split_feature=18 29 3 29 13 1
split_gain=879.851 621.834 1023.09 915.587 892.664 786.249
threshold=1.2402894170566632 -2.4110196849497232 -0.55787119567048016 -0.63843946984805178 -13.287212166928033 -182.72231950210104
decision_type=2 2 2 2 10 2
left_child=1 -1 3 4 -3 -6
right_child=-2 2 -4 -5 5 -7
leaf_value=-0.056661216019694635 0.07385929628894046 0.061472551845014094 -0.0046682406371218029 0.060593657825645325 -0.033361107237388693 0.030423858066984697
leaf_weight=168 133 200 6834 412 440 274
leaf_count=168 133 200 6834 412 440 274
internal_value=7.48886e-05 -0.00119063 1.93633e-05 0.0240327 0.0070748 -0.00880127
internal_weight=8461 8328 8160 1326 914 714
internal_count=8461 8328 8160 1326 914 714
is_linear=0
shrinkage=0.03


Tree=237
num_leaves=7
num_cat=0
split_feature=35 33 7 18 17 17
split_gain=851.801 686.537 782.464 767.076 1105.57 1694.34
threshold=-0.26366988245597461 0.11467953711605121 2.4283638559134997 -0.39325065917908014 -0.3430156598564163 0.057819306664470681
decision_type=2 2 2 2 2 2
left_child=-1 2 -2 -3 -5 -6
right_child=1 3 -4 4 5 -7
leaf_value=-0.056454457627786767 -0.0048065060349994134 0.09396613912611472 0.067308352392004875 -0.073217589132649738 0.11249318450463716 0.0011480345070025975
leaf_weight=242 7277 113 128 105 151 522
leaf_count=242 7277 113 128 105 151 522
internal_value=-0.00211781 -0.000466709 -0.00347086 0.0242619 0.0130738 0.0274117
internal_weight=8538 8296 7405 891 778 673
internal_count=8538 8296 7405 891 778 673
is_linear=0
shrinkage=0.03


Tree=238
num_leaves=7
num_cat=0
split_feature=18 13 24 26 21 37
split_gain=1046.27 951.933 803.646 948.792 741.776 1107.47
threshold=1.2402894170566632 -19.587626069901422 0.14217379873165628 -0.36884996868836628 0.010083690006069897 6.0390628155997765
decision_type=2 8 2 2 2 2
left_child=1 -1 4 -4 -3 -6
right_child=-2 2 3 -5 5 -7
leaf_value=-0.086320855592479234 0.080044307430655187 0.0053983818268271205 0.023876023363835853 -0.070516770614036994 0.0026260931289754804 -0.054361493635119613
leaf_weight=109 132 6584 135 289 790 491
leaf_count=109 132 6584 135 289 790 491
internal_value=-0.000710268 -0.00207326 -0.00086273 -0.0406048 0.0013286 -0.0194688
internal_weight=8530 8398 8289 424 7865 1281
internal_count=8530 8398 8289 424 7865 1281
is_linear=0
shrinkage=0.03


Tree=239
num_leaves=7
num_cat=0
split_feature=18 1 3 12 37 10
split_gain=904.254 594.933 768.655 739.846 616.094 791.291
threshold=1.3200130979596716 -462.3252624652672 -0.97771053160927612 -0.99487620013466305 5.5073599362801708 -1.34387119645317
decision_type=2 2 2 2 2 2
left_child=1 4 3 -3 -1 -6
right_child=-2 2 -4 -5 5 -7
leaf_value=-0.087744564361613361 0.083677110097963706 -0.0089660073592627461 -0.0032224822675826124 0.072708690068317386 -0.05009891631277226 0.049832673214249695
leaf_weight=135 100 167 7503 231 171 108
leaf_count=135 100 167 7503 231 171 108
internal_value=-0.00177814 -0.00290514 -0.00104597 0.0390584 -0.037525 -0.0110299
internal_weight=8415 8315 7901 398 414 279
internal_count=8415 8315 7901 398 414 279
is_linear=0
shrinkage=0.03


Tree=240
num_leaves=7
num_cat=0
split_feature=32 22 37 9 32 35
split_gain=978.636 1090.82 845.132 893.691 832.902 839.935
threshold=1.7895743601992598 -0.0086634199320306266 4.9732735209982879 0.69194448020214061 1.6751670533601539 -0.26366988245597461
decision_type=2 2 2 2 2 2
left_child=4 -2 -3 -4 5 -1
right_child=1 2 3 -5 -6 -7
leaf_value=-0.057581817658641662 0.0031196668891884062 0.10855433263440631 -0.029750493463614709 0.080693277397658678 -0.067566204848204983 -0.00014856820221380632
leaf_weight=227 726 191 128 118 169 6940
leaf_count=227 726 191 128 118 169 6940
internal_value=0.000418954 0.0258642 0.0627351 0.0243093 -0.00364468 -0.00204534
internal_weight=8499 1163 437 246 7336 7167
internal_count=8499 1163 437 246 7336 7167
is_linear=0
shrinkage=0.03


Tree=241
num_leaves=7
num_cat=0
split_feature=35 32 6 1 21 17
split_gain=1074.35 1059.83 1178.11 924.244 1300.97 869.057
threshold=-0.084867476310064 -0.019033916018784177 0.26295540971978398 -284.91001132841126 -0.28970883482410187 0.06506930533839278
decision_type=2 2 2 2 2 2
left_child=1 2 -1 4 -2 -5
right_child=3 -3 -4 5 -6 -7
leaf_value=-0.027124803199925843 0.039408943125240077 0.0047443428922681807 -0.1260188038310697 0.024501805755500958 -0.06458512742163075 0.00088629020403324546
leaf_weight=959 149 944 114 2255 339 3685
leaf_count=959 149 944 114 2255 339 3685
internal_value=0.000604741 -0.0184431 -0.0386983 0.006601 -0.0326791 0.00987755
internal_weight=8445 2017 1073 6428 488 5940
internal_count=8445 2017 1073 6428 488 5940
is_linear=0
shrinkage=0.03


Tree=242
num_leaves=7
num_cat=0
split_feature=27 34 10 1 26 11
split_gain=1040.48 699.446 1148.97 1009.52 923.755 880.16
threshold=-1.8658257179280067 -0.0030642047348386765 -0.95375544434204229 875.62082862528803 -0.89485651270388089 -1.1842406009912843
decision_type=2 2 2 2 2 2
left_child=-1 2 -2 5 -4 -3
right_child=1 3 4 -5 -6 -7
leaf_value=-0.070635591837866551 -0.054435002752057406 0.04731564879175517 0.076558437267826365 0.091779207861558965 -0.0050350079722943876 0.0039677267076534233
leaf_weight=164 409 452 122 122 2305 4849
leaf_count=164 409 452 122 122 2305 4849
internal_value=0.00196901 0.00349441 -0.00855889 0.00980193 -0.000636163 0.007746
internal_weight=8423 8259 2836 5423 2427 5301
internal_count=8423 8259 2836 5423 2427 5301
is_linear=0
shrinkage=0.03


Tree=243
num_leaves=7
num_cat=0
split_feature=28 27 1 21 15 33
split_gain=886.082 955.602 789.644 668.048 998.844 869.624
threshold=1.9469717737626036 1.6675730939283941 761.27316799336734 0.04004057092542429 -0.46996853970538149 -0.21381094048965663
decision_type=2 2 2 2 2 2
left_child=1 2 3 5 -5 -1
right_child=-2 -3 -4 4 -6 -7
leaf_value=0.072185545709605017 0.039070024522102391 -0.068335835550592014 0.06802311391582791 0.006870420987828303 -0.070247503805132408 -0.0022999089547872829
leaf_weight=134 450 191 132 285 308 6923
leaf_count=134 450 191 132 285 308 6923
internal_value=-0.00141901 -0.00375031 -0.00207947 -0.0033763 -0.0336848 -0.000785418
internal_weight=8423 7973 7782 7650 593 7057
internal_count=8423 7973 7782 7650 593 7057
is_linear=0
shrinkage=0.03


Tree=244
num_leaves=7
num_cat=0
split_feature=1 24 9 9 24 7
split_gain=1078.49 1103.6 989.406 900.98 684.347 628.086
threshold=573.87692084080425 -0.27855297674068891 1.1413820888601014 1.877523345272772 0.0062924596373617756 1.6143281754091998
decision_type=2 2 2 2 2 2
left_child=5 -2 -3 4 -4 -1
right_child=1 2 3 -5 -6 -7
leaf_value=-0.0021907082299550615 -0.026521157734798934 0.095946519004242878 0.032232923358440017 0.082675123126053601 -0.071820137834043368 -0.049028081595479098
leaf_weight=7425 202 261 107 111 102 257
leaf_count=7425 202 261 107 111 102 257
internal_value=-0.000385641 0.0329257 0.0536931 0.0173669 -0.0195096 -0.00381935
internal_weight=8465 783 581 320 209 7682
internal_count=8465 783 581 320 209 7682
is_linear=0
shrinkage=0.03


Tree=245
num_leaves=7
num_cat=0
split_feature=12 36 24 28 2 13
split_gain=838.19 613.387 1055.77 597.25 855.187 762.073
threshold=-0.61788627815249997 4.4942230200312032 -0.14505202761562772 -0.87446908052619599 -0.61032717802395309 -6.8804798459833405
decision_type=2 2 2 2 2 8
left_child=1 2 -1 4 -2 -5
right_child=3 -3 -4 5 -6 -7
leaf_value=0.084984739527783612 0.112275217155347 -0.026592427885085011 -0.024992106373288803 -0.057295801208547034 0.014333030049757549 0.0054949054249060821
leaf_weight=122 101 1334 186 169 303 6213
leaf_count=122 101 1334 186 169 303 6213
internal_value=0.00135896 -0.0178091 0.0198727 0.00601643 0.0409391 0.00374513
internal_weight=8428 1642 308 6786 404 6382
internal_count=8428 1642 308 6786 404 6382
is_linear=0
shrinkage=0.03


Tree=246
num_leaves=7
num_cat=0
split_feature=1 19 32 32 21 21
split_gain=1029.71 991.76 891.215 924.076 745.434 576.358
threshold=-198.15354773872926 -0.42658250088868105 1.8432882981377843 1.6164857148226157 -0.076584259578401662 -0.24041686857424316
decision_type=2 2 2 2 2 2
left_child=5 -2 3 -3 -4 -1
right_child=1 2 4 -5 -6 -7
leaf_value=0.0072697322720094862 0.055986137086939482 0.00025061141245445452 0.00061803767587009231 -0.056574632607854052 0.05272179442627186 -0.032343058499253466
leaf_weight=450 314 5189 465 261 518 1203
leaf_count=450 314 5189 465 261 518 1203
internal_value=-0.000433611 0.00477155 0.00218871 -0.00256938 0.028329 -0.0215803
internal_weight=8400 6747 6433 5450 983 1653
internal_count=8400 6747 6433 5450 983 1653
is_linear=0
shrinkage=0.03


Tree=247
num_leaves=7
num_cat=0
split_feature=20 15 2 18 6 11
split_gain=474.795 1021.57 942.691 827.65 799.238 1178.93
threshold=0.07805386901868426 -1.6586962420114981 -0.47961561746245823 0.44531943857950124 -0.41000777954340989 -0.51977292830373611
decision_type=2 2 2 2 2 2
left_child=3 -2 -3 -1 5 -4
right_child=1 2 4 -5 -6 -7
leaf_value=-0.00018000011259552927 -0.078159770286122782 0.058372763742872147 0.026757351594522246 -0.055425506585122991 0.013424579669507806 -0.07924848320606713
leaf_weight=4232 103 369 162 249 3153 204
leaf_count=4232 103 369 162 249 3153 204
internal_value=0.00333382 0.0108464 0.0133987 -0.00336646 0.00853076 -0.0328641
internal_weight=8472 3991 3888 4481 3519 366
internal_count=8472 3991 3888 4481 3519 366
is_linear=0
shrinkage=0.03


Tree=248
num_leaves=7
num_cat=0
split_feature=36 12 19 27 31 23
split_gain=1082.98 1141.59 937.428 978.39 826.386 923.28
threshold=2.249904835165133 -0.92022992702971085 -0.40615952954589274 -1.2886884899173798 0.038529824328096533 0.0017653646623407113
decision_type=2 2 2 2 2 2
left_child=-1 -2 -3 -4 5 -5
right_child=1 2 3 4 -6 -7
leaf_value=0.039797594017104095 -0.034332096808665502 0.049728257224402002 -0.088091033616791589 -0.016618047079530639 0.01317164151631749 0.018026009631568272
leaf_weight=560 915 330 105 2980 2619 892
leaf_count=560 915 330 105 2980 2619 892
internal_value=-0.000130267 -0.00302895 0.00115007 -0.00135191 0.000184548 -0.00861115
internal_weight=8401 7841 6926 6596 6491 3872
internal_count=8401 7841 6926 6596 6491 3872
is_linear=0
shrinkage=0.03


Tree=249
num_leaves=7
num_cat=0
split_feature=18 8 24 34 10 23
split_gain=776.753 911.249 1348.04 974.213 1222.33 1124.79
threshold=0.87368978992676616 -0.28922392160527988 0.14217379873165628 -0.0042131429344633726 -0.30976986877344509 -0.10333460535036805
decision_type=2 2 2 2 2 2
left_child=1 -1 3 4 -3 -5
right_child=-2 2 -4 5 -6 -7
leaf_value=0.01061279580730448 0.033608482562638119 -0.078293446210403767 -0.078638657738450954 -0.01744221659449266 -0.013466461297874349 0.016815875981627555
leaf_weight=2599 520 322 243 1567 1267 1894
leaf_count=2599 520 322 243 1567 1267 1894
internal_value=-0.00155228 -0.00390861 -0.0110456 -0.00764408 -0.0270107 0.00129964
internal_weight=8412 7892 5293 5050 1589 3461
internal_count=8412 7892 5293 5050 1589 3461
is_linear=0
shrinkage=0.03


end of trees

feature_importances:
edge_rec_ppd=326
elo_diff=216
edge_sr_early=78
edge_rec_sr=55
x_pass_a=50
edge_sr_rush=46
x_pass_h=45
edge_st_net=42
edge_expl=41
edge_epa=39
a_qb_exp_db_log=39
edge_sr=36
x_rush_a=35
edge_rec_epa=35
l4_edge_epa=33
qb_exp_edge=32
edge_epa_rush=30
eff_pts_raw=30
edge_rec_epa_rush=30
edge_fg_value=30
x_rush_h=28
h_qb_exp_db_log=28
edge_expl_pass=26
l2_edge_epa=23
edge_prior_ppd=17
edge_sr_3rd=15
edge_sr_pd=14
qb_delta_edge=12
edge_prior_epa=11
edge_expl_rush=11
edge_prior_epa_pass=8
edge_rec_epa_pass=7
edge_prior_sr=6
edge_epa_pass=6
match_mix_edge=6
edge_prior_epa_rush=5
edge_sr_pass=3
home_field=2
qb_unsettled_any=2
h_qb_changed=1
qb_missing_any=1

parameters:
[boosting: gbdt]
[objective: huber]
[metric: huber]
[tree_learner: serial]
[device_type: cpu]
[data_sample_strategy: bagging]
[data: ]
[valid: ]
[num_iterations: 250]
[learning_rate: 0.03]
[num_leaves: 7]
[num_threads: 1]
[seed: 20260927]
[deterministic: 1]
[force_col_wise: 0]
[force_row_wise: 1]
[histogram_pool_size: -1]
[max_depth: -1]
[min_data_in_leaf: 100]
[min_sum_hessian_in_leaf: 0.001]
[bagging_fraction: 0.8]
[pos_bagging_fraction: 1]
[neg_bagging_fraction: 1]
[bagging_freq: 1]
[bagging_seed: 20260927]
[bagging_by_query: 0]
[feature_fraction: 0.7]
[feature_fraction_bynode: 1]
[feature_fraction_seed: 20260927]
[extra_trees: 0]
[extra_seed: 2444]
[early_stopping_round: 0]
[early_stopping_min_delta: 0]
[first_metric_only: 0]
[max_delta_step: 0]
[lambda_l1: 0]
[lambda_l2: 10]
[linear_lambda: 0]
[min_gain_to_split: 0]
[drop_rate: 0.1]
[max_drop: 50]
[skip_drop: 0.5]
[xgboost_dart_mode: 0]
[uniform_drop: 0]
[drop_seed: 16765]
[top_rate: 0.2]
[other_rate: 0.1]
[min_data_per_group: 100]
[max_cat_threshold: 32]
[cat_l2: 10]
[cat_smooth: 10]
[max_cat_to_onehot: 4]
[top_k: 20]
[monotone_constraints: ]
[monotone_constraints_method: basic]
[monotone_penalty: 0]
[feature_contri: ]
[forcedsplits_filename: ]
[refit_decay_rate: 0.9]
[cegb_tradeoff: 1]
[cegb_penalty_split: 0]
[cegb_penalty_feature_lazy: ]
[cegb_penalty_feature_coupled: ]
[path_smooth: 0]
[interaction_constraints: ]
[verbosity: -1]
[saved_feature_importance_type: 0]
[use_quantized_grad: 0]
[num_grad_quant_bins: 4]
[quant_train_renew_leaf: 0]
[stochastic_rounding: 1]
[linear_tree: 0]
[max_bin: 255]
[max_bin_by_feature: ]
[min_data_in_bin: 3]
[bin_construct_sample_cnt: 200000]
[data_random_seed: 5108]
[is_enable_sparse: 1]
[enable_bundle: 1]
[use_missing: 1]
[zero_as_missing: 0]
[feature_pre_filter: 1]
[pre_partition: 0]
[two_round: 0]
[header: 0]
[label_column: ]
[weight_column: ]
[group_column: ]
[ignore_column: ]
[categorical_feature: ]
[forcedbins_filename: ]
[precise_float_parser: 0]
[parser_config_file: ]
[objective_seed: 12956]
[num_class: 1]
[is_unbalance: 0]
[scale_pos_weight: 1]
[sigmoid: 1]
[boost_from_average: 1]
[reg_sqrt: 0]
[alpha: 14]
[fair_c: 1]
[poisson_max_delta_step: 0.7]
[tweedie_variance_power: 1.5]
[lambdarank_truncation_level: 30]
[lambdarank_norm: 1]
[label_gain: ]
[lambdarank_position_bias_regularization: 0]
[eval_at: ]
[multi_error_top_k: 1]
[auc_mu_weights: ]
[num_machines: 1]
[local_listen_port: 12400]
[time_out: 120]
[machine_list_filename: ]
[machines: ]
[gpu_platform_id: -1]
[gpu_device_id: -1]
[gpu_device_id_list: ]
[gpu_use_dp: 0]
[num_gpu: 1]

end of parameters

pandas_categorical:null
