column,layer,definition,source,transform,update_cadence,null_policy,version_introduced
game_id,context,game_id,see pipeline,,weekly freeze (Tue 12:00 UTC); live refresh daily in season,kept null,cfb_v2_fv1
season,context,season,see pipeline,,weekly freeze (Tue 12:00 UTC); live refresh daily in season,kept null,cfb_v2_fv1
week,context,week,see pipeline,,weekly freeze (Tue 12:00 UTC); live refresh daily in season,kept null,cfb_v2_fv1
season_type,context,season_type,see pipeline,,weekly freeze (Tue 12:00 UTC); live refresh daily in season,kept null,cfb_v2_fv1
start_date,context,start_date,see pipeline,,weekly freeze (Tue 12:00 UTC); live refresh daily in season,kept null,cfb_v2_fv1
completed,context,completed,see pipeline,,weekly freeze (Tue 12:00 UTC); live refresh daily in season,kept null,cfb_v2_fv1
neutral_site,pure,neutral_site,see pipeline,,weekly freeze (Tue 12:00 UTC); live refresh daily in season,missing -> column mean + missingness flag (models),cfb_v2_fv1
conference_game,pure,conference_game,see pipeline,,weekly freeze (Tue 12:00 UTC); live refresh daily in season,missing -> column mean + missingness flag (models),cfb_v2_fv1
venue_id,context,venue_id,see pipeline,,weekly freeze (Tue 12:00 UTC); live refresh daily in season,kept null,cfb_v2_fv1
venue,context,venue,see pipeline,,weekly freeze (Tue 12:00 UTC); live refresh daily in season,kept null,cfb_v2_fv1
home_id,context,home_id,see pipeline,,weekly freeze (Tue 12:00 UTC); live refresh daily in season,kept null,cfb_v2_fv1
home_team,context,home_team,see pipeline,,weekly freeze (Tue 12:00 UTC); live refresh daily in season,kept null,cfb_v2_fv1
home_division,context,home_division,see pipeline,,weekly freeze (Tue 12:00 UTC); live refresh daily in season,kept null,cfb_v2_fv1
home_conference,context,home_conference,see pipeline,,weekly freeze (Tue 12:00 UTC); live refresh daily in season,kept null,cfb_v2_fv1
home_points,target,home_points,see pipeline,,weekly freeze (Tue 12:00 UTC); live refresh daily in season,kept null,cfb_v2_fv1
away_id,context,away_id,see pipeline,,weekly freeze (Tue 12:00 UTC); live refresh daily in season,kept null,cfb_v2_fv1
away_team,context,away_team,see pipeline,,weekly freeze (Tue 12:00 UTC); live refresh daily in season,kept null,cfb_v2_fv1
away_division,context,away_division,see pipeline,,weekly freeze (Tue 12:00 UTC); live refresh daily in season,kept null,cfb_v2_fv1
away_conference,context,away_conference,see pipeline,,weekly freeze (Tue 12:00 UTC); live refresh daily in season,kept null,cfb_v2_fv1
away_points,target,away_points,see pipeline,,weekly freeze (Tue 12:00 UTC); live refresh daily in season,kept null,cfb_v2_fv1
notes,context,notes,see pipeline,,weekly freeze (Tue 12:00 UTC); live refresh daily in season,kept null,cfb_v2_fv1
home_fbs,context,home_fbs,see pipeline,,weekly freeze (Tue 12:00 UTC); live refresh daily in season,kept null,cfb_v2_fv1
away_fbs,context,away_fbs,see pipeline,,weekly freeze (Tue 12:00 UTC); live refresh daily in season,kept null,cfb_v2_fv1
kickoff_ts,context,kickoff_ts,see pipeline,,weekly freeze (Tue 12:00 UTC); live refresh daily in season,kept null,cfb_v2_fv1
prediction_ts,context,prediction_ts,see pipeline,,weekly freeze (Tue 12:00 UTC); live refresh daily in season,kept null,cfb_v2_fv1
status,context,status,see pipeline,,weekly freeze (Tue 12:00 UTC); live refresh daily in season,kept null,cfb_v2_fv1
margin,target,margin,see pipeline,,weekly freeze (Tue 12:00 UTC); live refresh daily in season,kept null,cfb_v2_fv1
total_pts,target,total_pts,see pipeline,,weekly freeze (Tue 12:00 UTC); live refresh daily in season,kept null,cfb_v2_fv1
is_postseason,pure,is_postseason,see pipeline,,weekly freeze (Tue 12:00 UTC); live refresh daily in season,missing -> column mean + missingness flag (models),cfb_v2_fv1
fcs_game,pure,fcs_game,see pipeline,,weekly freeze (Tue 12:00 UTC); live refresh daily in season,missing -> column mean + missingness flag (models),cfb_v2_fv1
home_rest,context,home_rest,see pipeline,,weekly freeze (Tue 12:00 UTC); live refresh daily in season,kept null,cfb_v2_fv1
away_rest,context,away_rest,see pipeline,,weekly freeze (Tue 12:00 UTC); live refresh daily in season,kept null,cfb_v2_fv1
rest_diff,pure,rest_diff,see pipeline,,weekly freeze (Tue 12:00 UTC); live refresh daily in season,missing -> column mean + missingness flag (models),cfb_v2_fv1
travel_miles,pure,travel_miles,see pipeline,,weekly freeze (Tue 12:00 UTC); live refresh daily in season,missing -> column mean + missingness flag (models),cfb_v2_fv1
tz_shift,pure,tz_shift,see pipeline,,weekly freeze (Tue 12:00 UTC); live refresh daily in season,missing -> column mean + missingness flag (models),cfb_v2_fv1
altitude_diff_ft,pure,altitude_diff_ft,see pipeline,,weekly freeze (Tue 12:00 UTC); live refresh daily in season,missing -> column mean + missingness flag (models),cfb_v2_fv1
h_drive_epa__def,pure,home team drive_epa rating component def,stage 3 joint Bayesian ridge (pbp),posterior at prediction_ts; metric units vs league mean,weekly freeze (Tue 12:00 UTC); live refresh daily in season,missing -> column mean + missingness flag (models),cfb_v2_fv1
h_drives_pg__def,pure,home team drives_pg rating component def,stage 3 joint Bayesian ridge (pbp),posterior at prediction_ts; metric units vs league mean,weekly freeze (Tue 12:00 UTC); live refresh daily in season,missing -> column mean + missingness flag (models),cfb_v2_fv1
h_epa__def,pure,home team epa rating component def,stage 3 joint Bayesian ridge (pbp),posterior at prediction_ts; metric units vs league mean,weekly freeze (Tue 12:00 UTC); live refresh daily in season,missing -> column mean + missingness flag (models),cfb_v2_fv1
h_epa_pass__def,pure,home team epa_pass rating component def,stage 3 joint Bayesian ridge (pbp),posterior at prediction_ts; metric units vs league mean,weekly freeze (Tue 12:00 UTC); live refresh daily in season,missing -> column mean + missingness flag (models),cfb_v2_fv1
h_epa_rush__def,pure,home team epa_rush rating component def,stage 3 joint Bayesian ridge (pbp),posterior at prediction_ts; metric units vs league mean,weekly freeze (Tue 12:00 UTC); live refresh daily in season,missing -> column mean + missingness flag (models),cfb_v2_fv1
h_expl__def,pure,home team expl rating component def,stage 3 joint Bayesian ridge (pbp),posterior at prediction_ts; metric units vs league mean,weekly freeze (Tue 12:00 UTC); live refresh daily in season,missing -> column mean + missingness flag (models),cfb_v2_fv1
h_expl_pass__def,pure,home team expl_pass rating component def,stage 3 joint Bayesian ridge (pbp),posterior at prediction_ts; metric units vs league mean,weekly freeze (Tue 12:00 UTC); live refresh daily in season,missing -> column mean + missingness flag (models),cfb_v2_fv1
h_expl_rush__def,pure,home team expl_rush rating component def,stage 3 joint Bayesian ridge (pbp),posterior at prediction_ts; metric units vs league mean,weekly freeze (Tue 12:00 UTC); live refresh daily in season,missing -> column mean + missingness flag (models),cfb_v2_fv1
h_fg_value__def,pure,home team fg_value rating component def,stage 3 joint Bayesian ridge (pbp),posterior at prediction_ts; metric units vs league mean,weekly freeze (Tue 12:00 UTC); live refresh daily in season,missing -> column mean + missingness flag (models),cfb_v2_fv1
h_havoc__def,pure,home team havoc rating component def,stage 3 joint Bayesian ridge (pbp),posterior at prediction_ts; metric units vs league mean,weekly freeze (Tue 12:00 UTC); live refresh daily in season,missing -> column mean + missingness flag (models),cfb_v2_fv1
h_line_yds__def,pure,home team line_yds rating component def,stage 3 joint Bayesian ridge (pbp),posterior at prediction_ts; metric units vs league mean,weekly freeze (Tue 12:00 UTC); live refresh daily in season,missing -> column mean + missingness flag (models),cfb_v2_fv1
h_opp_rate__def,pure,home team opp_rate rating component def,stage 3 joint Bayesian ridge (pbp),posterior at prediction_ts; metric units vs league mean,weekly freeze (Tue 12:00 UTC); live refresh daily in season,missing -> column mean + missingness flag (models),cfb_v2_fv1
h_pass_rate__def,pure,home team pass_rate rating component def,stage 3 joint Bayesian ridge (pbp),posterior at prediction_ts; metric units vs league mean,weekly freeze (Tue 12:00 UTC); live refresh daily in season,missing -> column mean + missingness flag (models),cfb_v2_fv1
h_plays_pg__def,pure,home team plays_pg rating component def,stage 3 joint Bayesian ridge (pbp),posterior at prediction_ts; metric units vs league mean,weekly freeze (Tue 12:00 UTC); live refresh daily in season,missing -> column mean + missingness flag (models),cfb_v2_fv1
h_ppd__def,pure,home team ppd rating component def,stage 3 joint Bayesian ridge (pbp),posterior at prediction_ts; metric units vs league mean,weekly freeze (Tue 12:00 UTC); live refresh daily in season,missing -> column mean + missingness flag (models),cfb_v2_fv1
h_pts_per_opp__def,pure,home team pts_per_opp rating component def,stage 3 joint Bayesian ridge (pbp),posterior at prediction_ts; metric units vs league mean,weekly freeze (Tue 12:00 UTC); live refresh daily in season,missing -> column mean + missingness flag (models),cfb_v2_fv1
h_sack_rate__def,pure,home team sack_rate rating component def,stage 3 joint Bayesian ridge (pbp),posterior at prediction_ts; metric units vs league mean,weekly freeze (Tue 12:00 UTC); live refresh daily in season,missing -> column mean + missingness flag (models),cfb_v2_fv1
h_so_rate__def,pure,home team so_rate rating component def,stage 3 joint Bayesian ridge (pbp),posterior at prediction_ts; metric units vs league mean,weekly freeze (Tue 12:00 UTC); live refresh daily in season,missing -> column mean + missingness flag (models),cfb_v2_fv1
h_sr__def,pure,home team sr rating component def,stage 3 joint Bayesian ridge (pbp),posterior at prediction_ts; metric units vs league mean,weekly freeze (Tue 12:00 UTC); live refresh daily in season,missing -> column mean + missingness flag (models),cfb_v2_fv1
h_sr_3rd__def,pure,home team sr_3rd rating component def,stage 3 joint Bayesian ridge (pbp),posterior at prediction_ts; metric units vs league mean,weekly freeze (Tue 12:00 UTC); live refresh daily in season,missing -> column mean + missingness flag (models),cfb_v2_fv1
h_sr_early__def,pure,home team sr_early rating component def,stage 3 joint Bayesian ridge (pbp),posterior at prediction_ts; metric units vs league mean,weekly freeze (Tue 12:00 UTC); live refresh daily in season,missing -> column mean + missingness flag (models),cfb_v2_fv1
h_sr_pass__def,pure,home team sr_pass rating component def,stage 3 joint Bayesian ridge (pbp),posterior at prediction_ts; metric units vs league mean,weekly freeze (Tue 12:00 UTC); live refresh daily in season,missing -> column mean + missingness flag (models),cfb_v2_fv1
h_sr_pd__def,pure,home team sr_pd rating component def,stage 3 joint Bayesian ridge (pbp),posterior at prediction_ts; metric units vs league mean,weekly freeze (Tue 12:00 UTC); live refresh daily in season,missing -> column mean + missingness flag (models),cfb_v2_fv1
h_sr_rush__def,pure,home team sr_rush rating component def,stage 3 joint Bayesian ridge (pbp),posterior at prediction_ts; metric units vs league mean,weekly freeze (Tue 12:00 UTC); live refresh daily in season,missing -> column mean + missingness flag (models),cfb_v2_fv1
h_st_net__def,pure,home team st_net rating component def,stage 3 joint Bayesian ridge (pbp),posterior at prediction_ts; metric units vs league mean,weekly freeze (Tue 12:00 UTC); live refresh daily in season,missing -> column mean + missingness flag (models),cfb_v2_fv1
h_start_fp__def,pure,home team start_fp rating component def,stage 3 joint Bayesian ridge (pbp),posterior at prediction_ts; metric units vs league mean,weekly freeze (Tue 12:00 UTC); live refresh daily in season,missing -> column mean + missingness flag (models),cfb_v2_fv1
h_stuff__def,pure,home team stuff rating component def,stage 3 joint Bayesian ridge (pbp),posterior at prediction_ts; metric units vs league mean,weekly freeze (Tue 12:00 UTC); live refresh daily in season,missing -> column mean + missingness flag (models),cfb_v2_fv1
h_to_rate__def,pure,home team to_rate rating component def,stage 3 joint Bayesian ridge (pbp),posterior at prediction_ts; metric units vs league mean,weekly freeze (Tue 12:00 UTC); live refresh daily in season,missing -> column mean + missingness flag (models),cfb_v2_fv1
h_drive_epa__def_rec,pure,home team drive_epa rating component def_rec,stage 3 joint Bayesian ridge (pbp),posterior at prediction_ts; metric units vs league mean,weekly freeze (Tue 12:00 UTC); live refresh daily in season,missing -> column mean + missingness flag (models),cfb_v2_fv1
h_drives_pg__def_rec,pure,home team drives_pg rating component def_rec,stage 3 joint Bayesian ridge (pbp),posterior at prediction_ts; metric units vs league mean,weekly freeze (Tue 12:00 UTC); live refresh daily in season,missing -> column mean + missingness flag (models),cfb_v2_fv1
h_epa__def_rec,pure,home team epa rating component def_rec,stage 3 joint Bayesian ridge (pbp),posterior at prediction_ts; metric units vs league mean,weekly freeze (Tue 12:00 UTC); live refresh daily in season,missing -> column mean + missingness flag (models),cfb_v2_fv1
h_epa_pass__def_rec,pure,home team epa_pass rating component def_rec,stage 3 joint Bayesian ridge (pbp),posterior at prediction_ts; metric units vs league mean,weekly freeze (Tue 12:00 UTC); live refresh daily in season,missing -> column mean + missingness flag (models),cfb_v2_fv1
h_epa_rush__def_rec,pure,home team epa_rush rating component def_rec,stage 3 joint Bayesian ridge (pbp),posterior at prediction_ts; metric units vs league mean,weekly freeze (Tue 12:00 UTC); live refresh daily in season,missing -> column mean + missingness flag (models),cfb_v2_fv1
h_expl__def_rec,pure,home team expl rating component def_rec,stage 3 joint Bayesian ridge (pbp),posterior at prediction_ts; metric units vs league mean,weekly freeze (Tue 12:00 UTC); live refresh daily in season,missing -> column mean + missingness flag (models),cfb_v2_fv1
h_expl_pass__def_rec,pure,home team expl_pass rating component def_rec,stage 3 joint Bayesian ridge (pbp),posterior at prediction_ts; metric units vs league mean,weekly freeze (Tue 12:00 UTC); live refresh daily in season,missing -> column mean + missingness flag (models),cfb_v2_fv1
h_expl_rush__def_rec,pure,home team expl_rush rating component def_rec,stage 3 joint Bayesian ridge (pbp),posterior at prediction_ts; metric units vs league mean,weekly freeze (Tue 12:00 UTC); live refresh daily in season,missing -> column mean + missingness flag (models),cfb_v2_fv1
h_fg_value__def_rec,pure,home team fg_value rating component def_rec,stage 3 joint Bayesian ridge (pbp),posterior at prediction_ts; metric units vs league mean,weekly freeze (Tue 12:00 UTC); live refresh daily in season,missing -> column mean + missingness flag (models),cfb_v2_fv1
h_havoc__def_rec,pure,home team havoc rating component def_rec,stage 3 joint Bayesian ridge (pbp),posterior at prediction_ts; metric units vs league mean,weekly freeze (Tue 12:00 UTC); live refresh daily in season,missing -> column mean + missingness flag (models),cfb_v2_fv1
h_line_yds__def_rec,pure,home team line_yds rating component def_rec,stage 3 joint Bayesian ridge (pbp),posterior at prediction_ts; metric units vs league mean,weekly freeze (Tue 12:00 UTC); live refresh daily in season,missing -> column mean + missingness flag (models),cfb_v2_fv1
h_opp_rate__def_rec,pure,home team opp_rate rating component def_rec,stage 3 joint Bayesian ridge (pbp),posterior at prediction_ts; metric units vs league mean,weekly freeze (Tue 12:00 UTC); live refresh daily in season,missing -> column mean + missingness flag (models),cfb_v2_fv1
h_pass_rate__def_rec,pure,home team pass_rate rating component def_rec,stage 3 joint Bayesian ridge (pbp),posterior at prediction_ts; metric units vs league mean,weekly freeze (Tue 12:00 UTC); live refresh daily in season,missing -> column mean + missingness flag (models),cfb_v2_fv1
h_plays_pg__def_rec,pure,home team plays_pg rating component def_rec,stage 3 joint Bayesian ridge (pbp),posterior at prediction_ts; metric units vs league mean,weekly freeze (Tue 12:00 UTC); live refresh daily in season,missing -> column mean + missingness flag (models),cfb_v2_fv1
h_ppd__def_rec,pure,home team ppd rating component def_rec,stage 3 joint Bayesian ridge (pbp),posterior at prediction_ts; metric units vs league mean,weekly freeze (Tue 12:00 UTC); live refresh daily in season,missing -> column mean + missingness flag (models),cfb_v2_fv1
h_pts_per_opp__def_rec,pure,home team pts_per_opp rating component def_rec,stage 3 joint Bayesian ridge (pbp),posterior at prediction_ts; metric units vs league mean,weekly freeze (Tue 12:00 UTC); live refresh daily in season,missing -> column mean + missingness flag (models),cfb_v2_fv1
h_sack_rate__def_rec,pure,home team sack_rate rating component def_rec,stage 3 joint Bayesian ridge (pbp),posterior at prediction_ts; metric units vs league mean,weekly freeze (Tue 12:00 UTC); live refresh daily in season,missing -> column mean + missingness flag (models),cfb_v2_fv1
h_so_rate__def_rec,pure,home team so_rate rating component def_rec,stage 3 joint Bayesian ridge (pbp),posterior at prediction_ts; metric units vs league mean,weekly freeze (Tue 12:00 UTC); live refresh daily in season,missing -> column mean + missingness flag (models),cfb_v2_fv1
h_sr__def_rec,pure,home team sr rating component def_rec,stage 3 joint Bayesian ridge (pbp),posterior at prediction_ts; metric units vs league mean,weekly freeze (Tue 12:00 UTC); live refresh daily in season,missing -> column mean + missingness flag (models),cfb_v2_fv1
h_sr_3rd__def_rec,pure,home team sr_3rd rating component def_rec,stage 3 joint Bayesian ridge (pbp),posterior at prediction_ts; metric units vs league mean,weekly freeze (Tue 12:00 UTC); live refresh daily in season,missing -> column mean + missingness flag (models),cfb_v2_fv1
h_sr_early__def_rec,pure,home team sr_early rating component def_rec,stage 3 joint Bayesian ridge (pbp),posterior at prediction_ts; metric units vs league mean,weekly freeze (Tue 12:00 UTC); live refresh daily in season,missing -> column mean + missingness flag (models),cfb_v2_fv1
h_sr_pass__def_rec,pure,home team sr_pass rating component def_rec,stage 3 joint Bayesian ridge (pbp),posterior at prediction_ts; metric units vs league mean,weekly freeze (Tue 12:00 UTC); live refresh daily in season,missing -> column mean + missingness flag (models),cfb_v2_fv1
h_sr_pd__def_rec,pure,home team sr_pd rating component def_rec,stage 3 joint Bayesian ridge (pbp),posterior at prediction_ts; metric units vs league mean,weekly freeze (Tue 12:00 UTC); live refresh daily in season,missing -> column mean + missingness flag (models),cfb_v2_fv1
h_sr_rush__def_rec,pure,home team sr_rush rating component def_rec,stage 3 joint Bayesian ridge (pbp),posterior at prediction_ts; metric units vs league mean,weekly freeze (Tue 12:00 UTC); live refresh daily in season,missing -> column mean + missingness flag (models),cfb_v2_fv1
h_st_net__def_rec,pure,home team st_net rating component def_rec,stage 3 joint Bayesian ridge (pbp),posterior at prediction_ts; metric units vs league mean,weekly freeze (Tue 12:00 UTC); live refresh daily in season,missing -> column mean + missingness flag (models),cfb_v2_fv1
h_start_fp__def_rec,pure,home team start_fp rating component def_rec,stage 3 joint Bayesian ridge (pbp),posterior at prediction_ts; metric units vs league mean,weekly freeze (Tue 12:00 UTC); live refresh daily in season,missing -> column mean + missingness flag (models),cfb_v2_fv1
h_stuff__def_rec,pure,home team stuff rating component def_rec,stage 3 joint Bayesian ridge (pbp),posterior at prediction_ts; metric units vs league mean,weekly freeze (Tue 12:00 UTC); live refresh daily in season,missing -> column mean + missingness flag (models),cfb_v2_fv1
h_to_rate__def_rec,pure,home team to_rate rating component def_rec,stage 3 joint Bayesian ridge (pbp),posterior at prediction_ts; metric units vs league mean,weekly freeze (Tue 12:00 UTC); live refresh daily in season,missing -> column mean + missingness flag (models),cfb_v2_fv1
h_drive_epa__def_var,pure,home team drive_epa rating component def_var,stage 3 joint Bayesian ridge (pbp),posterior at prediction_ts; metric units vs league mean,weekly freeze (Tue 12:00 UTC); live refresh daily in season,missing -> column mean + missingness flag (models),cfb_v2_fv1
h_drives_pg__def_var,pure,home team drives_pg rating component def_var,stage 3 joint Bayesian ridge (pbp),posterior at prediction_ts; metric units vs league mean,weekly freeze (Tue 12:00 UTC); live refresh daily in season,missing -> column mean + missingness flag (models),cfb_v2_fv1
h_epa__def_var,pure,home team epa rating component def_var,stage 3 joint Bayesian ridge (pbp),posterior at prediction_ts; metric units vs league mean,weekly freeze (Tue 12:00 UTC); live refresh daily in season,missing -> column mean + missingness flag (models),cfb_v2_fv1
h_epa_pass__def_var,pure,home team epa_pass rating component def_var,stage 3 joint Bayesian ridge (pbp),posterior at prediction_ts; metric units vs league mean,weekly freeze (Tue 12:00 UTC); live refresh daily in season,missing -> column mean + missingness flag (models),cfb_v2_fv1
h_epa_rush__def_var,pure,home team epa_rush rating component def_var,stage 3 joint Bayesian ridge (pbp),posterior at prediction_ts; metric units vs league mean,weekly freeze (Tue 12:00 UTC); live refresh daily in season,missing -> column mean + missingness flag (models),cfb_v2_fv1
h_expl__def_var,pure,home team expl rating component def_var,stage 3 joint Bayesian ridge (pbp),posterior at prediction_ts; metric units vs league mean,weekly freeze (Tue 12:00 UTC); live refresh daily in season,missing -> column mean + missingness flag (models),cfb_v2_fv1
h_expl_pass__def_var,pure,home team expl_pass rating component def_var,stage 3 joint Bayesian ridge (pbp),posterior at prediction_ts; metric units vs league mean,weekly freeze (Tue 12:00 UTC); live refresh daily in season,missing -> column mean + missingness flag (models),cfb_v2_fv1
h_expl_rush__def_var,pure,home team expl_rush rating component def_var,stage 3 joint Bayesian ridge (pbp),posterior at prediction_ts; metric units vs league mean,weekly freeze (Tue 12:00 UTC); live refresh daily in season,missing -> column mean + missingness flag (models),cfb_v2_fv1
h_fg_value__def_var,pure,home team fg_value rating component def_var,stage 3 joint Bayesian ridge (pbp),posterior at prediction_ts; metric units vs league mean,weekly freeze (Tue 12:00 UTC); live refresh daily in season,missing -> column mean + missingness flag (models),cfb_v2_fv1
h_havoc__def_var,pure,home team havoc rating component def_var,stage 3 joint Bayesian ridge (pbp),posterior at prediction_ts; metric units vs league mean,weekly freeze (Tue 12:00 UTC); live refresh daily in season,missing -> column mean + missingness flag (models),cfb_v2_fv1
h_line_yds__def_var,pure,home team line_yds rating component def_var,stage 3 joint Bayesian ridge (pbp),posterior at prediction_ts; metric units vs league mean,weekly freeze (Tue 12:00 UTC); live refresh daily in season,missing -> column mean + missingness flag (models),cfb_v2_fv1
h_opp_rate__def_var,pure,home team opp_rate rating component def_var,stage 3 joint Bayesian ridge (pbp),posterior at prediction_ts; metric units vs league mean,weekly freeze (Tue 12:00 UTC); live refresh daily in season,missing -> column mean + missingness flag (models),cfb_v2_fv1
h_pass_rate__def_var,pure,home team pass_rate rating component def_var,stage 3 joint Bayesian ridge (pbp),posterior at prediction_ts; metric units vs league mean,weekly freeze (Tue 12:00 UTC); live refresh daily in season,missing -> column mean + missingness flag (models),cfb_v2_fv1
h_plays_pg__def_var,pure,home team plays_pg rating component def_var,stage 3 joint Bayesian ridge (pbp),posterior at prediction_ts; metric units vs league mean,weekly freeze (Tue 12:00 UTC); live refresh daily in season,missing -> column mean + missingness flag (models),cfb_v2_fv1
h_ppd__def_var,pure,home team ppd rating component def_var,stage 3 joint Bayesian ridge (pbp),posterior at prediction_ts; metric units vs league mean,weekly freeze (Tue 12:00 UTC); live refresh daily in season,missing -> column mean + missingness flag (models),cfb_v2_fv1
h_pts_per_opp__def_var,pure,home team pts_per_opp rating component def_var,stage 3 joint Bayesian ridge (pbp),posterior at prediction_ts; metric units vs league mean,weekly freeze (Tue 12:00 UTC); live refresh daily in season,missing -> column mean + missingness flag (models),cfb_v2_fv1
h_sack_rate__def_var,pure,home team sack_rate rating component def_var,stage 3 joint Bayesian ridge (pbp),posterior at prediction_ts; metric units vs league mean,weekly freeze (Tue 12:00 UTC); live refresh daily in season,missing -> column mean + missingness flag (models),cfb_v2_fv1
h_so_rate__def_var,pure,home team so_rate rating component def_var,stage 3 joint Bayesian ridge (pbp),posterior at prediction_ts; metric units vs league mean,weekly freeze (Tue 12:00 UTC); live refresh daily in season,missing -> column mean + missingness flag (models),cfb_v2_fv1
h_sr__def_var,pure,home team sr rating component def_var,stage 3 joint Bayesian ridge (pbp),posterior at prediction_ts; metric units vs league mean,weekly freeze (Tue 12:00 UTC); live refresh daily in season,missing -> column mean + missingness flag (models),cfb_v2_fv1
h_sr_3rd__def_var,pure,home team sr_3rd rating component def_var,stage 3 joint Bayesian ridge (pbp),posterior at prediction_ts; metric units vs league mean,weekly freeze (Tue 12:00 UTC); live refresh daily in season,missing -> column mean + missingness flag (models),cfb_v2_fv1
h_sr_early__def_var,pure,home team sr_early rating component def_var,stage 3 joint Bayesian ridge (pbp),posterior at prediction_ts; metric units vs league mean,weekly freeze (Tue 12:00 UTC); live refresh daily in season,missing -> column mean + missingness flag (models),cfb_v2_fv1
h_sr_pass__def_var,pure,home team sr_pass rating component def_var,stage 3 joint Bayesian ridge (pbp),posterior at prediction_ts; metric units vs league mean,weekly freeze (Tue 12:00 UTC); live refresh daily in season,missing -> column mean + missingness flag (models),cfb_v2_fv1
h_sr_pd__def_var,pure,home team sr_pd rating component def_var,stage 3 joint Bayesian ridge (pbp),posterior at prediction_ts; metric units vs league mean,weekly freeze (Tue 12:00 UTC); live refresh daily in season,missing -> column mean + missingness flag (models),cfb_v2_fv1
h_sr_rush__def_var,pure,home team sr_rush rating component def_var,stage 3 joint Bayesian ridge (pbp),posterior at prediction_ts; metric units vs league mean,weekly freeze (Tue 12:00 UTC); live refresh daily in season,missing -> column mean + missingness flag (models),cfb_v2_fv1
h_st_net__def_var,pure,home team st_net rating component def_var,stage 3 joint Bayesian ridge (pbp),posterior at prediction_ts; metric units vs league mean,weekly freeze (Tue 12:00 UTC); live refresh daily in season,missing -> column mean + missingness flag (models),cfb_v2_fv1
h_start_fp__def_var,pure,home team start_fp rating component def_var,stage 3 joint Bayesian ridge (pbp),posterior at prediction_ts; metric units vs league mean,weekly freeze (Tue 12:00 UTC); live refresh daily in season,missing -> column mean + missingness flag (models),cfb_v2_fv1
h_stuff__def_var,pure,home team stuff rating component def_var,stage 3 joint Bayesian ridge (pbp),posterior at prediction_ts; metric units vs league mean,weekly freeze (Tue 12:00 UTC); live refresh daily in season,missing -> column mean + missingness flag (models),cfb_v2_fv1
h_to_rate__def_var,pure,home team to_rate rating component def_var,stage 3 joint Bayesian ridge (pbp),posterior at prediction_ts; metric units vs league mean,weekly freeze (Tue 12:00 UTC); live refresh daily in season,missing -> column mean + missingness flag (models),cfb_v2_fv1
h_epa__l2_def,pure,home team epa rating component l2_def,stage 3 joint Bayesian ridge (pbp),posterior at prediction_ts; metric units vs league mean,weekly freeze (Tue 12:00 UTC); live refresh daily in season,missing -> column mean + missingness flag (models),cfb_v2_fv1
h_epa_pass__l2_def,pure,home team epa_pass rating component l2_def,stage 3 joint Bayesian ridge (pbp),posterior at prediction_ts; metric units vs league mean,weekly freeze (Tue 12:00 UTC); live refresh daily in season,missing -> column mean + missingness flag (models),cfb_v2_fv1
h_epa_rush__l2_def,pure,home team epa_rush rating component l2_def,stage 3 joint Bayesian ridge (pbp),posterior at prediction_ts; metric units vs league mean,weekly freeze (Tue 12:00 UTC); live refresh daily in season,missing -> column mean + missingness flag (models),cfb_v2_fv1
h_ppd__l2_def,pure,home team ppd rating component l2_def,stage 3 joint Bayesian ridge (pbp),posterior at prediction_ts; metric units vs league mean,weekly freeze (Tue 12:00 UTC); live refresh daily in season,missing -> column mean + missingness flag (models),cfb_v2_fv1
h_sr__l2_def,pure,home team sr rating component l2_def,stage 3 joint Bayesian ridge (pbp),posterior at prediction_ts; metric units vs league mean,weekly freeze (Tue 12:00 UTC); live refresh daily in season,missing -> column mean + missingness flag (models),cfb_v2_fv1
h_epa__l2_off,pure,home team epa rating component l2_off,stage 3 joint Bayesian ridge (pbp),posterior at prediction_ts; metric units vs league mean,weekly freeze (Tue 12:00 UTC); live refresh daily in season,missing -> column mean + missingness flag (models),cfb_v2_fv1
h_epa_pass__l2_off,pure,home team epa_pass rating component l2_off,stage 3 joint Bayesian ridge (pbp),posterior at prediction_ts; metric units vs league mean,weekly freeze (Tue 12:00 UTC); live refresh daily in season,missing -> column mean + missingness flag (models),cfb_v2_fv1
h_epa_rush__l2_off,pure,home team epa_rush rating component l2_off,stage 3 joint Bayesian ridge (pbp),posterior at prediction_ts; metric units vs league mean,weekly freeze (Tue 12:00 UTC); live refresh daily in season,missing -> column mean + missingness flag (models),cfb_v2_fv1
h_ppd__l2_off,pure,home team ppd rating component l2_off,stage 3 joint Bayesian ridge (pbp),posterior at prediction_ts; metric units vs league mean,weekly freeze (Tue 12:00 UTC); live refresh daily in season,missing -> column mean + missingness flag (models),cfb_v2_fv1
h_sr__l2_off,pure,home team sr rating component l2_off,stage 3 joint Bayesian ridge (pbp),posterior at prediction_ts; metric units vs league mean,weekly freeze (Tue 12:00 UTC); live refresh daily in season,missing -> column mean + missingness flag (models),cfb_v2_fv1
h_epa__l4_def,pure,home team epa rating component l4_def,stage 3 joint Bayesian ridge (pbp),posterior at prediction_ts; metric units vs league mean,weekly freeze (Tue 12:00 UTC); live refresh daily in season,missing -> column mean + missingness flag (models),cfb_v2_fv1
h_epa_pass__l4_def,pure,home team epa_pass rating component l4_def,stage 3 joint Bayesian ridge (pbp),posterior at prediction_ts; metric units vs league mean,weekly freeze (Tue 12:00 UTC); live refresh daily in season,missing -> column mean + missingness flag (models),cfb_v2_fv1
h_epa_rush__l4_def,pure,home team epa_rush rating component l4_def,stage 3 joint Bayesian ridge (pbp),posterior at prediction_ts; metric units vs league mean,weekly freeze (Tue 12:00 UTC); live refresh daily in season,missing -> column mean + missingness flag (models),cfb_v2_fv1
h_ppd__l4_def,pure,home team ppd rating component l4_def,stage 3 joint Bayesian ridge (pbp),posterior at prediction_ts; metric units vs league mean,weekly freeze (Tue 12:00 UTC); live refresh daily in season,missing -> column mean + missingness flag (models),cfb_v2_fv1
h_sr__l4_def,pure,home team sr rating component l4_def,stage 3 joint Bayesian ridge (pbp),posterior at prediction_ts; metric units vs league mean,weekly freeze (Tue 12:00 UTC); live refresh daily in season,missing -> column mean + missingness flag (models),cfb_v2_fv1
h_epa__l4_off,pure,home team epa rating component l4_off,stage 3 joint Bayesian ridge (pbp),posterior at prediction_ts; metric units vs league mean,weekly freeze (Tue 12:00 UTC); live refresh daily in season,missing -> column mean + missingness flag (models),cfb_v2_fv1
h_epa_pass__l4_off,pure,home team epa_pass rating component l4_off,stage 3 joint Bayesian ridge (pbp),posterior at prediction_ts; metric units vs league mean,weekly freeze (Tue 12:00 UTC); live refresh daily in season,missing -> column mean + missingness flag (models),cfb_v2_fv1
h_epa_rush__l4_off,pure,home team epa_rush rating component l4_off,stage 3 joint Bayesian ridge (pbp),posterior at prediction_ts; metric units vs league mean,weekly freeze (Tue 12:00 UTC); live refresh daily in season,missing -> column mean + missingness flag (models),cfb_v2_fv1
h_ppd__l4_off,pure,home team ppd rating component l4_off,stage 3 joint Bayesian ridge (pbp),posterior at prediction_ts; metric units vs league mean,weekly freeze (Tue 12:00 UTC); live refresh daily in season,missing -> column mean + missingness flag (models),cfb_v2_fv1
h_sr__l4_off,pure,home team sr rating component l4_off,stage 3 joint Bayesian ridge (pbp),posterior at prediction_ts; metric units vs league mean,weekly freeze (Tue 12:00 UTC); live refresh daily in season,missing -> column mean + missingness flag (models),cfb_v2_fv1
h_drive_epa__n_eff_off,pure,home team drive_epa rating component n_eff_off,stage 3 joint Bayesian ridge (pbp),posterior at prediction_ts; metric units vs league mean,weekly freeze (Tue 12:00 UTC); live refresh daily in season,missing -> column mean + missingness flag (models),cfb_v2_fv1
h_drives_pg__n_eff_off,pure,home team drives_pg rating component n_eff_off,stage 3 joint Bayesian ridge (pbp),posterior at prediction_ts; metric units vs league mean,weekly freeze (Tue 12:00 UTC); live refresh daily in season,missing -> column mean + missingness flag (models),cfb_v2_fv1
h_epa__n_eff_off,pure,home team epa rating component n_eff_off,stage 3 joint Bayesian ridge (pbp),posterior at prediction_ts; metric units vs league mean,weekly freeze (Tue 12:00 UTC); live refresh daily in season,missing -> column mean + missingness flag (models),cfb_v2_fv1
h_epa_pass__n_eff_off,pure,home team epa_pass rating component n_eff_off,stage 3 joint Bayesian ridge (pbp),posterior at prediction_ts; metric units vs league mean,weekly freeze (Tue 12:00 UTC); live refresh daily in season,missing -> column mean + missingness flag (models),cfb_v2_fv1
h_epa_rush__n_eff_off,pure,home team epa_rush rating component n_eff_off,stage 3 joint Bayesian ridge (pbp),posterior at prediction_ts; metric units vs league mean,weekly freeze (Tue 12:00 UTC); live refresh daily in season,missing -> column mean + missingness flag (models),cfb_v2_fv1
h_expl__n_eff_off,pure,home team expl rating component n_eff_off,stage 3 joint Bayesian ridge (pbp),posterior at prediction_ts; metric units vs league mean,weekly freeze (Tue 12:00 UTC); live refresh daily in season,missing -> column mean + missingness flag (models),cfb_v2_fv1
h_expl_pass__n_eff_off,pure,home team expl_pass rating component n_eff_off,stage 3 joint Bayesian ridge (pbp),posterior at prediction_ts; metric units vs league mean,weekly freeze (Tue 12:00 UTC); live refresh daily in season,missing -> column mean + missingness flag (models),cfb_v2_fv1
h_expl_rush__n_eff_off,pure,home team expl_rush rating component n_eff_off,stage 3 joint Bayesian ridge (pbp),posterior at prediction_ts; metric units vs league mean,weekly freeze (Tue 12:00 UTC); live refresh daily in season,missing -> column mean + missingness flag (models),cfb_v2_fv1
h_fg_value__n_eff_off,pure,home team fg_value rating component n_eff_off,stage 3 joint Bayesian ridge (pbp),posterior at prediction_ts; metric units vs league mean,weekly freeze (Tue 12:00 UTC); live refresh daily in season,missing -> column mean + missingness flag (models),cfb_v2_fv1
h_havoc__n_eff_off,pure,home team havoc rating component n_eff_off,stage 3 joint Bayesian ridge (pbp),posterior at prediction_ts; metric units vs league mean,weekly freeze (Tue 12:00 UTC); live refresh daily in season,missing -> column mean + missingness flag (models),cfb_v2_fv1
h_line_yds__n_eff_off,pure,home team line_yds rating component n_eff_off,stage 3 joint Bayesian ridge (pbp),posterior at prediction_ts; metric units vs league mean,weekly freeze (Tue 12:00 UTC); live refresh daily in season,missing -> column mean + missingness flag (models),cfb_v2_fv1
h_opp_rate__n_eff_off,pure,home team opp_rate rating component n_eff_off,stage 3 joint Bayesian ridge (pbp),posterior at prediction_ts; metric units vs league mean,weekly freeze (Tue 12:00 UTC); live refresh daily in season,missing -> column mean + missingness flag (models),cfb_v2_fv1
h_pass_rate__n_eff_off,pure,home team pass_rate rating component n_eff_off,stage 3 joint Bayesian ridge (pbp),posterior at prediction_ts; metric units vs league mean,weekly freeze (Tue 12:00 UTC); live refresh daily in season,missing -> column mean + missingness flag (models),cfb_v2_fv1
h_plays_pg__n_eff_off,pure,home team plays_pg rating component n_eff_off,stage 3 joint Bayesian ridge (pbp),posterior at prediction_ts; metric units vs league mean,weekly freeze (Tue 12:00 UTC); live refresh daily in season,missing -> column mean + missingness flag (models),cfb_v2_fv1
h_ppd__n_eff_off,pure,home team ppd rating component n_eff_off,stage 3 joint Bayesian ridge (pbp),posterior at prediction_ts; metric units vs league mean,weekly freeze (Tue 12:00 UTC); live refresh daily in season,missing -> column mean + missingness flag (models),cfb_v2_fv1
h_pts_per_opp__n_eff_off,pure,home team pts_per_opp rating component n_eff_off,stage 3 joint Bayesian ridge (pbp),posterior at prediction_ts; metric units vs league mean,weekly freeze (Tue 12:00 UTC); live refresh daily in season,missing -> column mean + missingness flag (models),cfb_v2_fv1
h_sack_rate__n_eff_off,pure,home team sack_rate rating component n_eff_off,stage 3 joint Bayesian ridge (pbp),posterior at prediction_ts; metric units vs league mean,weekly freeze (Tue 12:00 UTC); live refresh daily in season,missing -> column mean + missingness flag (models),cfb_v2_fv1
h_so_rate__n_eff_off,pure,home team so_rate rating component n_eff_off,stage 3 joint Bayesian ridge (pbp),posterior at prediction_ts; metric units vs league mean,weekly freeze (Tue 12:00 UTC); live refresh daily in season,missing -> column mean + missingness flag (models),cfb_v2_fv1
h_sr__n_eff_off,pure,home team sr rating component n_eff_off,stage 3 joint Bayesian ridge (pbp),posterior at prediction_ts; metric units vs league mean,weekly freeze (Tue 12:00 UTC); live refresh daily in season,missing -> column mean + missingness flag (models),cfb_v2_fv1
h_sr_3rd__n_eff_off,pure,home team sr_3rd rating component n_eff_off,stage 3 joint Bayesian ridge (pbp),posterior at prediction_ts; metric units vs league mean,weekly freeze (Tue 12:00 UTC); live refresh daily in season,missing -> column mean + missingness flag (models),cfb_v2_fv1
h_sr_early__n_eff_off,pure,home team sr_early rating component n_eff_off,stage 3 joint Bayesian ridge (pbp),posterior at prediction_ts; metric units vs league mean,weekly freeze (Tue 12:00 UTC); live refresh daily in season,missing -> column mean + missingness flag (models),cfb_v2_fv1
h_sr_pass__n_eff_off,pure,home team sr_pass rating component n_eff_off,stage 3 joint Bayesian ridge (pbp),posterior at prediction_ts; metric units vs league mean,weekly freeze (Tue 12:00 UTC); live refresh daily in season,missing -> column mean + missingness flag (models),cfb_v2_fv1
h_sr_pd__n_eff_off,pure,home team sr_pd rating component n_eff_off,stage 3 joint Bayesian ridge (pbp),posterior at prediction_ts; metric units vs league mean,weekly freeze (Tue 12:00 UTC); live refresh daily in season,missing -> column mean + missingness flag (models),cfb_v2_fv1
h_sr_rush__n_eff_off,pure,home team sr_rush rating component n_eff_off,stage 3 joint Bayesian ridge (pbp),posterior at prediction_ts; metric units vs league mean,weekly freeze (Tue 12:00 UTC); live refresh daily in season,missing -> column mean + missingness flag (models),cfb_v2_fv1
h_st_net__n_eff_off,pure,home team st_net rating component n_eff_off,stage 3 joint Bayesian ridge (pbp),posterior at prediction_ts; metric units vs league mean,weekly freeze (Tue 12:00 UTC); live refresh daily in season,missing -> column mean + missingness flag (models),cfb_v2_fv1
h_start_fp__n_eff_off,pure,home team start_fp rating component n_eff_off,stage 3 joint Bayesian ridge (pbp),posterior at prediction_ts; metric units vs league mean,weekly freeze (Tue 12:00 UTC); live refresh daily in season,missing -> column mean + missingness flag (models),cfb_v2_fv1
h_stuff__n_eff_off,pure,home team stuff rating component n_eff_off,stage 3 joint Bayesian ridge (pbp),posterior at prediction_ts; metric units vs league mean,weekly freeze (Tue 12:00 UTC); live refresh daily in season,missing -> column mean + missingness flag (models),cfb_v2_fv1
h_to_rate__n_eff_off,pure,home team to_rate rating component n_eff_off,stage 3 joint Bayesian ridge (pbp),posterior at prediction_ts; metric units vs league mean,weekly freeze (Tue 12:00 UTC); live refresh daily in season,missing -> column mean + missingness flag (models),cfb_v2_fv1
h_drive_epa__n_obs_off,pure,home team drive_epa rating component n_obs_off,stage 3 joint Bayesian ridge (pbp),posterior at prediction_ts; metric units vs league mean,weekly freeze (Tue 12:00 UTC); live refresh daily in season,missing -> column mean + missingness flag (models),cfb_v2_fv1
h_drives_pg__n_obs_off,pure,home team drives_pg rating component n_obs_off,stage 3 joint Bayesian ridge (pbp),posterior at prediction_ts; metric units vs league mean,weekly freeze (Tue 12:00 UTC); live refresh daily in season,missing -> column mean + missingness flag (models),cfb_v2_fv1
h_epa__n_obs_off,pure,home team epa rating component n_obs_off,stage 3 joint Bayesian ridge (pbp),posterior at prediction_ts; metric units vs league mean,weekly freeze (Tue 12:00 UTC); live refresh daily in season,missing -> column mean + missingness flag (models),cfb_v2_fv1
h_epa_pass__n_obs_off,pure,home team epa_pass rating component n_obs_off,stage 3 joint Bayesian ridge (pbp),posterior at prediction_ts; metric units vs league mean,weekly freeze (Tue 12:00 UTC); live refresh daily in season,missing -> column mean + missingness flag (models),cfb_v2_fv1
h_epa_rush__n_obs_off,pure,home team epa_rush rating component n_obs_off,stage 3 joint Bayesian ridge (pbp),posterior at prediction_ts; metric units vs league mean,weekly freeze (Tue 12:00 UTC); live refresh daily in season,missing -> column mean + missingness flag (models),cfb_v2_fv1
h_expl__n_obs_off,pure,home team expl rating component n_obs_off,stage 3 joint Bayesian ridge (pbp),posterior at prediction_ts; metric units vs league mean,weekly freeze (Tue 12:00 UTC); live refresh daily in season,missing -> column mean + missingness flag (models),cfb_v2_fv1
h_expl_pass__n_obs_off,pure,home team expl_pass rating component n_obs_off,stage 3 joint Bayesian ridge (pbp),posterior at prediction_ts; metric units vs league mean,weekly freeze (Tue 12:00 UTC); live refresh daily in season,missing -> column mean + missingness flag (models),cfb_v2_fv1
h_expl_rush__n_obs_off,pure,home team expl_rush rating component n_obs_off,stage 3 joint Bayesian ridge (pbp),posterior at prediction_ts; metric units vs league mean,weekly freeze (Tue 12:00 UTC); live refresh daily in season,missing -> column mean + missingness flag (models),cfb_v2_fv1
h_fg_value__n_obs_off,pure,home team fg_value rating component n_obs_off,stage 3 joint Bayesian ridge (pbp),posterior at prediction_ts; metric units vs league mean,weekly freeze (Tue 12:00 UTC); live refresh daily in season,missing -> column mean + missingness flag (models),cfb_v2_fv1
h_havoc__n_obs_off,pure,home team havoc rating component n_obs_off,stage 3 joint Bayesian ridge (pbp),posterior at prediction_ts; metric units vs league mean,weekly freeze (Tue 12:00 UTC); live refresh daily in season,missing -> column mean + missingness flag (models),cfb_v2_fv1
h_line_yds__n_obs_off,pure,home team line_yds rating component n_obs_off,stage 3 joint Bayesian ridge (pbp),posterior at prediction_ts; metric units vs league mean,weekly freeze (Tue 12:00 UTC); live refresh daily in season,missing -> column mean + missingness flag (models),cfb_v2_fv1
h_opp_rate__n_obs_off,pure,home team opp_rate rating component n_obs_off,stage 3 joint Bayesian ridge (pbp),posterior at prediction_ts; metric units vs league mean,weekly freeze (Tue 12:00 UTC); live refresh daily in season,missing -> column mean + missingness flag (models),cfb_v2_fv1
h_pass_rate__n_obs_off,pure,home team pass_rate rating component n_obs_off,stage 3 joint Bayesian ridge (pbp),posterior at prediction_ts; metric units vs league mean,weekly freeze (Tue 12:00 UTC); live refresh daily in season,missing -> column mean + missingness flag (models),cfb_v2_fv1
h_plays_pg__n_obs_off,pure,home team plays_pg rating component n_obs_off,stage 3 joint Bayesian ridge (pbp),posterior at prediction_ts; metric units vs league mean,weekly freeze (Tue 12:00 UTC); live refresh daily in season,missing -> column mean + missingness flag (models),cfb_v2_fv1
h_ppd__n_obs_off,pure,home team ppd rating component n_obs_off,stage 3 joint Bayesian ridge (pbp),posterior at prediction_ts; metric units vs league mean,weekly freeze (Tue 12:00 UTC); live refresh daily in season,missing -> column mean + missingness flag (models),cfb_v2_fv1
h_pts_per_opp__n_obs_off,pure,home team pts_per_opp rating component n_obs_off,stage 3 joint Bayesian ridge (pbp),posterior at prediction_ts; metric units vs league mean,weekly freeze (Tue 12:00 UTC); live refresh daily in season,missing -> column mean + missingness flag (models),cfb_v2_fv1
h_sack_rate__n_obs_off,pure,home team sack_rate rating component n_obs_off,stage 3 joint Bayesian ridge (pbp),posterior at prediction_ts; metric units vs league mean,weekly freeze (Tue 12:00 UTC); live refresh daily in season,missing -> column mean + missingness flag (models),cfb_v2_fv1
h_so_rate__n_obs_off,pure,home team so_rate rating component n_obs_off,stage 3 joint Bayesian ridge (pbp),posterior at prediction_ts; metric units vs league mean,weekly freeze (Tue 12:00 UTC); live refresh daily in season,missing -> column mean + missingness flag (models),cfb_v2_fv1
h_sr__n_obs_off,pure,home team sr rating component n_obs_off,stage 3 joint Bayesian ridge (pbp),posterior at prediction_ts; metric units vs league mean,weekly freeze (Tue 12:00 UTC); live refresh daily in season,missing -> column mean + missingness flag (models),cfb_v2_fv1
h_sr_3rd__n_obs_off,pure,home team sr_3rd rating component n_obs_off,stage 3 joint Bayesian ridge (pbp),posterior at prediction_ts; metric units vs league mean,weekly freeze (Tue 12:00 UTC); live refresh daily in season,missing -> column mean + missingness flag (models),cfb_v2_fv1
h_sr_early__n_obs_off,pure,home team sr_early rating component n_obs_off,stage 3 joint Bayesian ridge (pbp),posterior at prediction_ts; metric units vs league mean,weekly freeze (Tue 12:00 UTC); live refresh daily in season,missing -> column mean + missingness flag (models),cfb_v2_fv1
h_sr_pass__n_obs_off,pure,home team sr_pass rating component n_obs_off,stage 3 joint Bayesian ridge (pbp),posterior at prediction_ts; metric units vs league mean,weekly freeze (Tue 12:00 UTC); live refresh daily in season,missing -> column mean + missingness flag (models),cfb_v2_fv1
h_sr_pd__n_obs_off,pure,home team sr_pd rating component n_obs_off,stage 3 joint Bayesian ridge (pbp),posterior at prediction_ts; metric units vs league mean,weekly freeze (Tue 12:00 UTC); live refresh daily in season,missing -> column mean + missingness flag (models),cfb_v2_fv1
h_sr_rush__n_obs_off,pure,home team sr_rush rating component n_obs_off,stage 3 joint Bayesian ridge (pbp),posterior at prediction_ts; metric units vs league mean,weekly freeze (Tue 12:00 UTC); live refresh daily in season,missing -> column mean + missingness flag (models),cfb_v2_fv1
h_st_net__n_obs_off,pure,home team st_net rating component n_obs_off,stage 3 joint Bayesian ridge (pbp),posterior at prediction_ts; metric units vs league mean,weekly freeze (Tue 12:00 UTC); live refresh daily in season,missing -> column mean + missingness flag (models),cfb_v2_fv1
h_start_fp__n_obs_off,pure,home team start_fp rating component n_obs_off,stage 3 joint Bayesian ridge (pbp),posterior at prediction_ts; metric units vs league mean,weekly freeze (Tue 12:00 UTC); live refresh daily in season,missing -> column mean + missingness flag (models),cfb_v2_fv1
h_stuff__n_obs_off,pure,home team stuff rating component n_obs_off,stage 3 joint Bayesian ridge (pbp),posterior at prediction_ts; metric units vs league mean,weekly freeze (Tue 12:00 UTC); live refresh daily in season,missing -> column mean + missingness flag (models),cfb_v2_fv1
h_to_rate__n_obs_off,pure,home team to_rate rating component n_obs_off,stage 3 joint Bayesian ridge (pbp),posterior at prediction_ts; metric units vs league mean,weekly freeze (Tue 12:00 UTC); live refresh daily in season,missing -> column mean + missingness flag (models),cfb_v2_fv1
h_drive_epa__off,pure,home team drive_epa rating component off,stage 3 joint Bayesian ridge (pbp),posterior at prediction_ts; metric units vs league mean,weekly freeze (Tue 12:00 UTC); live refresh daily in season,missing -> column mean + missingness flag (models),cfb_v2_fv1
h_drives_pg__off,pure,home team drives_pg rating component off,stage 3 joint Bayesian ridge (pbp),posterior at prediction_ts; metric units vs league mean,weekly freeze (Tue 12:00 UTC); live refresh daily in season,missing -> column mean + missingness flag (models),cfb_v2_fv1
h_epa__off,pure,home team epa rating component off,stage 3 joint Bayesian ridge (pbp),posterior at prediction_ts; metric units vs league mean,weekly freeze (Tue 12:00 UTC); live refresh daily in season,missing -> column mean + missingness flag (models),cfb_v2_fv1
h_epa_pass__off,pure,home team epa_pass rating component off,stage 3 joint Bayesian ridge (pbp),posterior at prediction_ts; metric units vs league mean,weekly freeze (Tue 12:00 UTC); live refresh daily in season,missing -> column mean + missingness flag (models),cfb_v2_fv1
h_epa_rush__off,pure,home team epa_rush rating component off,stage 3 joint Bayesian ridge (pbp),posterior at prediction_ts; metric units vs league mean,weekly freeze (Tue 12:00 UTC); live refresh daily in season,missing -> column mean + missingness flag (models),cfb_v2_fv1
h_expl__off,pure,home team expl rating component off,stage 3 joint Bayesian ridge (pbp),posterior at prediction_ts; metric units vs league mean,weekly freeze (Tue 12:00 UTC); live refresh daily in season,missing -> column mean + missingness flag (models),cfb_v2_fv1
h_expl_pass__off,pure,home team expl_pass rating component off,stage 3 joint Bayesian ridge (pbp),posterior at prediction_ts; metric units vs league mean,weekly freeze (Tue 12:00 UTC); live refresh daily in season,missing -> column mean + missingness flag (models),cfb_v2_fv1
h_expl_rush__off,pure,home team expl_rush rating component off,stage 3 joint Bayesian ridge (pbp),posterior at prediction_ts; metric units vs league mean,weekly freeze (Tue 12:00 UTC); live refresh daily in season,missing -> column mean + missingness flag (models),cfb_v2_fv1
h_fg_value__off,pure,home team fg_value rating component off,stage 3 joint Bayesian ridge (pbp),posterior at prediction_ts; metric units vs league mean,weekly freeze (Tue 12:00 UTC); live refresh daily in season,missing -> column mean + missingness flag (models),cfb_v2_fv1
h_havoc__off,pure,home team havoc rating component off,stage 3 joint Bayesian ridge (pbp),posterior at prediction_ts; metric units vs league mean,weekly freeze (Tue 12:00 UTC); live refresh daily in season,missing -> column mean + missingness flag (models),cfb_v2_fv1
h_line_yds__off,pure,home team line_yds rating component off,stage 3 joint Bayesian ridge (pbp),posterior at prediction_ts; metric units vs league mean,weekly freeze (Tue 12:00 UTC); live refresh daily in season,missing -> column mean + missingness flag (models),cfb_v2_fv1
h_opp_rate__off,pure,home team opp_rate rating component off,stage 3 joint Bayesian ridge (pbp),posterior at prediction_ts; metric units vs league mean,weekly freeze (Tue 12:00 UTC); live refresh daily in season,missing -> column mean + missingness flag (models),cfb_v2_fv1
h_pass_rate__off,pure,home team pass_rate rating component off,stage 3 joint Bayesian ridge (pbp),posterior at prediction_ts; metric units vs league mean,weekly freeze (Tue 12:00 UTC); live refresh daily in season,missing -> column mean + missingness flag (models),cfb_v2_fv1
h_plays_pg__off,pure,home team plays_pg rating component off,stage 3 joint Bayesian ridge (pbp),posterior at prediction_ts; metric units vs league mean,weekly freeze (Tue 12:00 UTC); live refresh daily in season,missing -> column mean + missingness flag (models),cfb_v2_fv1
h_ppd__off,pure,home team ppd rating component off,stage 3 joint Bayesian ridge (pbp),posterior at prediction_ts; metric units vs league mean,weekly freeze (Tue 12:00 UTC); live refresh daily in season,missing -> column mean + missingness flag (models),cfb_v2_fv1
h_pts_per_opp__off,pure,home team pts_per_opp rating component off,stage 3 joint Bayesian ridge (pbp),posterior at prediction_ts; metric units vs league mean,weekly freeze (Tue 12:00 UTC); live refresh daily in season,missing -> column mean + missingness flag (models),cfb_v2_fv1
h_sack_rate__off,pure,home team sack_rate rating component off,stage 3 joint Bayesian ridge (pbp),posterior at prediction_ts; metric units vs league mean,weekly freeze (Tue 12:00 UTC); live refresh daily in season,missing -> column mean + missingness flag (models),cfb_v2_fv1
h_so_rate__off,pure,home team so_rate rating component off,stage 3 joint Bayesian ridge (pbp),posterior at prediction_ts; metric units vs league mean,weekly freeze (Tue 12:00 UTC); live refresh daily in season,missing -> column mean + missingness flag (models),cfb_v2_fv1
h_sr__off,pure,home team sr rating component off,stage 3 joint Bayesian ridge (pbp),posterior at prediction_ts; metric units vs league mean,weekly freeze (Tue 12:00 UTC); live refresh daily in season,missing -> column mean + missingness flag (models),cfb_v2_fv1
h_sr_3rd__off,pure,home team sr_3rd rating component off,stage 3 joint Bayesian ridge (pbp),posterior at prediction_ts; metric units vs league mean,weekly freeze (Tue 12:00 UTC); live refresh daily in season,missing -> column mean + missingness flag (models),cfb_v2_fv1
h_sr_early__off,pure,home team sr_early rating component off,stage 3 joint Bayesian ridge (pbp),posterior at prediction_ts; metric units vs league mean,weekly freeze (Tue 12:00 UTC); live refresh daily in season,missing -> column mean + missingness flag (models),cfb_v2_fv1
h_sr_pass__off,pure,home team sr_pass rating component off,stage 3 joint Bayesian ridge (pbp),posterior at prediction_ts; metric units vs league mean,weekly freeze (Tue 12:00 UTC); live refresh daily in season,missing -> column mean + missingness flag (models),cfb_v2_fv1
h_sr_pd__off,pure,home team sr_pd rating component off,stage 3 joint Bayesian ridge (pbp),posterior at prediction_ts; metric units vs league mean,weekly freeze (Tue 12:00 UTC); live refresh daily in season,missing -> column mean + missingness flag (models),cfb_v2_fv1
h_sr_rush__off,pure,home team sr_rush rating component off,stage 3 joint Bayesian ridge (pbp),posterior at prediction_ts; metric units vs league mean,weekly freeze (Tue 12:00 UTC); live refresh daily in season,missing -> column mean + missingness flag (models),cfb_v2_fv1
h_st_net__off,pure,home team st_net rating component off,stage 3 joint Bayesian ridge (pbp),posterior at prediction_ts; metric units vs league mean,weekly freeze (Tue 12:00 UTC); live refresh daily in season,missing -> column mean + missingness flag (models),cfb_v2_fv1
h_start_fp__off,pure,home team start_fp rating component off,stage 3 joint Bayesian ridge (pbp),posterior at prediction_ts; metric units vs league mean,weekly freeze (Tue 12:00 UTC); live refresh daily in season,missing -> column mean + missingness flag (models),cfb_v2_fv1
h_stuff__off,pure,home team stuff rating component off,stage 3 joint Bayesian ridge (pbp),posterior at prediction_ts; metric units vs league mean,weekly freeze (Tue 12:00 UTC); live refresh daily in season,missing -> column mean + missingness flag (models),cfb_v2_fv1
h_to_rate__off,pure,home team to_rate rating component off,stage 3 joint Bayesian ridge (pbp),posterior at prediction_ts; metric units vs league mean,weekly freeze (Tue 12:00 UTC); live refresh daily in season,missing -> column mean + missingness flag (models),cfb_v2_fv1
h_drive_epa__off_rec,pure,home team drive_epa rating component off_rec,stage 3 joint Bayesian ridge (pbp),posterior at prediction_ts; metric units vs league mean,weekly freeze (Tue 12:00 UTC); live refresh daily in season,missing -> column mean + missingness flag (models),cfb_v2_fv1
h_drives_pg__off_rec,pure,home team drives_pg rating component off_rec,stage 3 joint Bayesian ridge (pbp),posterior at prediction_ts; metric units vs league mean,weekly freeze (Tue 12:00 UTC); live refresh daily in season,missing -> column mean + missingness flag (models),cfb_v2_fv1
h_epa__off_rec,pure,home team epa rating component off_rec,stage 3 joint Bayesian ridge (pbp),posterior at prediction_ts; metric units vs league mean,weekly freeze (Tue 12:00 UTC); live refresh daily in season,missing -> column mean + missingness flag (models),cfb_v2_fv1
h_epa_pass__off_rec,pure,home team epa_pass rating component off_rec,stage 3 joint Bayesian ridge (pbp),posterior at prediction_ts; metric units vs league mean,weekly freeze (Tue 12:00 UTC); live refresh daily in season,missing -> column mean + missingness flag (models),cfb_v2_fv1
h_epa_rush__off_rec,pure,home team epa_rush rating component off_rec,stage 3 joint Bayesian ridge (pbp),posterior at prediction_ts; metric units vs league mean,weekly freeze (Tue 12:00 UTC); live refresh daily in season,missing -> column mean + missingness flag (models),cfb_v2_fv1
h_expl__off_rec,pure,home team expl rating component off_rec,stage 3 joint Bayesian ridge (pbp),posterior at prediction_ts; metric units vs league mean,weekly freeze (Tue 12:00 UTC); live refresh daily in season,missing -> column mean + missingness flag (models),cfb_v2_fv1
h_expl_pass__off_rec,pure,home team expl_pass rating component off_rec,stage 3 joint Bayesian ridge (pbp),posterior at prediction_ts; metric units vs league mean,weekly freeze (Tue 12:00 UTC); live refresh daily in season,missing -> column mean + missingness flag (models),cfb_v2_fv1
h_expl_rush__off_rec,pure,home team expl_rush rating component off_rec,stage 3 joint Bayesian ridge (pbp),posterior at prediction_ts; metric units vs league mean,weekly freeze (Tue 12:00 UTC); live refresh daily in season,missing -> column mean + missingness flag (models),cfb_v2_fv1
h_fg_value__off_rec,pure,home team fg_value rating component off_rec,stage 3 joint Bayesian ridge (pbp),posterior at prediction_ts; metric units vs league mean,weekly freeze (Tue 12:00 UTC); live refresh daily in season,missing -> column mean + missingness flag (models),cfb_v2_fv1
h_havoc__off_rec,pure,home team havoc rating component off_rec,stage 3 joint Bayesian ridge (pbp),posterior at prediction_ts; metric units vs league mean,weekly freeze (Tue 12:00 UTC); live refresh daily in season,missing -> column mean + missingness flag (models),cfb_v2_fv1
h_line_yds__off_rec,pure,home team line_yds rating component off_rec,stage 3 joint Bayesian ridge (pbp),posterior at prediction_ts; metric units vs league mean,weekly freeze (Tue 12:00 UTC); live refresh daily in season,missing -> column mean + missingness flag (models),cfb_v2_fv1
h_opp_rate__off_rec,pure,home team opp_rate rating component off_rec,stage 3 joint Bayesian ridge (pbp),posterior at prediction_ts; metric units vs league mean,weekly freeze (Tue 12:00 UTC); live refresh daily in season,missing -> column mean + missingness flag (models),cfb_v2_fv1
h_pass_rate__off_rec,pure,home team pass_rate rating component off_rec,stage 3 joint Bayesian ridge (pbp),posterior at prediction_ts; metric units vs league mean,weekly freeze (Tue 12:00 UTC); live refresh daily in season,missing -> column mean + missingness flag (models),cfb_v2_fv1
h_plays_pg__off_rec,pure,home team plays_pg rating component off_rec,stage 3 joint Bayesian ridge (pbp),posterior at prediction_ts; metric units vs league mean,weekly freeze (Tue 12:00 UTC); live refresh daily in season,missing -> column mean + missingness flag (models),cfb_v2_fv1
h_ppd__off_rec,pure,home team ppd rating component off_rec,stage 3 joint Bayesian ridge (pbp),posterior at prediction_ts; metric units vs league mean,weekly freeze (Tue 12:00 UTC); live refresh daily in season,missing -> column mean + missingness flag (models),cfb_v2_fv1
h_pts_per_opp__off_rec,pure,home team pts_per_opp rating component off_rec,stage 3 joint Bayesian ridge (pbp),posterior at prediction_ts; metric units vs league mean,weekly freeze (Tue 12:00 UTC); live refresh daily in season,missing -> column mean + missingness flag (models),cfb_v2_fv1
h_sack_rate__off_rec,pure,home team sack_rate rating component off_rec,stage 3 joint Bayesian ridge (pbp),posterior at prediction_ts; metric units vs league mean,weekly freeze (Tue 12:00 UTC); live refresh daily in season,missing -> column mean + missingness flag (models),cfb_v2_fv1
h_so_rate__off_rec,pure,home team so_rate rating component off_rec,stage 3 joint Bayesian ridge (pbp),posterior at prediction_ts; metric units vs league mean,weekly freeze (Tue 12:00 UTC); live refresh daily in season,missing -> column mean + missingness flag (models),cfb_v2_fv1
h_sr__off_rec,pure,home team sr rating component off_rec,stage 3 joint Bayesian ridge (pbp),posterior at prediction_ts; metric units vs league mean,weekly freeze (Tue 12:00 UTC); live refresh daily in season,missing -> column mean + missingness flag (models),cfb_v2_fv1
h_sr_3rd__off_rec,pure,home team sr_3rd rating component off_rec,stage 3 joint Bayesian ridge (pbp),posterior at prediction_ts; metric units vs league mean,weekly freeze (Tue 12:00 UTC); live refresh daily in season,missing -> column mean + missingness flag (models),cfb_v2_fv1
h_sr_early__off_rec,pure,home team sr_early rating component off_rec,stage 3 joint Bayesian ridge (pbp),posterior at prediction_ts; metric units vs league mean,weekly freeze (Tue 12:00 UTC); live refresh daily in season,missing -> column mean + missingness flag (models),cfb_v2_fv1
h_sr_pass__off_rec,pure,home team sr_pass rating component off_rec,stage 3 joint Bayesian ridge (pbp),posterior at prediction_ts; metric units vs league mean,weekly freeze (Tue 12:00 UTC); live refresh daily in season,missing -> column mean + missingness flag (models),cfb_v2_fv1
h_sr_pd__off_rec,pure,home team sr_pd rating component off_rec,stage 3 joint Bayesian ridge (pbp),posterior at prediction_ts; metric units vs league mean,weekly freeze (Tue 12:00 UTC); live refresh daily in season,missing -> column mean + missingness flag (models),cfb_v2_fv1
h_sr_rush__off_rec,pure,home team sr_rush rating component off_rec,stage 3 joint Bayesian ridge (pbp),posterior at prediction_ts; metric units vs league mean,weekly freeze (Tue 12:00 UTC); live refresh daily in season,missing -> column mean + missingness flag (models),cfb_v2_fv1
h_st_net__off_rec,pure,home team st_net rating component off_rec,stage 3 joint Bayesian ridge (pbp),posterior at prediction_ts; metric units vs league mean,weekly freeze (Tue 12:00 UTC); live refresh daily in season,missing -> column mean + missingness flag (models),cfb_v2_fv1
h_start_fp__off_rec,pure,home team start_fp rating component off_rec,stage 3 joint Bayesian ridge (pbp),posterior at prediction_ts; metric units vs league mean,weekly freeze (Tue 12:00 UTC); live refresh daily in season,missing -> column mean + missingness flag (models),cfb_v2_fv1
h_stuff__off_rec,pure,home team stuff rating component off_rec,stage 3 joint Bayesian ridge (pbp),posterior at prediction_ts; metric units vs league mean,weekly freeze (Tue 12:00 UTC); live refresh daily in season,missing -> column mean + missingness flag (models),cfb_v2_fv1
h_to_rate__off_rec,pure,home team to_rate rating component off_rec,stage 3 joint Bayesian ridge (pbp),posterior at prediction_ts; metric units vs league mean,weekly freeze (Tue 12:00 UTC); live refresh daily in season,missing -> column mean + missingness flag (models),cfb_v2_fv1
h_drive_epa__off_var,pure,home team drive_epa rating component off_var,stage 3 joint Bayesian ridge (pbp),posterior at prediction_ts; metric units vs league mean,weekly freeze (Tue 12:00 UTC); live refresh daily in season,missing -> column mean + missingness flag (models),cfb_v2_fv1
h_drives_pg__off_var,pure,home team drives_pg rating component off_var,stage 3 joint Bayesian ridge (pbp),posterior at prediction_ts; metric units vs league mean,weekly freeze (Tue 12:00 UTC); live refresh daily in season,missing -> column mean + missingness flag (models),cfb_v2_fv1
h_epa__off_var,pure,home team epa rating component off_var,stage 3 joint Bayesian ridge (pbp),posterior at prediction_ts; metric units vs league mean,weekly freeze (Tue 12:00 UTC); live refresh daily in season,missing -> column mean + missingness flag (models),cfb_v2_fv1
h_epa_pass__off_var,pure,home team epa_pass rating component off_var,stage 3 joint Bayesian ridge (pbp),posterior at prediction_ts; metric units vs league mean,weekly freeze (Tue 12:00 UTC); live refresh daily in season,missing -> column mean + missingness flag (models),cfb_v2_fv1
h_epa_rush__off_var,pure,home team epa_rush rating component off_var,stage 3 joint Bayesian ridge (pbp),posterior at prediction_ts; metric units vs league mean,weekly freeze (Tue 12:00 UTC); live refresh daily in season,missing -> column mean + missingness flag (models),cfb_v2_fv1
h_expl__off_var,pure,home team expl rating component off_var,stage 3 joint Bayesian ridge (pbp),posterior at prediction_ts; metric units vs league mean,weekly freeze (Tue 12:00 UTC); live refresh daily in season,missing -> column mean + missingness flag (models),cfb_v2_fv1
h_expl_pass__off_var,pure,home team expl_pass rating component off_var,stage 3 joint Bayesian ridge (pbp),posterior at prediction_ts; metric units vs league mean,weekly freeze (Tue 12:00 UTC); live refresh daily in season,missing -> column mean + missingness flag (models),cfb_v2_fv1
h_expl_rush__off_var,pure,home team expl_rush rating component off_var,stage 3 joint Bayesian ridge (pbp),posterior at prediction_ts; metric units vs league mean,weekly freeze (Tue 12:00 UTC); live refresh daily in season,missing -> column mean + missingness flag (models),cfb_v2_fv1
h_fg_value__off_var,pure,home team fg_value rating component off_var,stage 3 joint Bayesian ridge (pbp),posterior at prediction_ts; metric units vs league mean,weekly freeze (Tue 12:00 UTC); live refresh daily in season,missing -> column mean + missingness flag (models),cfb_v2_fv1
h_havoc__off_var,pure,home team havoc rating component off_var,stage 3 joint Bayesian ridge (pbp),posterior at prediction_ts; metric units vs league mean,weekly freeze (Tue 12:00 UTC); live refresh daily in season,missing -> column mean + missingness flag (models),cfb_v2_fv1
h_line_yds__off_var,pure,home team line_yds rating component off_var,stage 3 joint Bayesian ridge (pbp),posterior at prediction_ts; metric units vs league mean,weekly freeze (Tue 12:00 UTC); live refresh daily in season,missing -> column mean + missingness flag (models),cfb_v2_fv1
h_opp_rate__off_var,pure,home team opp_rate rating component off_var,stage 3 joint Bayesian ridge (pbp),posterior at prediction_ts; metric units vs league mean,weekly freeze (Tue 12:00 UTC); live refresh daily in season,missing -> column mean + missingness flag (models),cfb_v2_fv1
h_pass_rate__off_var,pure,home team pass_rate rating component off_var,stage 3 joint Bayesian ridge (pbp),posterior at prediction_ts; metric units vs league mean,weekly freeze (Tue 12:00 UTC); live refresh daily in season,missing -> column mean + missingness flag (models),cfb_v2_fv1
h_plays_pg__off_var,pure,home team plays_pg rating component off_var,stage 3 joint Bayesian ridge (pbp),posterior at prediction_ts; metric units vs league mean,weekly freeze (Tue 12:00 UTC); live refresh daily in season,missing -> column mean + missingness flag (models),cfb_v2_fv1
h_ppd__off_var,pure,home team ppd rating component off_var,stage 3 joint Bayesian ridge (pbp),posterior at prediction_ts; metric units vs league mean,weekly freeze (Tue 12:00 UTC); live refresh daily in season,missing -> column mean + missingness flag (models),cfb_v2_fv1
h_pts_per_opp__off_var,pure,home team pts_per_opp rating component off_var,stage 3 joint Bayesian ridge (pbp),posterior at prediction_ts; metric units vs league mean,weekly freeze (Tue 12:00 UTC); live refresh daily in season,missing -> column mean + missingness flag (models),cfb_v2_fv1
h_sack_rate__off_var,pure,home team sack_rate rating component off_var,stage 3 joint Bayesian ridge (pbp),posterior at prediction_ts; metric units vs league mean,weekly freeze (Tue 12:00 UTC); live refresh daily in season,missing -> column mean + missingness flag (models),cfb_v2_fv1
h_so_rate__off_var,pure,home team so_rate rating component off_var,stage 3 joint Bayesian ridge (pbp),posterior at prediction_ts; metric units vs league mean,weekly freeze (Tue 12:00 UTC); live refresh daily in season,missing -> column mean + missingness flag (models),cfb_v2_fv1
h_sr__off_var,pure,home team sr rating component off_var,stage 3 joint Bayesian ridge (pbp),posterior at prediction_ts; metric units vs league mean,weekly freeze (Tue 12:00 UTC); live refresh daily in season,missing -> column mean + missingness flag (models),cfb_v2_fv1
h_sr_3rd__off_var,pure,home team sr_3rd rating component off_var,stage 3 joint Bayesian ridge (pbp),posterior at prediction_ts; metric units vs league mean,weekly freeze (Tue 12:00 UTC); live refresh daily in season,missing -> column mean + missingness flag (models),cfb_v2_fv1
h_sr_early__off_var,pure,home team sr_early rating component off_var,stage 3 joint Bayesian ridge (pbp),posterior at prediction_ts; metric units vs league mean,weekly freeze (Tue 12:00 UTC); live refresh daily in season,missing -> column mean + missingness flag (models),cfb_v2_fv1
h_sr_pass__off_var,pure,home team sr_pass rating component off_var,stage 3 joint Bayesian ridge (pbp),posterior at prediction_ts; metric units vs league mean,weekly freeze (Tue 12:00 UTC); live refresh daily in season,missing -> column mean + missingness flag (models),cfb_v2_fv1
h_sr_pd__off_var,pure,home team sr_pd rating component off_var,stage 3 joint Bayesian ridge (pbp),posterior at prediction_ts; metric units vs league mean,weekly freeze (Tue 12:00 UTC); live refresh daily in season,missing -> column mean + missingness flag (models),cfb_v2_fv1
h_sr_rush__off_var,pure,home team sr_rush rating component off_var,stage 3 joint Bayesian ridge (pbp),posterior at prediction_ts; metric units vs league mean,weekly freeze (Tue 12:00 UTC); live refresh daily in season,missing -> column mean + missingness flag (models),cfb_v2_fv1
h_st_net__off_var,pure,home team st_net rating component off_var,stage 3 joint Bayesian ridge (pbp),posterior at prediction_ts; metric units vs league mean,weekly freeze (Tue 12:00 UTC); live refresh daily in season,missing -> column mean + missingness flag (models),cfb_v2_fv1
h_start_fp__off_var,pure,home team start_fp rating component off_var,stage 3 joint Bayesian ridge (pbp),posterior at prediction_ts; metric units vs league mean,weekly freeze (Tue 12:00 UTC); live refresh daily in season,missing -> column mean + missingness flag (models),cfb_v2_fv1
h_stuff__off_var,pure,home team stuff rating component off_var,stage 3 joint Bayesian ridge (pbp),posterior at prediction_ts; metric units vs league mean,weekly freeze (Tue 12:00 UTC); live refresh daily in season,missing -> column mean + missingness flag (models),cfb_v2_fv1
h_to_rate__off_var,pure,home team to_rate rating component off_var,stage 3 joint Bayesian ridge (pbp),posterior at prediction_ts; metric units vs league mean,weekly freeze (Tue 12:00 UTC); live refresh daily in season,missing -> column mean + missingness flag (models),cfb_v2_fv1
h_drive_epa__prior_def,pure,home team drive_epa rating component prior_def,stage 3 joint Bayesian ridge (pbp),posterior at prediction_ts; metric units vs league mean,weekly freeze (Tue 12:00 UTC); live refresh daily in season,missing -> column mean + missingness flag (models),cfb_v2_fv1
h_drives_pg__prior_def,pure,home team drives_pg rating component prior_def,stage 3 joint Bayesian ridge (pbp),posterior at prediction_ts; metric units vs league mean,weekly freeze (Tue 12:00 UTC); live refresh daily in season,missing -> column mean + missingness flag (models),cfb_v2_fv1
h_epa__prior_def,pure,home team epa rating component prior_def,stage 3 joint Bayesian ridge (pbp),posterior at prediction_ts; metric units vs league mean,weekly freeze (Tue 12:00 UTC); live refresh daily in season,missing -> column mean + missingness flag (models),cfb_v2_fv1
h_epa_pass__prior_def,pure,home team epa_pass rating component prior_def,stage 3 joint Bayesian ridge (pbp),posterior at prediction_ts; metric units vs league mean,weekly freeze (Tue 12:00 UTC); live refresh daily in season,missing -> column mean + missingness flag (models),cfb_v2_fv1
h_epa_rush__prior_def,pure,home team epa_rush rating component prior_def,stage 3 joint Bayesian ridge (pbp),posterior at prediction_ts; metric units vs league mean,weekly freeze (Tue 12:00 UTC); live refresh daily in season,missing -> column mean + missingness flag (models),cfb_v2_fv1
h_expl__prior_def,pure,home team expl rating component prior_def,stage 3 joint Bayesian ridge (pbp),posterior at prediction_ts; metric units vs league mean,weekly freeze (Tue 12:00 UTC); live refresh daily in season,missing -> column mean + missingness flag (models),cfb_v2_fv1
h_expl_pass__prior_def,pure,home team expl_pass rating component prior_def,stage 3 joint Bayesian ridge (pbp),posterior at prediction_ts; metric units vs league mean,weekly freeze (Tue 12:00 UTC); live refresh daily in season,missing -> column mean + missingness flag (models),cfb_v2_fv1
h_expl_rush__prior_def,pure,home team expl_rush rating component prior_def,stage 3 joint Bayesian ridge (pbp),posterior at prediction_ts; metric units vs league mean,weekly freeze (Tue 12:00 UTC); live refresh daily in season,missing -> column mean + missingness flag (models),cfb_v2_fv1
h_fg_value__prior_def,pure,home team fg_value rating component prior_def,stage 3 joint Bayesian ridge (pbp),posterior at prediction_ts; metric units vs league mean,weekly freeze (Tue 12:00 UTC); live refresh daily in season,missing -> column mean + missingness flag (models),cfb_v2_fv1
h_havoc__prior_def,pure,home team havoc rating component prior_def,stage 3 joint Bayesian ridge (pbp),posterior at prediction_ts; metric units vs league mean,weekly freeze (Tue 12:00 UTC); live refresh daily in season,missing -> column mean + missingness flag (models),cfb_v2_fv1
h_line_yds__prior_def,pure,home team line_yds rating component prior_def,stage 3 joint Bayesian ridge (pbp),posterior at prediction_ts; metric units vs league mean,weekly freeze (Tue 12:00 UTC); live refresh daily in season,missing -> column mean + missingness flag (models),cfb_v2_fv1
h_opp_rate__prior_def,pure,home team opp_rate rating component prior_def,stage 3 joint Bayesian ridge (pbp),posterior at prediction_ts; metric units vs league mean,weekly freeze (Tue 12:00 UTC); live refresh daily in season,missing -> column mean + missingness flag (models),cfb_v2_fv1
h_pass_rate__prior_def,pure,home team pass_rate rating component prior_def,stage 3 joint Bayesian ridge (pbp),posterior at prediction_ts; metric units vs league mean,weekly freeze (Tue 12:00 UTC); live refresh daily in season,missing -> column mean + missingness flag (models),cfb_v2_fv1
h_plays_pg__prior_def,pure,home team plays_pg rating component prior_def,stage 3 joint Bayesian ridge (pbp),posterior at prediction_ts; metric units vs league mean,weekly freeze (Tue 12:00 UTC); live refresh daily in season,missing -> column mean + missingness flag (models),cfb_v2_fv1
h_ppd__prior_def,pure,home team ppd rating component prior_def,stage 3 joint Bayesian ridge (pbp),posterior at prediction_ts; metric units vs league mean,weekly freeze (Tue 12:00 UTC); live refresh daily in season,missing -> column mean + missingness flag (models),cfb_v2_fv1
h_pts_per_opp__prior_def,pure,home team pts_per_opp rating component prior_def,stage 3 joint Bayesian ridge (pbp),posterior at prediction_ts; metric units vs league mean,weekly freeze (Tue 12:00 UTC); live refresh daily in season,missing -> column mean + missingness flag (models),cfb_v2_fv1
h_sack_rate__prior_def,pure,home team sack_rate rating component prior_def,stage 3 joint Bayesian ridge (pbp),posterior at prediction_ts; metric units vs league mean,weekly freeze (Tue 12:00 UTC); live refresh daily in season,missing -> column mean + missingness flag (models),cfb_v2_fv1
h_so_rate__prior_def,pure,home team so_rate rating component prior_def,stage 3 joint Bayesian ridge (pbp),posterior at prediction_ts; metric units vs league mean,weekly freeze (Tue 12:00 UTC); live refresh daily in season,missing -> column mean + missingness flag (models),cfb_v2_fv1
h_sr__prior_def,pure,home team sr rating component prior_def,stage 3 joint Bayesian ridge (pbp),posterior at prediction_ts; metric units vs league mean,weekly freeze (Tue 12:00 UTC); live refresh daily in season,missing -> column mean + missingness flag (models),cfb_v2_fv1
h_sr_3rd__prior_def,pure,home team sr_3rd rating component prior_def,stage 3 joint Bayesian ridge (pbp),posterior at prediction_ts; metric units vs league mean,weekly freeze (Tue 12:00 UTC); live refresh daily in season,missing -> column mean + missingness flag (models),cfb_v2_fv1
h_sr_early__prior_def,pure,home team sr_early rating component prior_def,stage 3 joint Bayesian ridge (pbp),posterior at prediction_ts; metric units vs league mean,weekly freeze (Tue 12:00 UTC); live refresh daily in season,missing -> column mean + missingness flag (models),cfb_v2_fv1
h_sr_pass__prior_def,pure,home team sr_pass rating component prior_def,stage 3 joint Bayesian ridge (pbp),posterior at prediction_ts; metric units vs league mean,weekly freeze (Tue 12:00 UTC); live refresh daily in season,missing -> column mean + missingness flag (models),cfb_v2_fv1
h_sr_pd__prior_def,pure,home team sr_pd rating component prior_def,stage 3 joint Bayesian ridge (pbp),posterior at prediction_ts; metric units vs league mean,weekly freeze (Tue 12:00 UTC); live refresh daily in season,missing -> column mean + missingness flag (models),cfb_v2_fv1
h_sr_rush__prior_def,pure,home team sr_rush rating component prior_def,stage 3 joint Bayesian ridge (pbp),posterior at prediction_ts; metric units vs league mean,weekly freeze (Tue 12:00 UTC); live refresh daily in season,missing -> column mean + missingness flag (models),cfb_v2_fv1
h_st_net__prior_def,pure,home team st_net rating component prior_def,stage 3 joint Bayesian ridge (pbp),posterior at prediction_ts; metric units vs league mean,weekly freeze (Tue 12:00 UTC); live refresh daily in season,missing -> column mean + missingness flag (models),cfb_v2_fv1
h_start_fp__prior_def,pure,home team start_fp rating component prior_def,stage 3 joint Bayesian ridge (pbp),posterior at prediction_ts; metric units vs league mean,weekly freeze (Tue 12:00 UTC); live refresh daily in season,missing -> column mean + missingness flag (models),cfb_v2_fv1
h_stuff__prior_def,pure,home team stuff rating component prior_def,stage 3 joint Bayesian ridge (pbp),posterior at prediction_ts; metric units vs league mean,weekly freeze (Tue 12:00 UTC); live refresh daily in season,missing -> column mean + missingness flag (models),cfb_v2_fv1
h_to_rate__prior_def,pure,home team to_rate rating component prior_def,stage 3 joint Bayesian ridge (pbp),posterior at prediction_ts; metric units vs league mean,weekly freeze (Tue 12:00 UTC); live refresh daily in season,missing -> column mean + missingness flag (models),cfb_v2_fv1
h_drive_epa__prior_off,pure,home team drive_epa rating component prior_off,stage 3 joint Bayesian ridge (pbp),posterior at prediction_ts; metric units vs league mean,weekly freeze (Tue 12:00 UTC); live refresh daily in season,missing -> column mean + missingness flag (models),cfb_v2_fv1
h_drives_pg__prior_off,pure,home team drives_pg rating component prior_off,stage 3 joint Bayesian ridge (pbp),posterior at prediction_ts; metric units vs league mean,weekly freeze (Tue 12:00 UTC); live refresh daily in season,missing -> column mean + missingness flag (models),cfb_v2_fv1
h_epa__prior_off,pure,home team epa rating component prior_off,stage 3 joint Bayesian ridge (pbp),posterior at prediction_ts; metric units vs league mean,weekly freeze (Tue 12:00 UTC); live refresh daily in season,missing -> column mean + missingness flag (models),cfb_v2_fv1
h_epa_pass__prior_off,pure,home team epa_pass rating component prior_off,stage 3 joint Bayesian ridge (pbp),posterior at prediction_ts; metric units vs league mean,weekly freeze (Tue 12:00 UTC); live refresh daily in season,missing -> column mean + missingness flag (models),cfb_v2_fv1
h_epa_rush__prior_off,pure,home team epa_rush rating component prior_off,stage 3 joint Bayesian ridge (pbp),posterior at prediction_ts; metric units vs league mean,weekly freeze (Tue 12:00 UTC); live refresh daily in season,missing -> column mean + missingness flag (models),cfb_v2_fv1
h_expl__prior_off,pure,home team expl rating component prior_off,stage 3 joint Bayesian ridge (pbp),posterior at prediction_ts; metric units vs league mean,weekly freeze (Tue 12:00 UTC); live refresh daily in season,missing -> column mean + missingness flag (models),cfb_v2_fv1
h_expl_pass__prior_off,pure,home team expl_pass rating component prior_off,stage 3 joint Bayesian ridge (pbp),posterior at prediction_ts; metric units vs league mean,weekly freeze (Tue 12:00 UTC); live refresh daily in season,missing -> column mean + missingness flag (models),cfb_v2_fv1
h_expl_rush__prior_off,pure,home team expl_rush rating component prior_off,stage 3 joint Bayesian ridge (pbp),posterior at prediction_ts; metric units vs league mean,weekly freeze (Tue 12:00 UTC); live refresh daily in season,missing -> column mean + missingness flag (models),cfb_v2_fv1
h_fg_value__prior_off,pure,home team fg_value rating component prior_off,stage 3 joint Bayesian ridge (pbp),posterior at prediction_ts; metric units vs league mean,weekly freeze (Tue 12:00 UTC); live refresh daily in season,missing -> column mean + missingness flag (models),cfb_v2_fv1
h_havoc__prior_off,pure,home team havoc rating component prior_off,stage 3 joint Bayesian ridge (pbp),posterior at prediction_ts; metric units vs league mean,weekly freeze (Tue 12:00 UTC); live refresh daily in season,missing -> column mean + missingness flag (models),cfb_v2_fv1
h_line_yds__prior_off,pure,home team line_yds rating component prior_off,stage 3 joint Bayesian ridge (pbp),posterior at prediction_ts; metric units vs league mean,weekly freeze (Tue 12:00 UTC); live refresh daily in season,missing -> column mean + missingness flag (models),cfb_v2_fv1
h_opp_rate__prior_off,pure,home team opp_rate rating component prior_off,stage 3 joint Bayesian ridge (pbp),posterior at prediction_ts; metric units vs league mean,weekly freeze (Tue 12:00 UTC); live refresh daily in season,missing -> column mean + missingness flag (models),cfb_v2_fv1
h_pass_rate__prior_off,pure,home team pass_rate rating component prior_off,stage 3 joint Bayesian ridge (pbp),posterior at prediction_ts; metric units vs league mean,weekly freeze (Tue 12:00 UTC); live refresh daily in season,missing -> column mean + missingness flag (models),cfb_v2_fv1
h_plays_pg__prior_off,pure,home team plays_pg rating component prior_off,stage 3 joint Bayesian ridge (pbp),posterior at prediction_ts; metric units vs league mean,weekly freeze (Tue 12:00 UTC); live refresh daily in season,missing -> column mean + missingness flag (models),cfb_v2_fv1
h_ppd__prior_off,pure,home team ppd rating component prior_off,stage 3 joint Bayesian ridge (pbp),posterior at prediction_ts; metric units vs league mean,weekly freeze (Tue 12:00 UTC); live refresh daily in season,missing -> column mean + missingness flag (models),cfb_v2_fv1
h_pts_per_opp__prior_off,pure,home team pts_per_opp rating component prior_off,stage 3 joint Bayesian ridge (pbp),posterior at prediction_ts; metric units vs league mean,weekly freeze (Tue 12:00 UTC); live refresh daily in season,missing -> column mean + missingness flag (models),cfb_v2_fv1
h_sack_rate__prior_off,pure,home team sack_rate rating component prior_off,stage 3 joint Bayesian ridge (pbp),posterior at prediction_ts; metric units vs league mean,weekly freeze (Tue 12:00 UTC); live refresh daily in season,missing -> column mean + missingness flag (models),cfb_v2_fv1
h_so_rate__prior_off,pure,home team so_rate rating component prior_off,stage 3 joint Bayesian ridge (pbp),posterior at prediction_ts; metric units vs league mean,weekly freeze (Tue 12:00 UTC); live refresh daily in season,missing -> column mean + missingness flag (models),cfb_v2_fv1
h_sr__prior_off,pure,home team sr rating component prior_off,stage 3 joint Bayesian ridge (pbp),posterior at prediction_ts; metric units vs league mean,weekly freeze (Tue 12:00 UTC); live refresh daily in season,missing -> column mean + missingness flag (models),cfb_v2_fv1
h_sr_3rd__prior_off,pure,home team sr_3rd rating component prior_off,stage 3 joint Bayesian ridge (pbp),posterior at prediction_ts; metric units vs league mean,weekly freeze (Tue 12:00 UTC); live refresh daily in season,missing -> column mean + missingness flag (models),cfb_v2_fv1
h_sr_early__prior_off,pure,home team sr_early rating component prior_off,stage 3 joint Bayesian ridge (pbp),posterior at prediction_ts; metric units vs league mean,weekly freeze (Tue 12:00 UTC); live refresh daily in season,missing -> column mean + missingness flag (models),cfb_v2_fv1
h_sr_pass__prior_off,pure,home team sr_pass rating component prior_off,stage 3 joint Bayesian ridge (pbp),posterior at prediction_ts; metric units vs league mean,weekly freeze (Tue 12:00 UTC); live refresh daily in season,missing -> column mean + missingness flag (models),cfb_v2_fv1
h_sr_pd__prior_off,pure,home team sr_pd rating component prior_off,stage 3 joint Bayesian ridge (pbp),posterior at prediction_ts; metric units vs league mean,weekly freeze (Tue 12:00 UTC); live refresh daily in season,missing -> column mean + missingness flag (models),cfb_v2_fv1
h_sr_rush__prior_off,pure,home team sr_rush rating component prior_off,stage 3 joint Bayesian ridge (pbp),posterior at prediction_ts; metric units vs league mean,weekly freeze (Tue 12:00 UTC); live refresh daily in season,missing -> column mean + missingness flag (models),cfb_v2_fv1
h_st_net__prior_off,pure,home team st_net rating component prior_off,stage 3 joint Bayesian ridge (pbp),posterior at prediction_ts; metric units vs league mean,weekly freeze (Tue 12:00 UTC); live refresh daily in season,missing -> column mean + missingness flag (models),cfb_v2_fv1
h_start_fp__prior_off,pure,home team start_fp rating component prior_off,stage 3 joint Bayesian ridge (pbp),posterior at prediction_ts; metric units vs league mean,weekly freeze (Tue 12:00 UTC); live refresh daily in season,missing -> column mean + missingness flag (models),cfb_v2_fv1
h_stuff__prior_off,pure,home team stuff rating component prior_off,stage 3 joint Bayesian ridge (pbp),posterior at prediction_ts; metric units vs league mean,weekly freeze (Tue 12:00 UTC); live refresh daily in season,missing -> column mean + missingness flag (models),cfb_v2_fv1
h_to_rate__prior_off,pure,home team to_rate rating component prior_off,stage 3 joint Bayesian ridge (pbp),posterior at prediction_ts; metric units vs league mean,weekly freeze (Tue 12:00 UTC); live refresh daily in season,missing -> column mean + missingness flag (models),cfb_v2_fv1
h_epa__vol,pure,home team epa rating component vol,stage 3 joint Bayesian ridge (pbp),posterior at prediction_ts; metric units vs league mean,weekly freeze (Tue 12:00 UTC); live refresh daily in season,missing -> column mean + missingness flag (models),cfb_v2_fv1
h_epa_pass__vol,pure,home team epa_pass rating component vol,stage 3 joint Bayesian ridge (pbp),posterior at prediction_ts; metric units vs league mean,weekly freeze (Tue 12:00 UTC); live refresh daily in season,missing -> column mean + missingness flag (models),cfb_v2_fv1
h_epa_rush__vol,pure,home team epa_rush rating component vol,stage 3 joint Bayesian ridge (pbp),posterior at prediction_ts; metric units vs league mean,weekly freeze (Tue 12:00 UTC); live refresh daily in season,missing -> column mean + missingness flag (models),cfb_v2_fv1
h_ppd__vol,pure,home team ppd rating component vol,stage 3 joint Bayesian ridge (pbp),posterior at prediction_ts; metric units vs league mean,weekly freeze (Tue 12:00 UTC); live refresh daily in season,missing -> column mean + missingness flag (models),cfb_v2_fv1
h_sr__vol,pure,home team sr rating component vol,stage 3 joint Bayesian ridge (pbp),posterior at prediction_ts; metric units vs league mean,weekly freeze (Tue 12:00 UTC); live refresh daily in season,missing -> column mean + missingness flag (models),cfb_v2_fv1
a_drive_epa__def,pure,away team drive_epa rating component def,stage 3 joint Bayesian ridge (pbp),posterior at prediction_ts; metric units vs league mean,weekly freeze (Tue 12:00 UTC); live refresh daily in season,missing -> column mean + missingness flag (models),cfb_v2_fv1
a_drives_pg__def,pure,away team drives_pg rating component def,stage 3 joint Bayesian ridge (pbp),posterior at prediction_ts; metric units vs league mean,weekly freeze (Tue 12:00 UTC); live refresh daily in season,missing -> column mean + missingness flag (models),cfb_v2_fv1
a_epa__def,pure,away team epa rating component def,stage 3 joint Bayesian ridge (pbp),posterior at prediction_ts; metric units vs league mean,weekly freeze (Tue 12:00 UTC); live refresh daily in season,missing -> column mean + missingness flag (models),cfb_v2_fv1
a_epa_pass__def,pure,away team epa_pass rating component def,stage 3 joint Bayesian ridge (pbp),posterior at prediction_ts; metric units vs league mean,weekly freeze (Tue 12:00 UTC); live refresh daily in season,missing -> column mean + missingness flag (models),cfb_v2_fv1
a_epa_rush__def,pure,away team epa_rush rating component def,stage 3 joint Bayesian ridge (pbp),posterior at prediction_ts; metric units vs league mean,weekly freeze (Tue 12:00 UTC); live refresh daily in season,missing -> column mean + missingness flag (models),cfb_v2_fv1
a_expl__def,pure,away team expl rating component def,stage 3 joint Bayesian ridge (pbp),posterior at prediction_ts; metric units vs league mean,weekly freeze (Tue 12:00 UTC); live refresh daily in season,missing -> column mean + missingness flag (models),cfb_v2_fv1
a_expl_pass__def,pure,away team expl_pass rating component def,stage 3 joint Bayesian ridge (pbp),posterior at prediction_ts; metric units vs league mean,weekly freeze (Tue 12:00 UTC); live refresh daily in season,missing -> column mean + missingness flag (models),cfb_v2_fv1
a_expl_rush__def,pure,away team expl_rush rating component def,stage 3 joint Bayesian ridge (pbp),posterior at prediction_ts; metric units vs league mean,weekly freeze (Tue 12:00 UTC); live refresh daily in season,missing -> column mean + missingness flag (models),cfb_v2_fv1
a_fg_value__def,pure,away team fg_value rating component def,stage 3 joint Bayesian ridge (pbp),posterior at prediction_ts; metric units vs league mean,weekly freeze (Tue 12:00 UTC); live refresh daily in season,missing -> column mean + missingness flag (models),cfb_v2_fv1
a_havoc__def,pure,away team havoc rating component def,stage 3 joint Bayesian ridge (pbp),posterior at prediction_ts; metric units vs league mean,weekly freeze (Tue 12:00 UTC); live refresh daily in season,missing -> column mean + missingness flag (models),cfb_v2_fv1
a_line_yds__def,pure,away team line_yds rating component def,stage 3 joint Bayesian ridge (pbp),posterior at prediction_ts; metric units vs league mean,weekly freeze (Tue 12:00 UTC); live refresh daily in season,missing -> column mean + missingness flag (models),cfb_v2_fv1
a_opp_rate__def,pure,away team opp_rate rating component def,stage 3 joint Bayesian ridge (pbp),posterior at prediction_ts; metric units vs league mean,weekly freeze (Tue 12:00 UTC); live refresh daily in season,missing -> column mean + missingness flag (models),cfb_v2_fv1
a_pass_rate__def,pure,away team pass_rate rating component def,stage 3 joint Bayesian ridge (pbp),posterior at prediction_ts; metric units vs league mean,weekly freeze (Tue 12:00 UTC); live refresh daily in season,missing -> column mean + missingness flag (models),cfb_v2_fv1
a_plays_pg__def,pure,away team plays_pg rating component def,stage 3 joint Bayesian ridge (pbp),posterior at prediction_ts; metric units vs league mean,weekly freeze (Tue 12:00 UTC); live refresh daily in season,missing -> column mean + missingness flag (models),cfb_v2_fv1
a_ppd__def,pure,away team ppd rating component def,stage 3 joint Bayesian ridge (pbp),posterior at prediction_ts; metric units vs league mean,weekly freeze (Tue 12:00 UTC); live refresh daily in season,missing -> column mean + missingness flag (models),cfb_v2_fv1
a_pts_per_opp__def,pure,away team pts_per_opp rating component def,stage 3 joint Bayesian ridge (pbp),posterior at prediction_ts; metric units vs league mean,weekly freeze (Tue 12:00 UTC); live refresh daily in season,missing -> column mean + missingness flag (models),cfb_v2_fv1
a_sack_rate__def,pure,away team sack_rate rating component def,stage 3 joint Bayesian ridge (pbp),posterior at prediction_ts; metric units vs league mean,weekly freeze (Tue 12:00 UTC); live refresh daily in season,missing -> column mean + missingness flag (models),cfb_v2_fv1
a_so_rate__def,pure,away team so_rate rating component def,stage 3 joint Bayesian ridge (pbp),posterior at prediction_ts; metric units vs league mean,weekly freeze (Tue 12:00 UTC); live refresh daily in season,missing -> column mean + missingness flag (models),cfb_v2_fv1
a_sr__def,pure,away team sr rating component def,stage 3 joint Bayesian ridge (pbp),posterior at prediction_ts; metric units vs league mean,weekly freeze (Tue 12:00 UTC); live refresh daily in season,missing -> column mean + missingness flag (models),cfb_v2_fv1
a_sr_3rd__def,pure,away team sr_3rd rating component def,stage 3 joint Bayesian ridge (pbp),posterior at prediction_ts; metric units vs league mean,weekly freeze (Tue 12:00 UTC); live refresh daily in season,missing -> column mean + missingness flag (models),cfb_v2_fv1
a_sr_early__def,pure,away team sr_early rating component def,stage 3 joint Bayesian ridge (pbp),posterior at prediction_ts; metric units vs league mean,weekly freeze (Tue 12:00 UTC); live refresh daily in season,missing -> column mean + missingness flag (models),cfb_v2_fv1
a_sr_pass__def,pure,away team sr_pass rating component def,stage 3 joint Bayesian ridge (pbp),posterior at prediction_ts; metric units vs league mean,weekly freeze (Tue 12:00 UTC); live refresh daily in season,missing -> column mean + missingness flag (models),cfb_v2_fv1
a_sr_pd__def,pure,away team sr_pd rating component def,stage 3 joint Bayesian ridge (pbp),posterior at prediction_ts; metric units vs league mean,weekly freeze (Tue 12:00 UTC); live refresh daily in season,missing -> column mean + missingness flag (models),cfb_v2_fv1
a_sr_rush__def,pure,away team sr_rush rating component def,stage 3 joint Bayesian ridge (pbp),posterior at prediction_ts; metric units vs league mean,weekly freeze (Tue 12:00 UTC); live refresh daily in season,missing -> column mean + missingness flag (models),cfb_v2_fv1
a_st_net__def,pure,away team st_net rating component def,stage 3 joint Bayesian ridge (pbp),posterior at prediction_ts; metric units vs league mean,weekly freeze (Tue 12:00 UTC); live refresh daily in season,missing -> column mean + missingness flag (models),cfb_v2_fv1
a_start_fp__def,pure,away team start_fp rating component def,stage 3 joint Bayesian ridge (pbp),posterior at prediction_ts; metric units vs league mean,weekly freeze (Tue 12:00 UTC); live refresh daily in season,missing -> column mean + missingness flag (models),cfb_v2_fv1
a_stuff__def,pure,away team stuff rating component def,stage 3 joint Bayesian ridge (pbp),posterior at prediction_ts; metric units vs league mean,weekly freeze (Tue 12:00 UTC); live refresh daily in season,missing -> column mean + missingness flag (models),cfb_v2_fv1
a_to_rate__def,pure,away team to_rate rating component def,stage 3 joint Bayesian ridge (pbp),posterior at prediction_ts; metric units vs league mean,weekly freeze (Tue 12:00 UTC); live refresh daily in season,missing -> column mean + missingness flag (models),cfb_v2_fv1
a_drive_epa__def_rec,pure,away team drive_epa rating component def_rec,stage 3 joint Bayesian ridge (pbp),posterior at prediction_ts; metric units vs league mean,weekly freeze (Tue 12:00 UTC); live refresh daily in season,missing -> column mean + missingness flag (models),cfb_v2_fv1
a_drives_pg__def_rec,pure,away team drives_pg rating component def_rec,stage 3 joint Bayesian ridge (pbp),posterior at prediction_ts; metric units vs league mean,weekly freeze (Tue 12:00 UTC); live refresh daily in season,missing -> column mean + missingness flag (models),cfb_v2_fv1
a_epa__def_rec,pure,away team epa rating component def_rec,stage 3 joint Bayesian ridge (pbp),posterior at prediction_ts; metric units vs league mean,weekly freeze (Tue 12:00 UTC); live refresh daily in season,missing -> column mean + missingness flag (models),cfb_v2_fv1
a_epa_pass__def_rec,pure,away team epa_pass rating component def_rec,stage 3 joint Bayesian ridge (pbp),posterior at prediction_ts; metric units vs league mean,weekly freeze (Tue 12:00 UTC); live refresh daily in season,missing -> column mean + missingness flag (models),cfb_v2_fv1
a_epa_rush__def_rec,pure,away team epa_rush rating component def_rec,stage 3 joint Bayesian ridge (pbp),posterior at prediction_ts; metric units vs league mean,weekly freeze (Tue 12:00 UTC); live refresh daily in season,missing -> column mean + missingness flag (models),cfb_v2_fv1
a_expl__def_rec,pure,away team expl rating component def_rec,stage 3 joint Bayesian ridge (pbp),posterior at prediction_ts; metric units vs league mean,weekly freeze (Tue 12:00 UTC); live refresh daily in season,missing -> column mean + missingness flag (models),cfb_v2_fv1
a_expl_pass__def_rec,pure,away team expl_pass rating component def_rec,stage 3 joint Bayesian ridge (pbp),posterior at prediction_ts; metric units vs league mean,weekly freeze (Tue 12:00 UTC); live refresh daily in season,missing -> column mean + missingness flag (models),cfb_v2_fv1
a_expl_rush__def_rec,pure,away team expl_rush rating component def_rec,stage 3 joint Bayesian ridge (pbp),posterior at prediction_ts; metric units vs league mean,weekly freeze (Tue 12:00 UTC); live refresh daily in season,missing -> column mean + missingness flag (models),cfb_v2_fv1
a_fg_value__def_rec,pure,away team fg_value rating component def_rec,stage 3 joint Bayesian ridge (pbp),posterior at prediction_ts; metric units vs league mean,weekly freeze (Tue 12:00 UTC); live refresh daily in season,missing -> column mean + missingness flag (models),cfb_v2_fv1
a_havoc__def_rec,pure,away team havoc rating component def_rec,stage 3 joint Bayesian ridge (pbp),posterior at prediction_ts; metric units vs league mean,weekly freeze (Tue 12:00 UTC); live refresh daily in season,missing -> column mean + missingness flag (models),cfb_v2_fv1
a_line_yds__def_rec,pure,away team line_yds rating component def_rec,stage 3 joint Bayesian ridge (pbp),posterior at prediction_ts; metric units vs league mean,weekly freeze (Tue 12:00 UTC); live refresh daily in season,missing -> column mean + missingness flag (models),cfb_v2_fv1
a_opp_rate__def_rec,pure,away team opp_rate rating component def_rec,stage 3 joint Bayesian ridge (pbp),posterior at prediction_ts; metric units vs league mean,weekly freeze (Tue 12:00 UTC); live refresh daily in season,missing -> column mean + missingness flag (models),cfb_v2_fv1
a_pass_rate__def_rec,pure,away team pass_rate rating component def_rec,stage 3 joint Bayesian ridge (pbp),posterior at prediction_ts; metric units vs league mean,weekly freeze (Tue 12:00 UTC); live refresh daily in season,missing -> column mean + missingness flag (models),cfb_v2_fv1
a_plays_pg__def_rec,pure,away team plays_pg rating component def_rec,stage 3 joint Bayesian ridge (pbp),posterior at prediction_ts; metric units vs league mean,weekly freeze (Tue 12:00 UTC); live refresh daily in season,missing -> column mean + missingness flag (models),cfb_v2_fv1
a_ppd__def_rec,pure,away team ppd rating component def_rec,stage 3 joint Bayesian ridge (pbp),posterior at prediction_ts; metric units vs league mean,weekly freeze (Tue 12:00 UTC); live refresh daily in season,missing -> column mean + missingness flag (models),cfb_v2_fv1
a_pts_per_opp__def_rec,pure,away team pts_per_opp rating component def_rec,stage 3 joint Bayesian ridge (pbp),posterior at prediction_ts; metric units vs league mean,weekly freeze (Tue 12:00 UTC); live refresh daily in season,missing -> column mean + missingness flag (models),cfb_v2_fv1
a_sack_rate__def_rec,pure,away team sack_rate rating component def_rec,stage 3 joint Bayesian ridge (pbp),posterior at prediction_ts; metric units vs league mean,weekly freeze (Tue 12:00 UTC); live refresh daily in season,missing -> column mean + missingness flag (models),cfb_v2_fv1
a_so_rate__def_rec,pure,away team so_rate rating component def_rec,stage 3 joint Bayesian ridge (pbp),posterior at prediction_ts; metric units vs league mean,weekly freeze (Tue 12:00 UTC); live refresh daily in season,missing -> column mean + missingness flag (models),cfb_v2_fv1
a_sr__def_rec,pure,away team sr rating component def_rec,stage 3 joint Bayesian ridge (pbp),posterior at prediction_ts; metric units vs league mean,weekly freeze (Tue 12:00 UTC); live refresh daily in season,missing -> column mean + missingness flag (models),cfb_v2_fv1
a_sr_3rd__def_rec,pure,away team sr_3rd rating component def_rec,stage 3 joint Bayesian ridge (pbp),posterior at prediction_ts; metric units vs league mean,weekly freeze (Tue 12:00 UTC); live refresh daily in season,missing -> column mean + missingness flag (models),cfb_v2_fv1
a_sr_early__def_rec,pure,away team sr_early rating component def_rec,stage 3 joint Bayesian ridge (pbp),posterior at prediction_ts; metric units vs league mean,weekly freeze (Tue 12:00 UTC); live refresh daily in season,missing -> column mean + missingness flag (models),cfb_v2_fv1
a_sr_pass__def_rec,pure,away team sr_pass rating component def_rec,stage 3 joint Bayesian ridge (pbp),posterior at prediction_ts; metric units vs league mean,weekly freeze (Tue 12:00 UTC); live refresh daily in season,missing -> column mean + missingness flag (models),cfb_v2_fv1
a_sr_pd__def_rec,pure,away team sr_pd rating component def_rec,stage 3 joint Bayesian ridge (pbp),posterior at prediction_ts; metric units vs league mean,weekly freeze (Tue 12:00 UTC); live refresh daily in season,missing -> column mean + missingness flag (models),cfb_v2_fv1
a_sr_rush__def_rec,pure,away team sr_rush rating component def_rec,stage 3 joint Bayesian ridge (pbp),posterior at prediction_ts; metric units vs league mean,weekly freeze (Tue 12:00 UTC); live refresh daily in season,missing -> column mean + missingness flag (models),cfb_v2_fv1
a_st_net__def_rec,pure,away team st_net rating component def_rec,stage 3 joint Bayesian ridge (pbp),posterior at prediction_ts; metric units vs league mean,weekly freeze (Tue 12:00 UTC); live refresh daily in season,missing -> column mean + missingness flag (models),cfb_v2_fv1
a_start_fp__def_rec,pure,away team start_fp rating component def_rec,stage 3 joint Bayesian ridge (pbp),posterior at prediction_ts; metric units vs league mean,weekly freeze (Tue 12:00 UTC); live refresh daily in season,missing -> column mean + missingness flag (models),cfb_v2_fv1
a_stuff__def_rec,pure,away team stuff rating component def_rec,stage 3 joint Bayesian ridge (pbp),posterior at prediction_ts; metric units vs league mean,weekly freeze (Tue 12:00 UTC); live refresh daily in season,missing -> column mean + missingness flag (models),cfb_v2_fv1
a_to_rate__def_rec,pure,away team to_rate rating component def_rec,stage 3 joint Bayesian ridge (pbp),posterior at prediction_ts; metric units vs league mean,weekly freeze (Tue 12:00 UTC); live refresh daily in season,missing -> column mean + missingness flag (models),cfb_v2_fv1
a_drive_epa__def_var,pure,away team drive_epa rating component def_var,stage 3 joint Bayesian ridge (pbp),posterior at prediction_ts; metric units vs league mean,weekly freeze (Tue 12:00 UTC); live refresh daily in season,missing -> column mean + missingness flag (models),cfb_v2_fv1
a_drives_pg__def_var,pure,away team drives_pg rating component def_var,stage 3 joint Bayesian ridge (pbp),posterior at prediction_ts; metric units vs league mean,weekly freeze (Tue 12:00 UTC); live refresh daily in season,missing -> column mean + missingness flag (models),cfb_v2_fv1
a_epa__def_var,pure,away team epa rating component def_var,stage 3 joint Bayesian ridge (pbp),posterior at prediction_ts; metric units vs league mean,weekly freeze (Tue 12:00 UTC); live refresh daily in season,missing -> column mean + missingness flag (models),cfb_v2_fv1
a_epa_pass__def_var,pure,away team epa_pass rating component def_var,stage 3 joint Bayesian ridge (pbp),posterior at prediction_ts; metric units vs league mean,weekly freeze (Tue 12:00 UTC); live refresh daily in season,missing -> column mean + missingness flag (models),cfb_v2_fv1
a_epa_rush__def_var,pure,away team epa_rush rating component def_var,stage 3 joint Bayesian ridge (pbp),posterior at prediction_ts; metric units vs league mean,weekly freeze (Tue 12:00 UTC); live refresh daily in season,missing -> column mean + missingness flag (models),cfb_v2_fv1
a_expl__def_var,pure,away team expl rating component def_var,stage 3 joint Bayesian ridge (pbp),posterior at prediction_ts; metric units vs league mean,weekly freeze (Tue 12:00 UTC); live refresh daily in season,missing -> column mean + missingness flag (models),cfb_v2_fv1
a_expl_pass__def_var,pure,away team expl_pass rating component def_var,stage 3 joint Bayesian ridge (pbp),posterior at prediction_ts; metric units vs league mean,weekly freeze (Tue 12:00 UTC); live refresh daily in season,missing -> column mean + missingness flag (models),cfb_v2_fv1
a_expl_rush__def_var,pure,away team expl_rush rating component def_var,stage 3 joint Bayesian ridge (pbp),posterior at prediction_ts; metric units vs league mean,weekly freeze (Tue 12:00 UTC); live refresh daily in season,missing -> column mean + missingness flag (models),cfb_v2_fv1
a_fg_value__def_var,pure,away team fg_value rating component def_var,stage 3 joint Bayesian ridge (pbp),posterior at prediction_ts; metric units vs league mean,weekly freeze (Tue 12:00 UTC); live refresh daily in season,missing -> column mean + missingness flag (models),cfb_v2_fv1
a_havoc__def_var,pure,away team havoc rating component def_var,stage 3 joint Bayesian ridge (pbp),posterior at prediction_ts; metric units vs league mean,weekly freeze (Tue 12:00 UTC); live refresh daily in season,missing -> column mean + missingness flag (models),cfb_v2_fv1
a_line_yds__def_var,pure,away team line_yds rating component def_var,stage 3 joint Bayesian ridge (pbp),posterior at prediction_ts; metric units vs league mean,weekly freeze (Tue 12:00 UTC); live refresh daily in season,missing -> column mean + missingness flag (models),cfb_v2_fv1
a_opp_rate__def_var,pure,away team opp_rate rating component def_var,stage 3 joint Bayesian ridge (pbp),posterior at prediction_ts; metric units vs league mean,weekly freeze (Tue 12:00 UTC); live refresh daily in season,missing -> column mean + missingness flag (models),cfb_v2_fv1
a_pass_rate__def_var,pure,away team pass_rate rating component def_var,stage 3 joint Bayesian ridge (pbp),posterior at prediction_ts; metric units vs league mean,weekly freeze (Tue 12:00 UTC); live refresh daily in season,missing -> column mean + missingness flag (models),cfb_v2_fv1
a_plays_pg__def_var,pure,away team plays_pg rating component def_var,stage 3 joint Bayesian ridge (pbp),posterior at prediction_ts; metric units vs league mean,weekly freeze (Tue 12:00 UTC); live refresh daily in season,missing -> column mean + missingness flag (models),cfb_v2_fv1
a_ppd__def_var,pure,away team ppd rating component def_var,stage 3 joint Bayesian ridge (pbp),posterior at prediction_ts; metric units vs league mean,weekly freeze (Tue 12:00 UTC); live refresh daily in season,missing -> column mean + missingness flag (models),cfb_v2_fv1
a_pts_per_opp__def_var,pure,away team pts_per_opp rating component def_var,stage 3 joint Bayesian ridge (pbp),posterior at prediction_ts; metric units vs league mean,weekly freeze (Tue 12:00 UTC); live refresh daily in season,missing -> column mean + missingness flag (models),cfb_v2_fv1
a_sack_rate__def_var,pure,away team sack_rate rating component def_var,stage 3 joint Bayesian ridge (pbp),posterior at prediction_ts; metric units vs league mean,weekly freeze (Tue 12:00 UTC); live refresh daily in season,missing -> column mean + missingness flag (models),cfb_v2_fv1
a_so_rate__def_var,pure,away team so_rate rating component def_var,stage 3 joint Bayesian ridge (pbp),posterior at prediction_ts; metric units vs league mean,weekly freeze (Tue 12:00 UTC); live refresh daily in season,missing -> column mean + missingness flag (models),cfb_v2_fv1
a_sr__def_var,pure,away team sr rating component def_var,stage 3 joint Bayesian ridge (pbp),posterior at prediction_ts; metric units vs league mean,weekly freeze (Tue 12:00 UTC); live refresh daily in season,missing -> column mean + missingness flag (models),cfb_v2_fv1
a_sr_3rd__def_var,pure,away team sr_3rd rating component def_var,stage 3 joint Bayesian ridge (pbp),posterior at prediction_ts; metric units vs league mean,weekly freeze (Tue 12:00 UTC); live refresh daily in season,missing -> column mean + missingness flag (models),cfb_v2_fv1
a_sr_early__def_var,pure,away team sr_early rating component def_var,stage 3 joint Bayesian ridge (pbp),posterior at prediction_ts; metric units vs league mean,weekly freeze (Tue 12:00 UTC); live refresh daily in season,missing -> column mean + missingness flag (models),cfb_v2_fv1
a_sr_pass__def_var,pure,away team sr_pass rating component def_var,stage 3 joint Bayesian ridge (pbp),posterior at prediction_ts; metric units vs league mean,weekly freeze (Tue 12:00 UTC); live refresh daily in season,missing -> column mean + missingness flag (models),cfb_v2_fv1
a_sr_pd__def_var,pure,away team sr_pd rating component def_var,stage 3 joint Bayesian ridge (pbp),posterior at prediction_ts; metric units vs league mean,weekly freeze (Tue 12:00 UTC); live refresh daily in season,missing -> column mean + missingness flag (models),cfb_v2_fv1
a_sr_rush__def_var,pure,away team sr_rush rating component def_var,stage 3 joint Bayesian ridge (pbp),posterior at prediction_ts; metric units vs league mean,weekly freeze (Tue 12:00 UTC); live refresh daily in season,missing -> column mean + missingness flag (models),cfb_v2_fv1
a_st_net__def_var,pure,away team st_net rating component def_var,stage 3 joint Bayesian ridge (pbp),posterior at prediction_ts; metric units vs league mean,weekly freeze (Tue 12:00 UTC); live refresh daily in season,missing -> column mean + missingness flag (models),cfb_v2_fv1
a_start_fp__def_var,pure,away team start_fp rating component def_var,stage 3 joint Bayesian ridge (pbp),posterior at prediction_ts; metric units vs league mean,weekly freeze (Tue 12:00 UTC); live refresh daily in season,missing -> column mean + missingness flag (models),cfb_v2_fv1
a_stuff__def_var,pure,away team stuff rating component def_var,stage 3 joint Bayesian ridge (pbp),posterior at prediction_ts; metric units vs league mean,weekly freeze (Tue 12:00 UTC); live refresh daily in season,missing -> column mean + missingness flag (models),cfb_v2_fv1
a_to_rate__def_var,pure,away team to_rate rating component def_var,stage 3 joint Bayesian ridge (pbp),posterior at prediction_ts; metric units vs league mean,weekly freeze (Tue 12:00 UTC); live refresh daily in season,missing -> column mean + missingness flag (models),cfb_v2_fv1
a_epa__l2_def,pure,away team epa rating component l2_def,stage 3 joint Bayesian ridge (pbp),posterior at prediction_ts; metric units vs league mean,weekly freeze (Tue 12:00 UTC); live refresh daily in season,missing -> column mean + missingness flag (models),cfb_v2_fv1
a_epa_pass__l2_def,pure,away team epa_pass rating component l2_def,stage 3 joint Bayesian ridge (pbp),posterior at prediction_ts; metric units vs league mean,weekly freeze (Tue 12:00 UTC); live refresh daily in season,missing -> column mean + missingness flag (models),cfb_v2_fv1
a_epa_rush__l2_def,pure,away team epa_rush rating component l2_def,stage 3 joint Bayesian ridge (pbp),posterior at prediction_ts; metric units vs league mean,weekly freeze (Tue 12:00 UTC); live refresh daily in season,missing -> column mean + missingness flag (models),cfb_v2_fv1
a_ppd__l2_def,pure,away team ppd rating component l2_def,stage 3 joint Bayesian ridge (pbp),posterior at prediction_ts; metric units vs league mean,weekly freeze (Tue 12:00 UTC); live refresh daily in season,missing -> column mean + missingness flag (models),cfb_v2_fv1
a_sr__l2_def,pure,away team sr rating component l2_def,stage 3 joint Bayesian ridge (pbp),posterior at prediction_ts; metric units vs league mean,weekly freeze (Tue 12:00 UTC); live refresh daily in season,missing -> column mean + missingness flag (models),cfb_v2_fv1
a_epa__l2_off,pure,away team epa rating component l2_off,stage 3 joint Bayesian ridge (pbp),posterior at prediction_ts; metric units vs league mean,weekly freeze (Tue 12:00 UTC); live refresh daily in season,missing -> column mean + missingness flag (models),cfb_v2_fv1
a_epa_pass__l2_off,pure,away team epa_pass rating component l2_off,stage 3 joint Bayesian ridge (pbp),posterior at prediction_ts; metric units vs league mean,weekly freeze (Tue 12:00 UTC); live refresh daily in season,missing -> column mean + missingness flag (models),cfb_v2_fv1
a_epa_rush__l2_off,pure,away team epa_rush rating component l2_off,stage 3 joint Bayesian ridge (pbp),posterior at prediction_ts; metric units vs league mean,weekly freeze (Tue 12:00 UTC); live refresh daily in season,missing -> column mean + missingness flag (models),cfb_v2_fv1
a_ppd__l2_off,pure,away team ppd rating component l2_off,stage 3 joint Bayesian ridge (pbp),posterior at prediction_ts; metric units vs league mean,weekly freeze (Tue 12:00 UTC); live refresh daily in season,missing -> column mean + missingness flag (models),cfb_v2_fv1
a_sr__l2_off,pure,away team sr rating component l2_off,stage 3 joint Bayesian ridge (pbp),posterior at prediction_ts; metric units vs league mean,weekly freeze (Tue 12:00 UTC); live refresh daily in season,missing -> column mean + missingness flag (models),cfb_v2_fv1
a_epa__l4_def,pure,away team epa rating component l4_def,stage 3 joint Bayesian ridge (pbp),posterior at prediction_ts; metric units vs league mean,weekly freeze (Tue 12:00 UTC); live refresh daily in season,missing -> column mean + missingness flag (models),cfb_v2_fv1
a_epa_pass__l4_def,pure,away team epa_pass rating component l4_def,stage 3 joint Bayesian ridge (pbp),posterior at prediction_ts; metric units vs league mean,weekly freeze (Tue 12:00 UTC); live refresh daily in season,missing -> column mean + missingness flag (models),cfb_v2_fv1
a_epa_rush__l4_def,pure,away team epa_rush rating component l4_def,stage 3 joint Bayesian ridge (pbp),posterior at prediction_ts; metric units vs league mean,weekly freeze (Tue 12:00 UTC); live refresh daily in season,missing -> column mean + missingness flag (models),cfb_v2_fv1
a_ppd__l4_def,pure,away team ppd rating component l4_def,stage 3 joint Bayesian ridge (pbp),posterior at prediction_ts; metric units vs league mean,weekly freeze (Tue 12:00 UTC); live refresh daily in season,missing -> column mean + missingness flag (models),cfb_v2_fv1
a_sr__l4_def,pure,away team sr rating component l4_def,stage 3 joint Bayesian ridge (pbp),posterior at prediction_ts; metric units vs league mean,weekly freeze (Tue 12:00 UTC); live refresh daily in season,missing -> column mean + missingness flag (models),cfb_v2_fv1
a_epa__l4_off,pure,away team epa rating component l4_off,stage 3 joint Bayesian ridge (pbp),posterior at prediction_ts; metric units vs league mean,weekly freeze (Tue 12:00 UTC); live refresh daily in season,missing -> column mean + missingness flag (models),cfb_v2_fv1
a_epa_pass__l4_off,pure,away team epa_pass rating component l4_off,stage 3 joint Bayesian ridge (pbp),posterior at prediction_ts; metric units vs league mean,weekly freeze (Tue 12:00 UTC); live refresh daily in season,missing -> column mean + missingness flag (models),cfb_v2_fv1
a_epa_rush__l4_off,pure,away team epa_rush rating component l4_off,stage 3 joint Bayesian ridge (pbp),posterior at prediction_ts; metric units vs league mean,weekly freeze (Tue 12:00 UTC); live refresh daily in season,missing -> column mean + missingness flag (models),cfb_v2_fv1
a_ppd__l4_off,pure,away team ppd rating component l4_off,stage 3 joint Bayesian ridge (pbp),posterior at prediction_ts; metric units vs league mean,weekly freeze (Tue 12:00 UTC); live refresh daily in season,missing -> column mean + missingness flag (models),cfb_v2_fv1
a_sr__l4_off,pure,away team sr rating component l4_off,stage 3 joint Bayesian ridge (pbp),posterior at prediction_ts; metric units vs league mean,weekly freeze (Tue 12:00 UTC); live refresh daily in season,missing -> column mean + missingness flag (models),cfb_v2_fv1
a_drive_epa__n_eff_off,pure,away team drive_epa rating component n_eff_off,stage 3 joint Bayesian ridge (pbp),posterior at prediction_ts; metric units vs league mean,weekly freeze (Tue 12:00 UTC); live refresh daily in season,missing -> column mean + missingness flag (models),cfb_v2_fv1
a_drives_pg__n_eff_off,pure,away team drives_pg rating component n_eff_off,stage 3 joint Bayesian ridge (pbp),posterior at prediction_ts; metric units vs league mean,weekly freeze (Tue 12:00 UTC); live refresh daily in season,missing -> column mean + missingness flag (models),cfb_v2_fv1
a_epa__n_eff_off,pure,away team epa rating component n_eff_off,stage 3 joint Bayesian ridge (pbp),posterior at prediction_ts; metric units vs league mean,weekly freeze (Tue 12:00 UTC); live refresh daily in season,missing -> column mean + missingness flag (models),cfb_v2_fv1
a_epa_pass__n_eff_off,pure,away team epa_pass rating component n_eff_off,stage 3 joint Bayesian ridge (pbp),posterior at prediction_ts; metric units vs league mean,weekly freeze (Tue 12:00 UTC); live refresh daily in season,missing -> column mean + missingness flag (models),cfb_v2_fv1
a_epa_rush__n_eff_off,pure,away team epa_rush rating component n_eff_off,stage 3 joint Bayesian ridge (pbp),posterior at prediction_ts; metric units vs league mean,weekly freeze (Tue 12:00 UTC); live refresh daily in season,missing -> column mean + missingness flag (models),cfb_v2_fv1
a_expl__n_eff_off,pure,away team expl rating component n_eff_off,stage 3 joint Bayesian ridge (pbp),posterior at prediction_ts; metric units vs league mean,weekly freeze (Tue 12:00 UTC); live refresh daily in season,missing -> column mean + missingness flag (models),cfb_v2_fv1
a_expl_pass__n_eff_off,pure,away team expl_pass rating component n_eff_off,stage 3 joint Bayesian ridge (pbp),posterior at prediction_ts; metric units vs league mean,weekly freeze (Tue 12:00 UTC); live refresh daily in season,missing -> column mean + missingness flag (models),cfb_v2_fv1
a_expl_rush__n_eff_off,pure,away team expl_rush rating component n_eff_off,stage 3 joint Bayesian ridge (pbp),posterior at prediction_ts; metric units vs league mean,weekly freeze (Tue 12:00 UTC); live refresh daily in season,missing -> column mean + missingness flag (models),cfb_v2_fv1
a_fg_value__n_eff_off,pure,away team fg_value rating component n_eff_off,stage 3 joint Bayesian ridge (pbp),posterior at prediction_ts; metric units vs league mean,weekly freeze (Tue 12:00 UTC); live refresh daily in season,missing -> column mean + missingness flag (models),cfb_v2_fv1
a_havoc__n_eff_off,pure,away team havoc rating component n_eff_off,stage 3 joint Bayesian ridge (pbp),posterior at prediction_ts; metric units vs league mean,weekly freeze (Tue 12:00 UTC); live refresh daily in season,missing -> column mean + missingness flag (models),cfb_v2_fv1
a_line_yds__n_eff_off,pure,away team line_yds rating component n_eff_off,stage 3 joint Bayesian ridge (pbp),posterior at prediction_ts; metric units vs league mean,weekly freeze (Tue 12:00 UTC); live refresh daily in season,missing -> column mean + missingness flag (models),cfb_v2_fv1
a_opp_rate__n_eff_off,pure,away team opp_rate rating component n_eff_off,stage 3 joint Bayesian ridge (pbp),posterior at prediction_ts; metric units vs league mean,weekly freeze (Tue 12:00 UTC); live refresh daily in season,missing -> column mean + missingness flag (models),cfb_v2_fv1
a_pass_rate__n_eff_off,pure,away team pass_rate rating component n_eff_off,stage 3 joint Bayesian ridge (pbp),posterior at prediction_ts; metric units vs league mean,weekly freeze (Tue 12:00 UTC); live refresh daily in season,missing -> column mean + missingness flag (models),cfb_v2_fv1
a_plays_pg__n_eff_off,pure,away team plays_pg rating component n_eff_off,stage 3 joint Bayesian ridge (pbp),posterior at prediction_ts; metric units vs league mean,weekly freeze (Tue 12:00 UTC); live refresh daily in season,missing -> column mean + missingness flag (models),cfb_v2_fv1
a_ppd__n_eff_off,pure,away team ppd rating component n_eff_off,stage 3 joint Bayesian ridge (pbp),posterior at prediction_ts; metric units vs league mean,weekly freeze (Tue 12:00 UTC); live refresh daily in season,missing -> column mean + missingness flag (models),cfb_v2_fv1
a_pts_per_opp__n_eff_off,pure,away team pts_per_opp rating component n_eff_off,stage 3 joint Bayesian ridge (pbp),posterior at prediction_ts; metric units vs league mean,weekly freeze (Tue 12:00 UTC); live refresh daily in season,missing -> column mean + missingness flag (models),cfb_v2_fv1
a_sack_rate__n_eff_off,pure,away team sack_rate rating component n_eff_off,stage 3 joint Bayesian ridge (pbp),posterior at prediction_ts; metric units vs league mean,weekly freeze (Tue 12:00 UTC); live refresh daily in season,missing -> column mean + missingness flag (models),cfb_v2_fv1
a_so_rate__n_eff_off,pure,away team so_rate rating component n_eff_off,stage 3 joint Bayesian ridge (pbp),posterior at prediction_ts; metric units vs league mean,weekly freeze (Tue 12:00 UTC); live refresh daily in season,missing -> column mean + missingness flag (models),cfb_v2_fv1
a_sr__n_eff_off,pure,away team sr rating component n_eff_off,stage 3 joint Bayesian ridge (pbp),posterior at prediction_ts; metric units vs league mean,weekly freeze (Tue 12:00 UTC); live refresh daily in season,missing -> column mean + missingness flag (models),cfb_v2_fv1
a_sr_3rd__n_eff_off,pure,away team sr_3rd rating component n_eff_off,stage 3 joint Bayesian ridge (pbp),posterior at prediction_ts; metric units vs league mean,weekly freeze (Tue 12:00 UTC); live refresh daily in season,missing -> column mean + missingness flag (models),cfb_v2_fv1
a_sr_early__n_eff_off,pure,away team sr_early rating component n_eff_off,stage 3 joint Bayesian ridge (pbp),posterior at prediction_ts; metric units vs league mean,weekly freeze (Tue 12:00 UTC); live refresh daily in season,missing -> column mean + missingness flag (models),cfb_v2_fv1
a_sr_pass__n_eff_off,pure,away team sr_pass rating component n_eff_off,stage 3 joint Bayesian ridge (pbp),posterior at prediction_ts; metric units vs league mean,weekly freeze (Tue 12:00 UTC); live refresh daily in season,missing -> column mean + missingness flag (models),cfb_v2_fv1
a_sr_pd__n_eff_off,pure,away team sr_pd rating component n_eff_off,stage 3 joint Bayesian ridge (pbp),posterior at prediction_ts; metric units vs league mean,weekly freeze (Tue 12:00 UTC); live refresh daily in season,missing -> column mean + missingness flag (models),cfb_v2_fv1
a_sr_rush__n_eff_off,pure,away team sr_rush rating component n_eff_off,stage 3 joint Bayesian ridge (pbp),posterior at prediction_ts; metric units vs league mean,weekly freeze (Tue 12:00 UTC); live refresh daily in season,missing -> column mean + missingness flag (models),cfb_v2_fv1
a_st_net__n_eff_off,pure,away team st_net rating component n_eff_off,stage 3 joint Bayesian ridge (pbp),posterior at prediction_ts; metric units vs league mean,weekly freeze (Tue 12:00 UTC); live refresh daily in season,missing -> column mean + missingness flag (models),cfb_v2_fv1
a_start_fp__n_eff_off,pure,away team start_fp rating component n_eff_off,stage 3 joint Bayesian ridge (pbp),posterior at prediction_ts; metric units vs league mean,weekly freeze (Tue 12:00 UTC); live refresh daily in season,missing -> column mean + missingness flag (models),cfb_v2_fv1
a_stuff__n_eff_off,pure,away team stuff rating component n_eff_off,stage 3 joint Bayesian ridge (pbp),posterior at prediction_ts; metric units vs league mean,weekly freeze (Tue 12:00 UTC); live refresh daily in season,missing -> column mean + missingness flag (models),cfb_v2_fv1
a_to_rate__n_eff_off,pure,away team to_rate rating component n_eff_off,stage 3 joint Bayesian ridge (pbp),posterior at prediction_ts; metric units vs league mean,weekly freeze (Tue 12:00 UTC); live refresh daily in season,missing -> column mean + missingness flag (models),cfb_v2_fv1
a_drive_epa__n_obs_off,pure,away team drive_epa rating component n_obs_off,stage 3 joint Bayesian ridge (pbp),posterior at prediction_ts; metric units vs league mean,weekly freeze (Tue 12:00 UTC); live refresh daily in season,missing -> column mean + missingness flag (models),cfb_v2_fv1
a_drives_pg__n_obs_off,pure,away team drives_pg rating component n_obs_off,stage 3 joint Bayesian ridge (pbp),posterior at prediction_ts; metric units vs league mean,weekly freeze (Tue 12:00 UTC); live refresh daily in season,missing -> column mean + missingness flag (models),cfb_v2_fv1
a_epa__n_obs_off,pure,away team epa rating component n_obs_off,stage 3 joint Bayesian ridge (pbp),posterior at prediction_ts; metric units vs league mean,weekly freeze (Tue 12:00 UTC); live refresh daily in season,missing -> column mean + missingness flag (models),cfb_v2_fv1
a_epa_pass__n_obs_off,pure,away team epa_pass rating component n_obs_off,stage 3 joint Bayesian ridge (pbp),posterior at prediction_ts; metric units vs league mean,weekly freeze (Tue 12:00 UTC); live refresh daily in season,missing -> column mean + missingness flag (models),cfb_v2_fv1
a_epa_rush__n_obs_off,pure,away team epa_rush rating component n_obs_off,stage 3 joint Bayesian ridge (pbp),posterior at prediction_ts; metric units vs league mean,weekly freeze (Tue 12:00 UTC); live refresh daily in season,missing -> column mean + missingness flag (models),cfb_v2_fv1
a_expl__n_obs_off,pure,away team expl rating component n_obs_off,stage 3 joint Bayesian ridge (pbp),posterior at prediction_ts; metric units vs league mean,weekly freeze (Tue 12:00 UTC); live refresh daily in season,missing -> column mean + missingness flag (models),cfb_v2_fv1
a_expl_pass__n_obs_off,pure,away team expl_pass rating component n_obs_off,stage 3 joint Bayesian ridge (pbp),posterior at prediction_ts; metric units vs league mean,weekly freeze (Tue 12:00 UTC); live refresh daily in season,missing -> column mean + missingness flag (models),cfb_v2_fv1
a_expl_rush__n_obs_off,pure,away team expl_rush rating component n_obs_off,stage 3 joint Bayesian ridge (pbp),posterior at prediction_ts; metric units vs league mean,weekly freeze (Tue 12:00 UTC); live refresh daily in season,missing -> column mean + missingness flag (models),cfb_v2_fv1
a_fg_value__n_obs_off,pure,away team fg_value rating component n_obs_off,stage 3 joint Bayesian ridge (pbp),posterior at prediction_ts; metric units vs league mean,weekly freeze (Tue 12:00 UTC); live refresh daily in season,missing -> column mean + missingness flag (models),cfb_v2_fv1
a_havoc__n_obs_off,pure,away team havoc rating component n_obs_off,stage 3 joint Bayesian ridge (pbp),posterior at prediction_ts; metric units vs league mean,weekly freeze (Tue 12:00 UTC); live refresh daily in season,missing -> column mean + missingness flag (models),cfb_v2_fv1
a_line_yds__n_obs_off,pure,away team line_yds rating component n_obs_off,stage 3 joint Bayesian ridge (pbp),posterior at prediction_ts; metric units vs league mean,weekly freeze (Tue 12:00 UTC); live refresh daily in season,missing -> column mean + missingness flag (models),cfb_v2_fv1
a_opp_rate__n_obs_off,pure,away team opp_rate rating component n_obs_off,stage 3 joint Bayesian ridge (pbp),posterior at prediction_ts; metric units vs league mean,weekly freeze (Tue 12:00 UTC); live refresh daily in season,missing -> column mean + missingness flag (models),cfb_v2_fv1
a_pass_rate__n_obs_off,pure,away team pass_rate rating component n_obs_off,stage 3 joint Bayesian ridge (pbp),posterior at prediction_ts; metric units vs league mean,weekly freeze (Tue 12:00 UTC); live refresh daily in season,missing -> column mean + missingness flag (models),cfb_v2_fv1
a_plays_pg__n_obs_off,pure,away team plays_pg rating component n_obs_off,stage 3 joint Bayesian ridge (pbp),posterior at prediction_ts; metric units vs league mean,weekly freeze (Tue 12:00 UTC); live refresh daily in season,missing -> column mean + missingness flag (models),cfb_v2_fv1
a_ppd__n_obs_off,pure,away team ppd rating component n_obs_off,stage 3 joint Bayesian ridge (pbp),posterior at prediction_ts; metric units vs league mean,weekly freeze (Tue 12:00 UTC); live refresh daily in season,missing -> column mean + missingness flag (models),cfb_v2_fv1
a_pts_per_opp__n_obs_off,pure,away team pts_per_opp rating component n_obs_off,stage 3 joint Bayesian ridge (pbp),posterior at prediction_ts; metric units vs league mean,weekly freeze (Tue 12:00 UTC); live refresh daily in season,missing -> column mean + missingness flag (models),cfb_v2_fv1
a_sack_rate__n_obs_off,pure,away team sack_rate rating component n_obs_off,stage 3 joint Bayesian ridge (pbp),posterior at prediction_ts; metric units vs league mean,weekly freeze (Tue 12:00 UTC); live refresh daily in season,missing -> column mean + missingness flag (models),cfb_v2_fv1
a_so_rate__n_obs_off,pure,away team so_rate rating component n_obs_off,stage 3 joint Bayesian ridge (pbp),posterior at prediction_ts; metric units vs league mean,weekly freeze (Tue 12:00 UTC); live refresh daily in season,missing -> column mean + missingness flag (models),cfb_v2_fv1
a_sr__n_obs_off,pure,away team sr rating component n_obs_off,stage 3 joint Bayesian ridge (pbp),posterior at prediction_ts; metric units vs league mean,weekly freeze (Tue 12:00 UTC); live refresh daily in season,missing -> column mean + missingness flag (models),cfb_v2_fv1
a_sr_3rd__n_obs_off,pure,away team sr_3rd rating component n_obs_off,stage 3 joint Bayesian ridge (pbp),posterior at prediction_ts; metric units vs league mean,weekly freeze (Tue 12:00 UTC); live refresh daily in season,missing -> column mean + missingness flag (models),cfb_v2_fv1
a_sr_early__n_obs_off,pure,away team sr_early rating component n_obs_off,stage 3 joint Bayesian ridge (pbp),posterior at prediction_ts; metric units vs league mean,weekly freeze (Tue 12:00 UTC); live refresh daily in season,missing -> column mean + missingness flag (models),cfb_v2_fv1
a_sr_pass__n_obs_off,pure,away team sr_pass rating component n_obs_off,stage 3 joint Bayesian ridge (pbp),posterior at prediction_ts; metric units vs league mean,weekly freeze (Tue 12:00 UTC); live refresh daily in season,missing -> column mean + missingness flag (models),cfb_v2_fv1
a_sr_pd__n_obs_off,pure,away team sr_pd rating component n_obs_off,stage 3 joint Bayesian ridge (pbp),posterior at prediction_ts; metric units vs league mean,weekly freeze (Tue 12:00 UTC); live refresh daily in season,missing -> column mean + missingness flag (models),cfb_v2_fv1
a_sr_rush__n_obs_off,pure,away team sr_rush rating component n_obs_off,stage 3 joint Bayesian ridge (pbp),posterior at prediction_ts; metric units vs league mean,weekly freeze (Tue 12:00 UTC); live refresh daily in season,missing -> column mean + missingness flag (models),cfb_v2_fv1
a_st_net__n_obs_off,pure,away team st_net rating component n_obs_off,stage 3 joint Bayesian ridge (pbp),posterior at prediction_ts; metric units vs league mean,weekly freeze (Tue 12:00 UTC); live refresh daily in season,missing -> column mean + missingness flag (models),cfb_v2_fv1
a_start_fp__n_obs_off,pure,away team start_fp rating component n_obs_off,stage 3 joint Bayesian ridge (pbp),posterior at prediction_ts; metric units vs league mean,weekly freeze (Tue 12:00 UTC); live refresh daily in season,missing -> column mean + missingness flag (models),cfb_v2_fv1
a_stuff__n_obs_off,pure,away team stuff rating component n_obs_off,stage 3 joint Bayesian ridge (pbp),posterior at prediction_ts; metric units vs league mean,weekly freeze (Tue 12:00 UTC); live refresh daily in season,missing -> column mean + missingness flag (models),cfb_v2_fv1
a_to_rate__n_obs_off,pure,away team to_rate rating component n_obs_off,stage 3 joint Bayesian ridge (pbp),posterior at prediction_ts; metric units vs league mean,weekly freeze (Tue 12:00 UTC); live refresh daily in season,missing -> column mean + missingness flag (models),cfb_v2_fv1
a_drive_epa__off,pure,away team drive_epa rating component off,stage 3 joint Bayesian ridge (pbp),posterior at prediction_ts; metric units vs league mean,weekly freeze (Tue 12:00 UTC); live refresh daily in season,missing -> column mean + missingness flag (models),cfb_v2_fv1
a_drives_pg__off,pure,away team drives_pg rating component off,stage 3 joint Bayesian ridge (pbp),posterior at prediction_ts; metric units vs league mean,weekly freeze (Tue 12:00 UTC); live refresh daily in season,missing -> column mean + missingness flag (models),cfb_v2_fv1
a_epa__off,pure,away team epa rating component off,stage 3 joint Bayesian ridge (pbp),posterior at prediction_ts; metric units vs league mean,weekly freeze (Tue 12:00 UTC); live refresh daily in season,missing -> column mean + missingness flag (models),cfb_v2_fv1
a_epa_pass__off,pure,away team epa_pass rating component off,stage 3 joint Bayesian ridge (pbp),posterior at prediction_ts; metric units vs league mean,weekly freeze (Tue 12:00 UTC); live refresh daily in season,missing -> column mean + missingness flag (models),cfb_v2_fv1
a_epa_rush__off,pure,away team epa_rush rating component off,stage 3 joint Bayesian ridge (pbp),posterior at prediction_ts; metric units vs league mean,weekly freeze (Tue 12:00 UTC); live refresh daily in season,missing -> column mean + missingness flag (models),cfb_v2_fv1
a_expl__off,pure,away team expl rating component off,stage 3 joint Bayesian ridge (pbp),posterior at prediction_ts; metric units vs league mean,weekly freeze (Tue 12:00 UTC); live refresh daily in season,missing -> column mean + missingness flag (models),cfb_v2_fv1
a_expl_pass__off,pure,away team expl_pass rating component off,stage 3 joint Bayesian ridge (pbp),posterior at prediction_ts; metric units vs league mean,weekly freeze (Tue 12:00 UTC); live refresh daily in season,missing -> column mean + missingness flag (models),cfb_v2_fv1
a_expl_rush__off,pure,away team expl_rush rating component off,stage 3 joint Bayesian ridge (pbp),posterior at prediction_ts; metric units vs league mean,weekly freeze (Tue 12:00 UTC); live refresh daily in season,missing -> column mean + missingness flag (models),cfb_v2_fv1
a_fg_value__off,pure,away team fg_value rating component off,stage 3 joint Bayesian ridge (pbp),posterior at prediction_ts; metric units vs league mean,weekly freeze (Tue 12:00 UTC); live refresh daily in season,missing -> column mean + missingness flag (models),cfb_v2_fv1
a_havoc__off,pure,away team havoc rating component off,stage 3 joint Bayesian ridge (pbp),posterior at prediction_ts; metric units vs league mean,weekly freeze (Tue 12:00 UTC); live refresh daily in season,missing -> column mean + missingness flag (models),cfb_v2_fv1
a_line_yds__off,pure,away team line_yds rating component off,stage 3 joint Bayesian ridge (pbp),posterior at prediction_ts; metric units vs league mean,weekly freeze (Tue 12:00 UTC); live refresh daily in season,missing -> column mean + missingness flag (models),cfb_v2_fv1
a_opp_rate__off,pure,away team opp_rate rating component off,stage 3 joint Bayesian ridge (pbp),posterior at prediction_ts; metric units vs league mean,weekly freeze (Tue 12:00 UTC); live refresh daily in season,missing -> column mean + missingness flag (models),cfb_v2_fv1
a_pass_rate__off,pure,away team pass_rate rating component off,stage 3 joint Bayesian ridge (pbp),posterior at prediction_ts; metric units vs league mean,weekly freeze (Tue 12:00 UTC); live refresh daily in season,missing -> column mean + missingness flag (models),cfb_v2_fv1
a_plays_pg__off,pure,away team plays_pg rating component off,stage 3 joint Bayesian ridge (pbp),posterior at prediction_ts; metric units vs league mean,weekly freeze (Tue 12:00 UTC); live refresh daily in season,missing -> column mean + missingness flag (models),cfb_v2_fv1
a_ppd__off,pure,away team ppd rating component off,stage 3 joint Bayesian ridge (pbp),posterior at prediction_ts; metric units vs league mean,weekly freeze (Tue 12:00 UTC); live refresh daily in season,missing -> column mean + missingness flag (models),cfb_v2_fv1
a_pts_per_opp__off,pure,away team pts_per_opp rating component off,stage 3 joint Bayesian ridge (pbp),posterior at prediction_ts; metric units vs league mean,weekly freeze (Tue 12:00 UTC); live refresh daily in season,missing -> column mean + missingness flag (models),cfb_v2_fv1
a_sack_rate__off,pure,away team sack_rate rating component off,stage 3 joint Bayesian ridge (pbp),posterior at prediction_ts; metric units vs league mean,weekly freeze (Tue 12:00 UTC); live refresh daily in season,missing -> column mean + missingness flag (models),cfb_v2_fv1
a_so_rate__off,pure,away team so_rate rating component off,stage 3 joint Bayesian ridge (pbp),posterior at prediction_ts; metric units vs league mean,weekly freeze (Tue 12:00 UTC); live refresh daily in season,missing -> column mean + missingness flag (models),cfb_v2_fv1
a_sr__off,pure,away team sr rating component off,stage 3 joint Bayesian ridge (pbp),posterior at prediction_ts; metric units vs league mean,weekly freeze (Tue 12:00 UTC); live refresh daily in season,missing -> column mean + missingness flag (models),cfb_v2_fv1
a_sr_3rd__off,pure,away team sr_3rd rating component off,stage 3 joint Bayesian ridge (pbp),posterior at prediction_ts; metric units vs league mean,weekly freeze (Tue 12:00 UTC); live refresh daily in season,missing -> column mean + missingness flag (models),cfb_v2_fv1
a_sr_early__off,pure,away team sr_early rating component off,stage 3 joint Bayesian ridge (pbp),posterior at prediction_ts; metric units vs league mean,weekly freeze (Tue 12:00 UTC); live refresh daily in season,missing -> column mean + missingness flag (models),cfb_v2_fv1
a_sr_pass__off,pure,away team sr_pass rating component off,stage 3 joint Bayesian ridge (pbp),posterior at prediction_ts; metric units vs league mean,weekly freeze (Tue 12:00 UTC); live refresh daily in season,missing -> column mean + missingness flag (models),cfb_v2_fv1
a_sr_pd__off,pure,away team sr_pd rating component off,stage 3 joint Bayesian ridge (pbp),posterior at prediction_ts; metric units vs league mean,weekly freeze (Tue 12:00 UTC); live refresh daily in season,missing -> column mean + missingness flag (models),cfb_v2_fv1
a_sr_rush__off,pure,away team sr_rush rating component off,stage 3 joint Bayesian ridge (pbp),posterior at prediction_ts; metric units vs league mean,weekly freeze (Tue 12:00 UTC); live refresh daily in season,missing -> column mean + missingness flag (models),cfb_v2_fv1
a_st_net__off,pure,away team st_net rating component off,stage 3 joint Bayesian ridge (pbp),posterior at prediction_ts; metric units vs league mean,weekly freeze (Tue 12:00 UTC); live refresh daily in season,missing -> column mean + missingness flag (models),cfb_v2_fv1
a_start_fp__off,pure,away team start_fp rating component off,stage 3 joint Bayesian ridge (pbp),posterior at prediction_ts; metric units vs league mean,weekly freeze (Tue 12:00 UTC); live refresh daily in season,missing -> column mean + missingness flag (models),cfb_v2_fv1
a_stuff__off,pure,away team stuff rating component off,stage 3 joint Bayesian ridge (pbp),posterior at prediction_ts; metric units vs league mean,weekly freeze (Tue 12:00 UTC); live refresh daily in season,missing -> column mean + missingness flag (models),cfb_v2_fv1
a_to_rate__off,pure,away team to_rate rating component off,stage 3 joint Bayesian ridge (pbp),posterior at prediction_ts; metric units vs league mean,weekly freeze (Tue 12:00 UTC); live refresh daily in season,missing -> column mean + missingness flag (models),cfb_v2_fv1
a_drive_epa__off_rec,pure,away team drive_epa rating component off_rec,stage 3 joint Bayesian ridge (pbp),posterior at prediction_ts; metric units vs league mean,weekly freeze (Tue 12:00 UTC); live refresh daily in season,missing -> column mean + missingness flag (models),cfb_v2_fv1
a_drives_pg__off_rec,pure,away team drives_pg rating component off_rec,stage 3 joint Bayesian ridge (pbp),posterior at prediction_ts; metric units vs league mean,weekly freeze (Tue 12:00 UTC); live refresh daily in season,missing -> column mean + missingness flag (models),cfb_v2_fv1
a_epa__off_rec,pure,away team epa rating component off_rec,stage 3 joint Bayesian ridge (pbp),posterior at prediction_ts; metric units vs league mean,weekly freeze (Tue 12:00 UTC); live refresh daily in season,missing -> column mean + missingness flag (models),cfb_v2_fv1
a_epa_pass__off_rec,pure,away team epa_pass rating component off_rec,stage 3 joint Bayesian ridge (pbp),posterior at prediction_ts; metric units vs league mean,weekly freeze (Tue 12:00 UTC); live refresh daily in season,missing -> column mean + missingness flag (models),cfb_v2_fv1
a_epa_rush__off_rec,pure,away team epa_rush rating component off_rec,stage 3 joint Bayesian ridge (pbp),posterior at prediction_ts; metric units vs league mean,weekly freeze (Tue 12:00 UTC); live refresh daily in season,missing -> column mean + missingness flag (models),cfb_v2_fv1
a_expl__off_rec,pure,away team expl rating component off_rec,stage 3 joint Bayesian ridge (pbp),posterior at prediction_ts; metric units vs league mean,weekly freeze (Tue 12:00 UTC); live refresh daily in season,missing -> column mean + missingness flag (models),cfb_v2_fv1
a_expl_pass__off_rec,pure,away team expl_pass rating component off_rec,stage 3 joint Bayesian ridge (pbp),posterior at prediction_ts; metric units vs league mean,weekly freeze (Tue 12:00 UTC); live refresh daily in season,missing -> column mean + missingness flag (models),cfb_v2_fv1
a_expl_rush__off_rec,pure,away team expl_rush rating component off_rec,stage 3 joint Bayesian ridge (pbp),posterior at prediction_ts; metric units vs league mean,weekly freeze (Tue 12:00 UTC); live refresh daily in season,missing -> column mean + missingness flag (models),cfb_v2_fv1
a_fg_value__off_rec,pure,away team fg_value rating component off_rec,stage 3 joint Bayesian ridge (pbp),posterior at prediction_ts; metric units vs league mean,weekly freeze (Tue 12:00 UTC); live refresh daily in season,missing -> column mean + missingness flag (models),cfb_v2_fv1
a_havoc__off_rec,pure,away team havoc rating component off_rec,stage 3 joint Bayesian ridge (pbp),posterior at prediction_ts; metric units vs league mean,weekly freeze (Tue 12:00 UTC); live refresh daily in season,missing -> column mean + missingness flag (models),cfb_v2_fv1
a_line_yds__off_rec,pure,away team line_yds rating component off_rec,stage 3 joint Bayesian ridge (pbp),posterior at prediction_ts; metric units vs league mean,weekly freeze (Tue 12:00 UTC); live refresh daily in season,missing -> column mean + missingness flag (models),cfb_v2_fv1
a_opp_rate__off_rec,pure,away team opp_rate rating component off_rec,stage 3 joint Bayesian ridge (pbp),posterior at prediction_ts; metric units vs league mean,weekly freeze (Tue 12:00 UTC); live refresh daily in season,missing -> column mean + missingness flag (models),cfb_v2_fv1
a_pass_rate__off_rec,pure,away team pass_rate rating component off_rec,stage 3 joint Bayesian ridge (pbp),posterior at prediction_ts; metric units vs league mean,weekly freeze (Tue 12:00 UTC); live refresh daily in season,missing -> column mean + missingness flag (models),cfb_v2_fv1
a_plays_pg__off_rec,pure,away team plays_pg rating component off_rec,stage 3 joint Bayesian ridge (pbp),posterior at prediction_ts; metric units vs league mean,weekly freeze (Tue 12:00 UTC); live refresh daily in season,missing -> column mean + missingness flag (models),cfb_v2_fv1
a_ppd__off_rec,pure,away team ppd rating component off_rec,stage 3 joint Bayesian ridge (pbp),posterior at prediction_ts; metric units vs league mean,weekly freeze (Tue 12:00 UTC); live refresh daily in season,missing -> column mean + missingness flag (models),cfb_v2_fv1
a_pts_per_opp__off_rec,pure,away team pts_per_opp rating component off_rec,stage 3 joint Bayesian ridge (pbp),posterior at prediction_ts; metric units vs league mean,weekly freeze (Tue 12:00 UTC); live refresh daily in season,missing -> column mean + missingness flag (models),cfb_v2_fv1
a_sack_rate__off_rec,pure,away team sack_rate rating component off_rec,stage 3 joint Bayesian ridge (pbp),posterior at prediction_ts; metric units vs league mean,weekly freeze (Tue 12:00 UTC); live refresh daily in season,missing -> column mean + missingness flag (models),cfb_v2_fv1
a_so_rate__off_rec,pure,away team so_rate rating component off_rec,stage 3 joint Bayesian ridge (pbp),posterior at prediction_ts; metric units vs league mean,weekly freeze (Tue 12:00 UTC); live refresh daily in season,missing -> column mean + missingness flag (models),cfb_v2_fv1
a_sr__off_rec,pure,away team sr rating component off_rec,stage 3 joint Bayesian ridge (pbp),posterior at prediction_ts; metric units vs league mean,weekly freeze (Tue 12:00 UTC); live refresh daily in season,missing -> column mean + missingness flag (models),cfb_v2_fv1
a_sr_3rd__off_rec,pure,away team sr_3rd rating component off_rec,stage 3 joint Bayesian ridge (pbp),posterior at prediction_ts; metric units vs league mean,weekly freeze (Tue 12:00 UTC); live refresh daily in season,missing -> column mean + missingness flag (models),cfb_v2_fv1
a_sr_early__off_rec,pure,away team sr_early rating component off_rec,stage 3 joint Bayesian ridge (pbp),posterior at prediction_ts; metric units vs league mean,weekly freeze (Tue 12:00 UTC); live refresh daily in season,missing -> column mean + missingness flag (models),cfb_v2_fv1
a_sr_pass__off_rec,pure,away team sr_pass rating component off_rec,stage 3 joint Bayesian ridge (pbp),posterior at prediction_ts; metric units vs league mean,weekly freeze (Tue 12:00 UTC); live refresh daily in season,missing -> column mean + missingness flag (models),cfb_v2_fv1
a_sr_pd__off_rec,pure,away team sr_pd rating component off_rec,stage 3 joint Bayesian ridge (pbp),posterior at prediction_ts; metric units vs league mean,weekly freeze (Tue 12:00 UTC); live refresh daily in season,missing -> column mean + missingness flag (models),cfb_v2_fv1
a_sr_rush__off_rec,pure,away team sr_rush rating component off_rec,stage 3 joint Bayesian ridge (pbp),posterior at prediction_ts; metric units vs league mean,weekly freeze (Tue 12:00 UTC); live refresh daily in season,missing -> column mean + missingness flag (models),cfb_v2_fv1
a_st_net__off_rec,pure,away team st_net rating component off_rec,stage 3 joint Bayesian ridge (pbp),posterior at prediction_ts; metric units vs league mean,weekly freeze (Tue 12:00 UTC); live refresh daily in season,missing -> column mean + missingness flag (models),cfb_v2_fv1
a_start_fp__off_rec,pure,away team start_fp rating component off_rec,stage 3 joint Bayesian ridge (pbp),posterior at prediction_ts; metric units vs league mean,weekly freeze (Tue 12:00 UTC); live refresh daily in season,missing -> column mean + missingness flag (models),cfb_v2_fv1
a_stuff__off_rec,pure,away team stuff rating component off_rec,stage 3 joint Bayesian ridge (pbp),posterior at prediction_ts; metric units vs league mean,weekly freeze (Tue 12:00 UTC); live refresh daily in season,missing -> column mean + missingness flag (models),cfb_v2_fv1
a_to_rate__off_rec,pure,away team to_rate rating component off_rec,stage 3 joint Bayesian ridge (pbp),posterior at prediction_ts; metric units vs league mean,weekly freeze (Tue 12:00 UTC); live refresh daily in season,missing -> column mean + missingness flag (models),cfb_v2_fv1
a_drive_epa__off_var,pure,away team drive_epa rating component off_var,stage 3 joint Bayesian ridge (pbp),posterior at prediction_ts; metric units vs league mean,weekly freeze (Tue 12:00 UTC); live refresh daily in season,missing -> column mean + missingness flag (models),cfb_v2_fv1
a_drives_pg__off_var,pure,away team drives_pg rating component off_var,stage 3 joint Bayesian ridge (pbp),posterior at prediction_ts; metric units vs league mean,weekly freeze (Tue 12:00 UTC); live refresh daily in season,missing -> column mean + missingness flag (models),cfb_v2_fv1
a_epa__off_var,pure,away team epa rating component off_var,stage 3 joint Bayesian ridge (pbp),posterior at prediction_ts; metric units vs league mean,weekly freeze (Tue 12:00 UTC); live refresh daily in season,missing -> column mean + missingness flag (models),cfb_v2_fv1
a_epa_pass__off_var,pure,away team epa_pass rating component off_var,stage 3 joint Bayesian ridge (pbp),posterior at prediction_ts; metric units vs league mean,weekly freeze (Tue 12:00 UTC); live refresh daily in season,missing -> column mean + missingness flag (models),cfb_v2_fv1
a_epa_rush__off_var,pure,away team epa_rush rating component off_var,stage 3 joint Bayesian ridge (pbp),posterior at prediction_ts; metric units vs league mean,weekly freeze (Tue 12:00 UTC); live refresh daily in season,missing -> column mean + missingness flag (models),cfb_v2_fv1
a_expl__off_var,pure,away team expl rating component off_var,stage 3 joint Bayesian ridge (pbp),posterior at prediction_ts; metric units vs league mean,weekly freeze (Tue 12:00 UTC); live refresh daily in season,missing -> column mean + missingness flag (models),cfb_v2_fv1
a_expl_pass__off_var,pure,away team expl_pass rating component off_var,stage 3 joint Bayesian ridge (pbp),posterior at prediction_ts; metric units vs league mean,weekly freeze (Tue 12:00 UTC); live refresh daily in season,missing -> column mean + missingness flag (models),cfb_v2_fv1
a_expl_rush__off_var,pure,away team expl_rush rating component off_var,stage 3 joint Bayesian ridge (pbp),posterior at prediction_ts; metric units vs league mean,weekly freeze (Tue 12:00 UTC); live refresh daily in season,missing -> column mean + missingness flag (models),cfb_v2_fv1
a_fg_value__off_var,pure,away team fg_value rating component off_var,stage 3 joint Bayesian ridge (pbp),posterior at prediction_ts; metric units vs league mean,weekly freeze (Tue 12:00 UTC); live refresh daily in season,missing -> column mean + missingness flag (models),cfb_v2_fv1
a_havoc__off_var,pure,away team havoc rating component off_var,stage 3 joint Bayesian ridge (pbp),posterior at prediction_ts; metric units vs league mean,weekly freeze (Tue 12:00 UTC); live refresh daily in season,missing -> column mean + missingness flag (models),cfb_v2_fv1
a_line_yds__off_var,pure,away team line_yds rating component off_var,stage 3 joint Bayesian ridge (pbp),posterior at prediction_ts; metric units vs league mean,weekly freeze (Tue 12:00 UTC); live refresh daily in season,missing -> column mean + missingness flag (models),cfb_v2_fv1
a_opp_rate__off_var,pure,away team opp_rate rating component off_var,stage 3 joint Bayesian ridge (pbp),posterior at prediction_ts; metric units vs league mean,weekly freeze (Tue 12:00 UTC); live refresh daily in season,missing -> column mean + missingness flag (models),cfb_v2_fv1
a_pass_rate__off_var,pure,away team pass_rate rating component off_var,stage 3 joint Bayesian ridge (pbp),posterior at prediction_ts; metric units vs league mean,weekly freeze (Tue 12:00 UTC); live refresh daily in season,missing -> column mean + missingness flag (models),cfb_v2_fv1
a_plays_pg__off_var,pure,away team plays_pg rating component off_var,stage 3 joint Bayesian ridge (pbp),posterior at prediction_ts; metric units vs league mean,weekly freeze (Tue 12:00 UTC); live refresh daily in season,missing -> column mean + missingness flag (models),cfb_v2_fv1
a_ppd__off_var,pure,away team ppd rating component off_var,stage 3 joint Bayesian ridge (pbp),posterior at prediction_ts; metric units vs league mean,weekly freeze (Tue 12:00 UTC); live refresh daily in season,missing -> column mean + missingness flag (models),cfb_v2_fv1
a_pts_per_opp__off_var,pure,away team pts_per_opp rating component off_var,stage 3 joint Bayesian ridge (pbp),posterior at prediction_ts; metric units vs league mean,weekly freeze (Tue 12:00 UTC); live refresh daily in season,missing -> column mean + missingness flag (models),cfb_v2_fv1
a_sack_rate__off_var,pure,away team sack_rate rating component off_var,stage 3 joint Bayesian ridge (pbp),posterior at prediction_ts; metric units vs league mean,weekly freeze (Tue 12:00 UTC); live refresh daily in season,missing -> column mean + missingness flag (models),cfb_v2_fv1
a_so_rate__off_var,pure,away team so_rate rating component off_var,stage 3 joint Bayesian ridge (pbp),posterior at prediction_ts; metric units vs league mean,weekly freeze (Tue 12:00 UTC); live refresh daily in season,missing -> column mean + missingness flag (models),cfb_v2_fv1
a_sr__off_var,pure,away team sr rating component off_var,stage 3 joint Bayesian ridge (pbp),posterior at prediction_ts; metric units vs league mean,weekly freeze (Tue 12:00 UTC); live refresh daily in season,missing -> column mean + missingness flag (models),cfb_v2_fv1
a_sr_3rd__off_var,pure,away team sr_3rd rating component off_var,stage 3 joint Bayesian ridge (pbp),posterior at prediction_ts; metric units vs league mean,weekly freeze (Tue 12:00 UTC); live refresh daily in season,missing -> column mean + missingness flag (models),cfb_v2_fv1
a_sr_early__off_var,pure,away team sr_early rating component off_var,stage 3 joint Bayesian ridge (pbp),posterior at prediction_ts; metric units vs league mean,weekly freeze (Tue 12:00 UTC); live refresh daily in season,missing -> column mean + missingness flag (models),cfb_v2_fv1
a_sr_pass__off_var,pure,away team sr_pass rating component off_var,stage 3 joint Bayesian ridge (pbp),posterior at prediction_ts; metric units vs league mean,weekly freeze (Tue 12:00 UTC); live refresh daily in season,missing -> column mean + missingness flag (models),cfb_v2_fv1
a_sr_pd__off_var,pure,away team sr_pd rating component off_var,stage 3 joint Bayesian ridge (pbp),posterior at prediction_ts; metric units vs league mean,weekly freeze (Tue 12:00 UTC); live refresh daily in season,missing -> column mean + missingness flag (models),cfb_v2_fv1
a_sr_rush__off_var,pure,away team sr_rush rating component off_var,stage 3 joint Bayesian ridge (pbp),posterior at prediction_ts; metric units vs league mean,weekly freeze (Tue 12:00 UTC); live refresh daily in season,missing -> column mean + missingness flag (models),cfb_v2_fv1
a_st_net__off_var,pure,away team st_net rating component off_var,stage 3 joint Bayesian ridge (pbp),posterior at prediction_ts; metric units vs league mean,weekly freeze (Tue 12:00 UTC); live refresh daily in season,missing -> column mean + missingness flag (models),cfb_v2_fv1
a_start_fp__off_var,pure,away team start_fp rating component off_var,stage 3 joint Bayesian ridge (pbp),posterior at prediction_ts; metric units vs league mean,weekly freeze (Tue 12:00 UTC); live refresh daily in season,missing -> column mean + missingness flag (models),cfb_v2_fv1
a_stuff__off_var,pure,away team stuff rating component off_var,stage 3 joint Bayesian ridge (pbp),posterior at prediction_ts; metric units vs league mean,weekly freeze (Tue 12:00 UTC); live refresh daily in season,missing -> column mean + missingness flag (models),cfb_v2_fv1
a_to_rate__off_var,pure,away team to_rate rating component off_var,stage 3 joint Bayesian ridge (pbp),posterior at prediction_ts; metric units vs league mean,weekly freeze (Tue 12:00 UTC); live refresh daily in season,missing -> column mean + missingness flag (models),cfb_v2_fv1
a_drive_epa__prior_def,pure,away team drive_epa rating component prior_def,stage 3 joint Bayesian ridge (pbp),posterior at prediction_ts; metric units vs league mean,weekly freeze (Tue 12:00 UTC); live refresh daily in season,missing -> column mean + missingness flag (models),cfb_v2_fv1
a_drives_pg__prior_def,pure,away team drives_pg rating component prior_def,stage 3 joint Bayesian ridge (pbp),posterior at prediction_ts; metric units vs league mean,weekly freeze (Tue 12:00 UTC); live refresh daily in season,missing -> column mean + missingness flag (models),cfb_v2_fv1
a_epa__prior_def,pure,away team epa rating component prior_def,stage 3 joint Bayesian ridge (pbp),posterior at prediction_ts; metric units vs league mean,weekly freeze (Tue 12:00 UTC); live refresh daily in season,missing -> column mean + missingness flag (models),cfb_v2_fv1
a_epa_pass__prior_def,pure,away team epa_pass rating component prior_def,stage 3 joint Bayesian ridge (pbp),posterior at prediction_ts; metric units vs league mean,weekly freeze (Tue 12:00 UTC); live refresh daily in season,missing -> column mean + missingness flag (models),cfb_v2_fv1
a_epa_rush__prior_def,pure,away team epa_rush rating component prior_def,stage 3 joint Bayesian ridge (pbp),posterior at prediction_ts; metric units vs league mean,weekly freeze (Tue 12:00 UTC); live refresh daily in season,missing -> column mean + missingness flag (models),cfb_v2_fv1
a_expl__prior_def,pure,away team expl rating component prior_def,stage 3 joint Bayesian ridge (pbp),posterior at prediction_ts; metric units vs league mean,weekly freeze (Tue 12:00 UTC); live refresh daily in season,missing -> column mean + missingness flag (models),cfb_v2_fv1
a_expl_pass__prior_def,pure,away team expl_pass rating component prior_def,stage 3 joint Bayesian ridge (pbp),posterior at prediction_ts; metric units vs league mean,weekly freeze (Tue 12:00 UTC); live refresh daily in season,missing -> column mean + missingness flag (models),cfb_v2_fv1
a_expl_rush__prior_def,pure,away team expl_rush rating component prior_def,stage 3 joint Bayesian ridge (pbp),posterior at prediction_ts; metric units vs league mean,weekly freeze (Tue 12:00 UTC); live refresh daily in season,missing -> column mean + missingness flag (models),cfb_v2_fv1
a_fg_value__prior_def,pure,away team fg_value rating component prior_def,stage 3 joint Bayesian ridge (pbp),posterior at prediction_ts; metric units vs league mean,weekly freeze (Tue 12:00 UTC); live refresh daily in season,missing -> column mean + missingness flag (models),cfb_v2_fv1
a_havoc__prior_def,pure,away team havoc rating component prior_def,stage 3 joint Bayesian ridge (pbp),posterior at prediction_ts; metric units vs league mean,weekly freeze (Tue 12:00 UTC); live refresh daily in season,missing -> column mean + missingness flag (models),cfb_v2_fv1
a_line_yds__prior_def,pure,away team line_yds rating component prior_def,stage 3 joint Bayesian ridge (pbp),posterior at prediction_ts; metric units vs league mean,weekly freeze (Tue 12:00 UTC); live refresh daily in season,missing -> column mean + missingness flag (models),cfb_v2_fv1
a_opp_rate__prior_def,pure,away team opp_rate rating component prior_def,stage 3 joint Bayesian ridge (pbp),posterior at prediction_ts; metric units vs league mean,weekly freeze (Tue 12:00 UTC); live refresh daily in season,missing -> column mean + missingness flag (models),cfb_v2_fv1
a_pass_rate__prior_def,pure,away team pass_rate rating component prior_def,stage 3 joint Bayesian ridge (pbp),posterior at prediction_ts; metric units vs league mean,weekly freeze (Tue 12:00 UTC); live refresh daily in season,missing -> column mean + missingness flag (models),cfb_v2_fv1
a_plays_pg__prior_def,pure,away team plays_pg rating component prior_def,stage 3 joint Bayesian ridge (pbp),posterior at prediction_ts; metric units vs league mean,weekly freeze (Tue 12:00 UTC); live refresh daily in season,missing -> column mean + missingness flag (models),cfb_v2_fv1
a_ppd__prior_def,pure,away team ppd rating component prior_def,stage 3 joint Bayesian ridge (pbp),posterior at prediction_ts; metric units vs league mean,weekly freeze (Tue 12:00 UTC); live refresh daily in season,missing -> column mean + missingness flag (models),cfb_v2_fv1
a_pts_per_opp__prior_def,pure,away team pts_per_opp rating component prior_def,stage 3 joint Bayesian ridge (pbp),posterior at prediction_ts; metric units vs league mean,weekly freeze (Tue 12:00 UTC); live refresh daily in season,missing -> column mean + missingness flag (models),cfb_v2_fv1
a_sack_rate__prior_def,pure,away team sack_rate rating component prior_def,stage 3 joint Bayesian ridge (pbp),posterior at prediction_ts; metric units vs league mean,weekly freeze (Tue 12:00 UTC); live refresh daily in season,missing -> column mean + missingness flag (models),cfb_v2_fv1
a_so_rate__prior_def,pure,away team so_rate rating component prior_def,stage 3 joint Bayesian ridge (pbp),posterior at prediction_ts; metric units vs league mean,weekly freeze (Tue 12:00 UTC); live refresh daily in season,missing -> column mean + missingness flag (models),cfb_v2_fv1
a_sr__prior_def,pure,away team sr rating component prior_def,stage 3 joint Bayesian ridge (pbp),posterior at prediction_ts; metric units vs league mean,weekly freeze (Tue 12:00 UTC); live refresh daily in season,missing -> column mean + missingness flag (models),cfb_v2_fv1
a_sr_3rd__prior_def,pure,away team sr_3rd rating component prior_def,stage 3 joint Bayesian ridge (pbp),posterior at prediction_ts; metric units vs league mean,weekly freeze (Tue 12:00 UTC); live refresh daily in season,missing -> column mean + missingness flag (models),cfb_v2_fv1
a_sr_early__prior_def,pure,away team sr_early rating component prior_def,stage 3 joint Bayesian ridge (pbp),posterior at prediction_ts; metric units vs league mean,weekly freeze (Tue 12:00 UTC); live refresh daily in season,missing -> column mean + missingness flag (models),cfb_v2_fv1
a_sr_pass__prior_def,pure,away team sr_pass rating component prior_def,stage 3 joint Bayesian ridge (pbp),posterior at prediction_ts; metric units vs league mean,weekly freeze (Tue 12:00 UTC); live refresh daily in season,missing -> column mean + missingness flag (models),cfb_v2_fv1
a_sr_pd__prior_def,pure,away team sr_pd rating component prior_def,stage 3 joint Bayesian ridge (pbp),posterior at prediction_ts; metric units vs league mean,weekly freeze (Tue 12:00 UTC); live refresh daily in season,missing -> column mean + missingness flag (models),cfb_v2_fv1
a_sr_rush__prior_def,pure,away team sr_rush rating component prior_def,stage 3 joint Bayesian ridge (pbp),posterior at prediction_ts; metric units vs league mean,weekly freeze (Tue 12:00 UTC); live refresh daily in season,missing -> column mean + missingness flag (models),cfb_v2_fv1
a_st_net__prior_def,pure,away team st_net rating component prior_def,stage 3 joint Bayesian ridge (pbp),posterior at prediction_ts; metric units vs league mean,weekly freeze (Tue 12:00 UTC); live refresh daily in season,missing -> column mean + missingness flag (models),cfb_v2_fv1
a_start_fp__prior_def,pure,away team start_fp rating component prior_def,stage 3 joint Bayesian ridge (pbp),posterior at prediction_ts; metric units vs league mean,weekly freeze (Tue 12:00 UTC); live refresh daily in season,missing -> column mean + missingness flag (models),cfb_v2_fv1
a_stuff__prior_def,pure,away team stuff rating component prior_def,stage 3 joint Bayesian ridge (pbp),posterior at prediction_ts; metric units vs league mean,weekly freeze (Tue 12:00 UTC); live refresh daily in season,missing -> column mean + missingness flag (models),cfb_v2_fv1
a_to_rate__prior_def,pure,away team to_rate rating component prior_def,stage 3 joint Bayesian ridge (pbp),posterior at prediction_ts; metric units vs league mean,weekly freeze (Tue 12:00 UTC); live refresh daily in season,missing -> column mean + missingness flag (models),cfb_v2_fv1
a_drive_epa__prior_off,pure,away team drive_epa rating component prior_off,stage 3 joint Bayesian ridge (pbp),posterior at prediction_ts; metric units vs league mean,weekly freeze (Tue 12:00 UTC); live refresh daily in season,missing -> column mean + missingness flag (models),cfb_v2_fv1
a_drives_pg__prior_off,pure,away team drives_pg rating component prior_off,stage 3 joint Bayesian ridge (pbp),posterior at prediction_ts; metric units vs league mean,weekly freeze (Tue 12:00 UTC); live refresh daily in season,missing -> column mean + missingness flag (models),cfb_v2_fv1
a_epa__prior_off,pure,away team epa rating component prior_off,stage 3 joint Bayesian ridge (pbp),posterior at prediction_ts; metric units vs league mean,weekly freeze (Tue 12:00 UTC); live refresh daily in season,missing -> column mean + missingness flag (models),cfb_v2_fv1
a_epa_pass__prior_off,pure,away team epa_pass rating component prior_off,stage 3 joint Bayesian ridge (pbp),posterior at prediction_ts; metric units vs league mean,weekly freeze (Tue 12:00 UTC); live refresh daily in season,missing -> column mean + missingness flag (models),cfb_v2_fv1
a_epa_rush__prior_off,pure,away team epa_rush rating component prior_off,stage 3 joint Bayesian ridge (pbp),posterior at prediction_ts; metric units vs league mean,weekly freeze (Tue 12:00 UTC); live refresh daily in season,missing -> column mean + missingness flag (models),cfb_v2_fv1
a_expl__prior_off,pure,away team expl rating component prior_off,stage 3 joint Bayesian ridge (pbp),posterior at prediction_ts; metric units vs league mean,weekly freeze (Tue 12:00 UTC); live refresh daily in season,missing -> column mean + missingness flag (models),cfb_v2_fv1
a_expl_pass__prior_off,pure,away team expl_pass rating component prior_off,stage 3 joint Bayesian ridge (pbp),posterior at prediction_ts; metric units vs league mean,weekly freeze (Tue 12:00 UTC); live refresh daily in season,missing -> column mean + missingness flag (models),cfb_v2_fv1
a_expl_rush__prior_off,pure,away team expl_rush rating component prior_off,stage 3 joint Bayesian ridge (pbp),posterior at prediction_ts; metric units vs league mean,weekly freeze (Tue 12:00 UTC); live refresh daily in season,missing -> column mean + missingness flag (models),cfb_v2_fv1
a_fg_value__prior_off,pure,away team fg_value rating component prior_off,stage 3 joint Bayesian ridge (pbp),posterior at prediction_ts; metric units vs league mean,weekly freeze (Tue 12:00 UTC); live refresh daily in season,missing -> column mean + missingness flag (models),cfb_v2_fv1
a_havoc__prior_off,pure,away team havoc rating component prior_off,stage 3 joint Bayesian ridge (pbp),posterior at prediction_ts; metric units vs league mean,weekly freeze (Tue 12:00 UTC); live refresh daily in season,missing -> column mean + missingness flag (models),cfb_v2_fv1
a_line_yds__prior_off,pure,away team line_yds rating component prior_off,stage 3 joint Bayesian ridge (pbp),posterior at prediction_ts; metric units vs league mean,weekly freeze (Tue 12:00 UTC); live refresh daily in season,missing -> column mean + missingness flag (models),cfb_v2_fv1
a_opp_rate__prior_off,pure,away team opp_rate rating component prior_off,stage 3 joint Bayesian ridge (pbp),posterior at prediction_ts; metric units vs league mean,weekly freeze (Tue 12:00 UTC); live refresh daily in season,missing -> column mean + missingness flag (models),cfb_v2_fv1
a_pass_rate__prior_off,pure,away team pass_rate rating component prior_off,stage 3 joint Bayesian ridge (pbp),posterior at prediction_ts; metric units vs league mean,weekly freeze (Tue 12:00 UTC); live refresh daily in season,missing -> column mean + missingness flag (models),cfb_v2_fv1
a_plays_pg__prior_off,pure,away team plays_pg rating component prior_off,stage 3 joint Bayesian ridge (pbp),posterior at prediction_ts; metric units vs league mean,weekly freeze (Tue 12:00 UTC); live refresh daily in season,missing -> column mean + missingness flag (models),cfb_v2_fv1
a_ppd__prior_off,pure,away team ppd rating component prior_off,stage 3 joint Bayesian ridge (pbp),posterior at prediction_ts; metric units vs league mean,weekly freeze (Tue 12:00 UTC); live refresh daily in season,missing -> column mean + missingness flag (models),cfb_v2_fv1
a_pts_per_opp__prior_off,pure,away team pts_per_opp rating component prior_off,stage 3 joint Bayesian ridge (pbp),posterior at prediction_ts; metric units vs league mean,weekly freeze (Tue 12:00 UTC); live refresh daily in season,missing -> column mean + missingness flag (models),cfb_v2_fv1
a_sack_rate__prior_off,pure,away team sack_rate rating component prior_off,stage 3 joint Bayesian ridge (pbp),posterior at prediction_ts; metric units vs league mean,weekly freeze (Tue 12:00 UTC); live refresh daily in season,missing -> column mean + missingness flag (models),cfb_v2_fv1
a_so_rate__prior_off,pure,away team so_rate rating component prior_off,stage 3 joint Bayesian ridge (pbp),posterior at prediction_ts; metric units vs league mean,weekly freeze (Tue 12:00 UTC); live refresh daily in season,missing -> column mean + missingness flag (models),cfb_v2_fv1
a_sr__prior_off,pure,away team sr rating component prior_off,stage 3 joint Bayesian ridge (pbp),posterior at prediction_ts; metric units vs league mean,weekly freeze (Tue 12:00 UTC); live refresh daily in season,missing -> column mean + missingness flag (models),cfb_v2_fv1
a_sr_3rd__prior_off,pure,away team sr_3rd rating component prior_off,stage 3 joint Bayesian ridge (pbp),posterior at prediction_ts; metric units vs league mean,weekly freeze (Tue 12:00 UTC); live refresh daily in season,missing -> column mean + missingness flag (models),cfb_v2_fv1
a_sr_early__prior_off,pure,away team sr_early rating component prior_off,stage 3 joint Bayesian ridge (pbp),posterior at prediction_ts; metric units vs league mean,weekly freeze (Tue 12:00 UTC); live refresh daily in season,missing -> column mean + missingness flag (models),cfb_v2_fv1
a_sr_pass__prior_off,pure,away team sr_pass rating component prior_off,stage 3 joint Bayesian ridge (pbp),posterior at prediction_ts; metric units vs league mean,weekly freeze (Tue 12:00 UTC); live refresh daily in season,missing -> column mean + missingness flag (models),cfb_v2_fv1
a_sr_pd__prior_off,pure,away team sr_pd rating component prior_off,stage 3 joint Bayesian ridge (pbp),posterior at prediction_ts; metric units vs league mean,weekly freeze (Tue 12:00 UTC); live refresh daily in season,missing -> column mean + missingness flag (models),cfb_v2_fv1
a_sr_rush__prior_off,pure,away team sr_rush rating component prior_off,stage 3 joint Bayesian ridge (pbp),posterior at prediction_ts; metric units vs league mean,weekly freeze (Tue 12:00 UTC); live refresh daily in season,missing -> column mean + missingness flag (models),cfb_v2_fv1
a_st_net__prior_off,pure,away team st_net rating component prior_off,stage 3 joint Bayesian ridge (pbp),posterior at prediction_ts; metric units vs league mean,weekly freeze (Tue 12:00 UTC); live refresh daily in season,missing -> column mean + missingness flag (models),cfb_v2_fv1
a_start_fp__prior_off,pure,away team start_fp rating component prior_off,stage 3 joint Bayesian ridge (pbp),posterior at prediction_ts; metric units vs league mean,weekly freeze (Tue 12:00 UTC); live refresh daily in season,missing -> column mean + missingness flag (models),cfb_v2_fv1
a_stuff__prior_off,pure,away team stuff rating component prior_off,stage 3 joint Bayesian ridge (pbp),posterior at prediction_ts; metric units vs league mean,weekly freeze (Tue 12:00 UTC); live refresh daily in season,missing -> column mean + missingness flag (models),cfb_v2_fv1
a_to_rate__prior_off,pure,away team to_rate rating component prior_off,stage 3 joint Bayesian ridge (pbp),posterior at prediction_ts; metric units vs league mean,weekly freeze (Tue 12:00 UTC); live refresh daily in season,missing -> column mean + missingness flag (models),cfb_v2_fv1
a_epa__vol,pure,away team epa rating component vol,stage 3 joint Bayesian ridge (pbp),posterior at prediction_ts; metric units vs league mean,weekly freeze (Tue 12:00 UTC); live refresh daily in season,missing -> column mean + missingness flag (models),cfb_v2_fv1
a_epa_pass__vol,pure,away team epa_pass rating component vol,stage 3 joint Bayesian ridge (pbp),posterior at prediction_ts; metric units vs league mean,weekly freeze (Tue 12:00 UTC); live refresh daily in season,missing -> column mean + missingness flag (models),cfb_v2_fv1
a_epa_rush__vol,pure,away team epa_rush rating component vol,stage 3 joint Bayesian ridge (pbp),posterior at prediction_ts; metric units vs league mean,weekly freeze (Tue 12:00 UTC); live refresh daily in season,missing -> column mean + missingness flag (models),cfb_v2_fv1
a_ppd__vol,pure,away team ppd rating component vol,stage 3 joint Bayesian ridge (pbp),posterior at prediction_ts; metric units vs league mean,weekly freeze (Tue 12:00 UTC); live refresh daily in season,missing -> column mean + missingness flag (models),cfb_v2_fv1
a_sr__vol,pure,away team sr rating component vol,stage 3 joint Bayesian ridge (pbp),posterior at prediction_ts; metric units vs league mean,weekly freeze (Tue 12:00 UTC); live refresh daily in season,missing -> column mean + missingness flag (models),cfb_v2_fv1
lg_drive_epa__h,pure,league mean / home effect at prediction_ts,stage 3,posterior,weekly freeze (Tue 12:00 UTC); live refresh daily in season,missing -> column mean + missingness flag (models),cfb_v2_fv1
lg_drives_pg__h,pure,league mean / home effect at prediction_ts,stage 3,posterior,weekly freeze (Tue 12:00 UTC); live refresh daily in season,missing -> column mean + missingness flag (models),cfb_v2_fv1
lg_epa__h,pure,league mean / home effect at prediction_ts,stage 3,posterior,weekly freeze (Tue 12:00 UTC); live refresh daily in season,missing -> column mean + missingness flag (models),cfb_v2_fv1
lg_epa_pass__h,pure,league mean / home effect at prediction_ts,stage 3,posterior,weekly freeze (Tue 12:00 UTC); live refresh daily in season,missing -> column mean + missingness flag (models),cfb_v2_fv1
lg_epa_rush__h,pure,league mean / home effect at prediction_ts,stage 3,posterior,weekly freeze (Tue 12:00 UTC); live refresh daily in season,missing -> column mean + missingness flag (models),cfb_v2_fv1
lg_expl__h,pure,league mean / home effect at prediction_ts,stage 3,posterior,weekly freeze (Tue 12:00 UTC); live refresh daily in season,missing -> column mean + missingness flag (models),cfb_v2_fv1
lg_expl_pass__h,pure,league mean / home effect at prediction_ts,stage 3,posterior,weekly freeze (Tue 12:00 UTC); live refresh daily in season,missing -> column mean + missingness flag (models),cfb_v2_fv1
lg_expl_rush__h,pure,league mean / home effect at prediction_ts,stage 3,posterior,weekly freeze (Tue 12:00 UTC); live refresh daily in season,missing -> column mean + missingness flag (models),cfb_v2_fv1
lg_fg_value__h,pure,league mean / home effect at prediction_ts,stage 3,posterior,weekly freeze (Tue 12:00 UTC); live refresh daily in season,missing -> column mean + missingness flag (models),cfb_v2_fv1
lg_havoc__h,pure,league mean / home effect at prediction_ts,stage 3,posterior,weekly freeze (Tue 12:00 UTC); live refresh daily in season,missing -> column mean + missingness flag (models),cfb_v2_fv1
lg_line_yds__h,pure,league mean / home effect at prediction_ts,stage 3,posterior,weekly freeze (Tue 12:00 UTC); live refresh daily in season,missing -> column mean + missingness flag (models),cfb_v2_fv1
lg_opp_rate__h,pure,league mean / home effect at prediction_ts,stage 3,posterior,weekly freeze (Tue 12:00 UTC); live refresh daily in season,missing -> column mean + missingness flag (models),cfb_v2_fv1
lg_pass_rate__h,pure,league mean / home effect at prediction_ts,stage 3,posterior,weekly freeze (Tue 12:00 UTC); live refresh daily in season,missing -> column mean + missingness flag (models),cfb_v2_fv1
lg_plays_pg__h,pure,league mean / home effect at prediction_ts,stage 3,posterior,weekly freeze (Tue 12:00 UTC); live refresh daily in season,missing -> column mean + missingness flag (models),cfb_v2_fv1
lg_ppd__h,pure,league mean / home effect at prediction_ts,stage 3,posterior,weekly freeze (Tue 12:00 UTC); live refresh daily in season,missing -> column mean + missingness flag (models),cfb_v2_fv1
lg_pts_per_opp__h,pure,league mean / home effect at prediction_ts,stage 3,posterior,weekly freeze (Tue 12:00 UTC); live refresh daily in season,missing -> column mean + missingness flag (models),cfb_v2_fv1
lg_sack_rate__h,pure,league mean / home effect at prediction_ts,stage 3,posterior,weekly freeze (Tue 12:00 UTC); live refresh daily in season,missing -> column mean + missingness flag (models),cfb_v2_fv1
lg_so_rate__h,pure,league mean / home effect at prediction_ts,stage 3,posterior,weekly freeze (Tue 12:00 UTC); live refresh daily in season,missing -> column mean + missingness flag (models),cfb_v2_fv1
lg_sr__h,pure,league mean / home effect at prediction_ts,stage 3,posterior,weekly freeze (Tue 12:00 UTC); live refresh daily in season,missing -> column mean + missingness flag (models),cfb_v2_fv1
lg_sr_3rd__h,pure,league mean / home effect at prediction_ts,stage 3,posterior,weekly freeze (Tue 12:00 UTC); live refresh daily in season,missing -> column mean + missingness flag (models),cfb_v2_fv1
lg_sr_early__h,pure,league mean / home effect at prediction_ts,stage 3,posterior,weekly freeze (Tue 12:00 UTC); live refresh daily in season,missing -> column mean + missingness flag (models),cfb_v2_fv1
lg_sr_pass__h,pure,league mean / home effect at prediction_ts,stage 3,posterior,weekly freeze (Tue 12:00 UTC); live refresh daily in season,missing -> column mean + missingness flag (models),cfb_v2_fv1
lg_sr_pd__h,pure,league mean / home effect at prediction_ts,stage 3,posterior,weekly freeze (Tue 12:00 UTC); live refresh daily in season,missing -> column mean + missingness flag (models),cfb_v2_fv1
lg_sr_rush__h,pure,league mean / home effect at prediction_ts,stage 3,posterior,weekly freeze (Tue 12:00 UTC); live refresh daily in season,missing -> column mean + missingness flag (models),cfb_v2_fv1
lg_st_net__h,pure,league mean / home effect at prediction_ts,stage 3,posterior,weekly freeze (Tue 12:00 UTC); live refresh daily in season,missing -> column mean + missingness flag (models),cfb_v2_fv1
lg_start_fp__h,pure,league mean / home effect at prediction_ts,stage 3,posterior,weekly freeze (Tue 12:00 UTC); live refresh daily in season,missing -> column mean + missingness flag (models),cfb_v2_fv1
lg_stuff__h,pure,league mean / home effect at prediction_ts,stage 3,posterior,weekly freeze (Tue 12:00 UTC); live refresh daily in season,missing -> column mean + missingness flag (models),cfb_v2_fv1
lg_to_rate__h,pure,league mean / home effect at prediction_ts,stage 3,posterior,weekly freeze (Tue 12:00 UTC); live refresh daily in season,missing -> column mean + missingness flag (models),cfb_v2_fv1
lg_drive_epa__mu,pure,league mean / home effect at prediction_ts,stage 3,posterior,weekly freeze (Tue 12:00 UTC); live refresh daily in season,missing -> column mean + missingness flag (models),cfb_v2_fv1
lg_drives_pg__mu,pure,league mean / home effect at prediction_ts,stage 3,posterior,weekly freeze (Tue 12:00 UTC); live refresh daily in season,missing -> column mean + missingness flag (models),cfb_v2_fv1
lg_epa__mu,pure,league mean / home effect at prediction_ts,stage 3,posterior,weekly freeze (Tue 12:00 UTC); live refresh daily in season,missing -> column mean + missingness flag (models),cfb_v2_fv1
lg_epa_pass__mu,pure,league mean / home effect at prediction_ts,stage 3,posterior,weekly freeze (Tue 12:00 UTC); live refresh daily in season,missing -> column mean + missingness flag (models),cfb_v2_fv1
lg_epa_rush__mu,pure,league mean / home effect at prediction_ts,stage 3,posterior,weekly freeze (Tue 12:00 UTC); live refresh daily in season,missing -> column mean + missingness flag (models),cfb_v2_fv1
lg_expl__mu,pure,league mean / home effect at prediction_ts,stage 3,posterior,weekly freeze (Tue 12:00 UTC); live refresh daily in season,missing -> column mean + missingness flag (models),cfb_v2_fv1
lg_expl_pass__mu,pure,league mean / home effect at prediction_ts,stage 3,posterior,weekly freeze (Tue 12:00 UTC); live refresh daily in season,missing -> column mean + missingness flag (models),cfb_v2_fv1
lg_expl_rush__mu,pure,league mean / home effect at prediction_ts,stage 3,posterior,weekly freeze (Tue 12:00 UTC); live refresh daily in season,missing -> column mean + missingness flag (models),cfb_v2_fv1
lg_fg_value__mu,pure,league mean / home effect at prediction_ts,stage 3,posterior,weekly freeze (Tue 12:00 UTC); live refresh daily in season,missing -> column mean + missingness flag (models),cfb_v2_fv1
lg_havoc__mu,pure,league mean / home effect at prediction_ts,stage 3,posterior,weekly freeze (Tue 12:00 UTC); live refresh daily in season,missing -> column mean + missingness flag (models),cfb_v2_fv1
lg_line_yds__mu,pure,league mean / home effect at prediction_ts,stage 3,posterior,weekly freeze (Tue 12:00 UTC); live refresh daily in season,missing -> column mean + missingness flag (models),cfb_v2_fv1
lg_opp_rate__mu,pure,league mean / home effect at prediction_ts,stage 3,posterior,weekly freeze (Tue 12:00 UTC); live refresh daily in season,missing -> column mean + missingness flag (models),cfb_v2_fv1
lg_pass_rate__mu,pure,league mean / home effect at prediction_ts,stage 3,posterior,weekly freeze (Tue 12:00 UTC); live refresh daily in season,missing -> column mean + missingness flag (models),cfb_v2_fv1
lg_plays_pg__mu,pure,league mean / home effect at prediction_ts,stage 3,posterior,weekly freeze (Tue 12:00 UTC); live refresh daily in season,missing -> column mean + missingness flag (models),cfb_v2_fv1
lg_ppd__mu,pure,league mean / home effect at prediction_ts,stage 3,posterior,weekly freeze (Tue 12:00 UTC); live refresh daily in season,missing -> column mean + missingness flag (models),cfb_v2_fv1
lg_pts_per_opp__mu,pure,league mean / home effect at prediction_ts,stage 3,posterior,weekly freeze (Tue 12:00 UTC); live refresh daily in season,missing -> column mean + missingness flag (models),cfb_v2_fv1
lg_sack_rate__mu,pure,league mean / home effect at prediction_ts,stage 3,posterior,weekly freeze (Tue 12:00 UTC); live refresh daily in season,missing -> column mean + missingness flag (models),cfb_v2_fv1
lg_so_rate__mu,pure,league mean / home effect at prediction_ts,stage 3,posterior,weekly freeze (Tue 12:00 UTC); live refresh daily in season,missing -> column mean + missingness flag (models),cfb_v2_fv1
lg_sr__mu,pure,league mean / home effect at prediction_ts,stage 3,posterior,weekly freeze (Tue 12:00 UTC); live refresh daily in season,missing -> column mean + missingness flag (models),cfb_v2_fv1
lg_sr_3rd__mu,pure,league mean / home effect at prediction_ts,stage 3,posterior,weekly freeze (Tue 12:00 UTC); live refresh daily in season,missing -> column mean + missingness flag (models),cfb_v2_fv1
lg_sr_early__mu,pure,league mean / home effect at prediction_ts,stage 3,posterior,weekly freeze (Tue 12:00 UTC); live refresh daily in season,missing -> column mean + missingness flag (models),cfb_v2_fv1
lg_sr_pass__mu,pure,league mean / home effect at prediction_ts,stage 3,posterior,weekly freeze (Tue 12:00 UTC); live refresh daily in season,missing -> column mean + missingness flag (models),cfb_v2_fv1
lg_sr_pd__mu,pure,league mean / home effect at prediction_ts,stage 3,posterior,weekly freeze (Tue 12:00 UTC); live refresh daily in season,missing -> column mean + missingness flag (models),cfb_v2_fv1
lg_sr_rush__mu,pure,league mean / home effect at prediction_ts,stage 3,posterior,weekly freeze (Tue 12:00 UTC); live refresh daily in season,missing -> column mean + missingness flag (models),cfb_v2_fv1
lg_st_net__mu,pure,league mean / home effect at prediction_ts,stage 3,posterior,weekly freeze (Tue 12:00 UTC); live refresh daily in season,missing -> column mean + missingness flag (models),cfb_v2_fv1
lg_start_fp__mu,pure,league mean / home effect at prediction_ts,stage 3,posterior,weekly freeze (Tue 12:00 UTC); live refresh daily in season,missing -> column mean + missingness flag (models),cfb_v2_fv1
lg_stuff__mu,pure,league mean / home effect at prediction_ts,stage 3,posterior,weekly freeze (Tue 12:00 UTC); live refresh daily in season,missing -> column mean + missingness flag (models),cfb_v2_fv1
lg_to_rate__mu,pure,league mean / home effect at prediction_ts,stage 3,posterior,weekly freeze (Tue 12:00 UTC); live refresh daily in season,missing -> column mean + missingness flag (models),cfb_v2_fv1
h_qb_missing,pure,h_qb_missing,see pipeline,,weekly freeze (Tue 12:00 UTC); live refresh daily in season,missing -> column mean + missingness flag (models),cfb_v2_fv1
h_qb_id,context,h_qb_id,see pipeline,,weekly freeze (Tue 12:00 UTC); live refresh daily in season,kept null,cfb_v2_fv1
h_qb_exp_rating,pure,h_qb_exp_rating,see pipeline,,weekly freeze (Tue 12:00 UTC); live refresh daily in season,missing -> column mean + missingness flag (models),cfb_v2_fv1
h_qb_team_rating,pure,h_qb_team_rating,see pipeline,,weekly freeze (Tue 12:00 UTC); live refresh daily in season,missing -> column mean + missingness flag (models),cfb_v2_fv1
h_qb_delta,pure,h_qb_delta,see pipeline,,weekly freeze (Tue 12:00 UTC); live refresh daily in season,missing -> column mean + missingness flag (models),cfb_v2_fv1
h_qb_backup_rating,pure,h_qb_backup_rating,see pipeline,,weekly freeze (Tue 12:00 UTC); live refresh daily in season,missing -> column mean + missingness flag (models),cfb_v2_fv1
h_qb_drop,pure,h_qb_drop,see pipeline,,weekly freeze (Tue 12:00 UTC); live refresh daily in season,missing -> column mean + missingness flag (models),cfb_v2_fv1
h_qb_exp_db_log,pure,h_qb_exp_db_log,see pipeline,,weekly freeze (Tue 12:00 UTC); live refresh daily in season,missing -> column mean + missingness flag (models),cfb_v2_fv1
h_qb_exp_starts,pure,h_qb_exp_starts,see pipeline,,weekly freeze (Tue 12:00 UTC); live refresh daily in season,missing -> column mean + missingness flag (models),cfb_v2_fv1
h_qb_changed,pure,h_qb_changed,see pipeline,,weekly freeze (Tue 12:00 UTC); live refresh daily in season,missing -> column mean + missingness flag (models),cfb_v2_fv1
h_qb_unsettled,pure,h_qb_unsettled,see pipeline,,weekly freeze (Tue 12:00 UTC); live refresh daily in season,missing -> column mean + missingness flag (models),cfb_v2_fv1
a_qb_missing,pure,a_qb_missing,see pipeline,,weekly freeze (Tue 12:00 UTC); live refresh daily in season,missing -> column mean + missingness flag (models),cfb_v2_fv1
a_qb_id,context,a_qb_id,see pipeline,,weekly freeze (Tue 12:00 UTC); live refresh daily in season,kept null,cfb_v2_fv1
a_qb_exp_rating,pure,a_qb_exp_rating,see pipeline,,weekly freeze (Tue 12:00 UTC); live refresh daily in season,missing -> column mean + missingness flag (models),cfb_v2_fv1
a_qb_team_rating,pure,a_qb_team_rating,see pipeline,,weekly freeze (Tue 12:00 UTC); live refresh daily in season,missing -> column mean + missingness flag (models),cfb_v2_fv1
a_qb_delta,pure,a_qb_delta,see pipeline,,weekly freeze (Tue 12:00 UTC); live refresh daily in season,missing -> column mean + missingness flag (models),cfb_v2_fv1
a_qb_backup_rating,pure,a_qb_backup_rating,see pipeline,,weekly freeze (Tue 12:00 UTC); live refresh daily in season,missing -> column mean + missingness flag (models),cfb_v2_fv1
a_qb_drop,pure,a_qb_drop,see pipeline,,weekly freeze (Tue 12:00 UTC); live refresh daily in season,missing -> column mean + missingness flag (models),cfb_v2_fv1
a_qb_exp_db_log,pure,a_qb_exp_db_log,see pipeline,,weekly freeze (Tue 12:00 UTC); live refresh daily in season,missing -> column mean + missingness flag (models),cfb_v2_fv1
a_qb_exp_starts,pure,a_qb_exp_starts,see pipeline,,weekly freeze (Tue 12:00 UTC); live refresh daily in season,missing -> column mean + missingness flag (models),cfb_v2_fv1
a_qb_changed,pure,a_qb_changed,see pipeline,,weekly freeze (Tue 12:00 UTC); live refresh daily in season,missing -> column mean + missingness flag (models),cfb_v2_fv1
a_qb_unsettled,pure,a_qb_unsettled,see pipeline,,weekly freeze (Tue 12:00 UTC); live refresh daily in season,missing -> column mean + missingness flag (models),cfb_v2_fv1
elo_home,pure,elo_home,see pipeline,,weekly freeze (Tue 12:00 UTC); live refresh daily in season,missing -> column mean + missingness flag (models),cfb_v2_fv1
elo_away,pure,elo_away,see pipeline,,weekly freeze (Tue 12:00 UTC); live refresh daily in season,missing -> column mean + missingness flag (models),cfb_v2_fv1
elo_diff,pure,elo_diff,see pipeline,,weekly freeze (Tue 12:00 UTC); live refresh daily in season,missing -> column mean + missingness flag (models),cfb_v2_fv1
edge_epa,pure,home-minus-away standardized matchup edge,stage 5,"(off_h + def_a) - (off_a + def_h), / metric SD",weekly freeze (Tue 12:00 UTC); live refresh daily in season,missing -> column mean + missingness flag (models),cfb_v2_fv1
edge_rec_epa,pure,home-minus-away standardized matchup edge,stage 5,"(off_h + def_a) - (off_a + def_h), / metric SD",weekly freeze (Tue 12:00 UTC); live refresh daily in season,missing -> column mean + missingness flag (models),cfb_v2_fv1
edge_prior_epa,pure,home-minus-away standardized matchup edge,stage 5,"(off_h + def_a) - (off_a + def_h), / metric SD",weekly freeze (Tue 12:00 UTC); live refresh daily in season,missing -> column mean + missingness flag (models),cfb_v2_fv1
form_epa,pure,form_epa,see pipeline,,weekly freeze (Tue 12:00 UTC); live refresh daily in season,missing -> column mean + missingness flag (models),cfb_v2_fv1
edge_epa_pass,pure,home-minus-away standardized matchup edge,stage 5,"(off_h + def_a) - (off_a + def_h), / metric SD",weekly freeze (Tue 12:00 UTC); live refresh daily in season,missing -> column mean + missingness flag (models),cfb_v2_fv1
edge_rec_epa_pass,pure,home-minus-away standardized matchup edge,stage 5,"(off_h + def_a) - (off_a + def_h), / metric SD",weekly freeze (Tue 12:00 UTC); live refresh daily in season,missing -> column mean + missingness flag (models),cfb_v2_fv1
edge_prior_epa_pass,pure,home-minus-away standardized matchup edge,stage 5,"(off_h + def_a) - (off_a + def_h), / metric SD",weekly freeze (Tue 12:00 UTC); live refresh daily in season,missing -> column mean + missingness flag (models),cfb_v2_fv1
form_epa_pass,pure,form_epa_pass,see pipeline,,weekly freeze (Tue 12:00 UTC); live refresh daily in season,missing -> column mean + missingness flag (models),cfb_v2_fv1
edge_epa_rush,pure,home-minus-away standardized matchup edge,stage 5,"(off_h + def_a) - (off_a + def_h), / metric SD",weekly freeze (Tue 12:00 UTC); live refresh daily in season,missing -> column mean + missingness flag (models),cfb_v2_fv1
edge_rec_epa_rush,pure,home-minus-away standardized matchup edge,stage 5,"(off_h + def_a) - (off_a + def_h), / metric SD",weekly freeze (Tue 12:00 UTC); live refresh daily in season,missing -> column mean + missingness flag (models),cfb_v2_fv1
edge_prior_epa_rush,pure,home-minus-away standardized matchup edge,stage 5,"(off_h + def_a) - (off_a + def_h), / metric SD",weekly freeze (Tue 12:00 UTC); live refresh daily in season,missing -> column mean + missingness flag (models),cfb_v2_fv1
form_epa_rush,pure,form_epa_rush,see pipeline,,weekly freeze (Tue 12:00 UTC); live refresh daily in season,missing -> column mean + missingness flag (models),cfb_v2_fv1
edge_sr,pure,home-minus-away standardized matchup edge,stage 5,"(off_h + def_a) - (off_a + def_h), / metric SD",weekly freeze (Tue 12:00 UTC); live refresh daily in season,missing -> column mean + missingness flag (models),cfb_v2_fv1
edge_rec_sr,pure,home-minus-away standardized matchup edge,stage 5,"(off_h + def_a) - (off_a + def_h), / metric SD",weekly freeze (Tue 12:00 UTC); live refresh daily in season,missing -> column mean + missingness flag (models),cfb_v2_fv1
edge_prior_sr,pure,home-minus-away standardized matchup edge,stage 5,"(off_h + def_a) - (off_a + def_h), / metric SD",weekly freeze (Tue 12:00 UTC); live refresh daily in season,missing -> column mean + missingness flag (models),cfb_v2_fv1
form_sr,pure,form_sr,see pipeline,,weekly freeze (Tue 12:00 UTC); live refresh daily in season,missing -> column mean + missingness flag (models),cfb_v2_fv1
edge_sr_pass,pure,home-minus-away standardized matchup edge,stage 5,"(off_h + def_a) - (off_a + def_h), / metric SD",weekly freeze (Tue 12:00 UTC); live refresh daily in season,missing -> column mean + missingness flag (models),cfb_v2_fv1
edge_rec_sr_pass,pure,home-minus-away standardized matchup edge,stage 5,"(off_h + def_a) - (off_a + def_h), / metric SD",weekly freeze (Tue 12:00 UTC); live refresh daily in season,missing -> column mean + missingness flag (models),cfb_v2_fv1
edge_prior_sr_pass,pure,home-minus-away standardized matchup edge,stage 5,"(off_h + def_a) - (off_a + def_h), / metric SD",weekly freeze (Tue 12:00 UTC); live refresh daily in season,missing -> column mean + missingness flag (models),cfb_v2_fv1
form_sr_pass,pure,form_sr_pass,see pipeline,,weekly freeze (Tue 12:00 UTC); live refresh daily in season,missing -> column mean + missingness flag (models),cfb_v2_fv1
edge_sr_rush,pure,home-minus-away standardized matchup edge,stage 5,"(off_h + def_a) - (off_a + def_h), / metric SD",weekly freeze (Tue 12:00 UTC); live refresh daily in season,missing -> column mean + missingness flag (models),cfb_v2_fv1
edge_rec_sr_rush,pure,home-minus-away standardized matchup edge,stage 5,"(off_h + def_a) - (off_a + def_h), / metric SD",weekly freeze (Tue 12:00 UTC); live refresh daily in season,missing -> column mean + missingness flag (models),cfb_v2_fv1
edge_prior_sr_rush,pure,home-minus-away standardized matchup edge,stage 5,"(off_h + def_a) - (off_a + def_h), / metric SD",weekly freeze (Tue 12:00 UTC); live refresh daily in season,missing -> column mean + missingness flag (models),cfb_v2_fv1
form_sr_rush,pure,form_sr_rush,see pipeline,,weekly freeze (Tue 12:00 UTC); live refresh daily in season,missing -> column mean + missingness flag (models),cfb_v2_fv1
edge_sr_early,pure,home-minus-away standardized matchup edge,stage 5,"(off_h + def_a) - (off_a + def_h), / metric SD",weekly freeze (Tue 12:00 UTC); live refresh daily in season,missing -> column mean + missingness flag (models),cfb_v2_fv1
edge_rec_sr_early,pure,home-minus-away standardized matchup edge,stage 5,"(off_h + def_a) - (off_a + def_h), / metric SD",weekly freeze (Tue 12:00 UTC); live refresh daily in season,missing -> column mean + missingness flag (models),cfb_v2_fv1
edge_prior_sr_early,pure,home-minus-away standardized matchup edge,stage 5,"(off_h + def_a) - (off_a + def_h), / metric SD",weekly freeze (Tue 12:00 UTC); live refresh daily in season,missing -> column mean + missingness flag (models),cfb_v2_fv1
form_sr_early,pure,form_sr_early,see pipeline,,weekly freeze (Tue 12:00 UTC); live refresh daily in season,missing -> column mean + missingness flag (models),cfb_v2_fv1
edge_sr_pd,pure,home-minus-away standardized matchup edge,stage 5,"(off_h + def_a) - (off_a + def_h), / metric SD",weekly freeze (Tue 12:00 UTC); live refresh daily in season,missing -> column mean + missingness flag (models),cfb_v2_fv1
edge_rec_sr_pd,pure,home-minus-away standardized matchup edge,stage 5,"(off_h + def_a) - (off_a + def_h), / metric SD",weekly freeze (Tue 12:00 UTC); live refresh daily in season,missing -> column mean + missingness flag (models),cfb_v2_fv1
edge_prior_sr_pd,pure,home-minus-away standardized matchup edge,stage 5,"(off_h + def_a) - (off_a + def_h), / metric SD",weekly freeze (Tue 12:00 UTC); live refresh daily in season,missing -> column mean + missingness flag (models),cfb_v2_fv1
form_sr_pd,pure,form_sr_pd,see pipeline,,weekly freeze (Tue 12:00 UTC); live refresh daily in season,missing -> column mean + missingness flag (models),cfb_v2_fv1
edge_expl,pure,home-minus-away standardized matchup edge,stage 5,"(off_h + def_a) - (off_a + def_h), / metric SD",weekly freeze (Tue 12:00 UTC); live refresh daily in season,missing -> column mean + missingness flag (models),cfb_v2_fv1
edge_rec_expl,pure,home-minus-away standardized matchup edge,stage 5,"(off_h + def_a) - (off_a + def_h), / metric SD",weekly freeze (Tue 12:00 UTC); live refresh daily in season,missing -> column mean + missingness flag (models),cfb_v2_fv1
edge_prior_expl,pure,home-minus-away standardized matchup edge,stage 5,"(off_h + def_a) - (off_a + def_h), / metric SD",weekly freeze (Tue 12:00 UTC); live refresh daily in season,missing -> column mean + missingness flag (models),cfb_v2_fv1
form_expl,pure,form_expl,see pipeline,,weekly freeze (Tue 12:00 UTC); live refresh daily in season,missing -> column mean + missingness flag (models),cfb_v2_fv1
edge_expl_pass,pure,home-minus-away standardized matchup edge,stage 5,"(off_h + def_a) - (off_a + def_h), / metric SD",weekly freeze (Tue 12:00 UTC); live refresh daily in season,missing -> column mean + missingness flag (models),cfb_v2_fv1
edge_rec_expl_pass,pure,home-minus-away standardized matchup edge,stage 5,"(off_h + def_a) - (off_a + def_h), / metric SD",weekly freeze (Tue 12:00 UTC); live refresh daily in season,missing -> column mean + missingness flag (models),cfb_v2_fv1
edge_prior_expl_pass,pure,home-minus-away standardized matchup edge,stage 5,"(off_h + def_a) - (off_a + def_h), / metric SD",weekly freeze (Tue 12:00 UTC); live refresh daily in season,missing -> column mean + missingness flag (models),cfb_v2_fv1
form_expl_pass,pure,form_expl_pass,see pipeline,,weekly freeze (Tue 12:00 UTC); live refresh daily in season,missing -> column mean + missingness flag (models),cfb_v2_fv1
edge_expl_rush,pure,home-minus-away standardized matchup edge,stage 5,"(off_h + def_a) - (off_a + def_h), / metric SD",weekly freeze (Tue 12:00 UTC); live refresh daily in season,missing -> column mean + missingness flag (models),cfb_v2_fv1
edge_rec_expl_rush,pure,home-minus-away standardized matchup edge,stage 5,"(off_h + def_a) - (off_a + def_h), / metric SD",weekly freeze (Tue 12:00 UTC); live refresh daily in season,missing -> column mean + missingness flag (models),cfb_v2_fv1
edge_prior_expl_rush,pure,home-minus-away standardized matchup edge,stage 5,"(off_h + def_a) - (off_a + def_h), / metric SD",weekly freeze (Tue 12:00 UTC); live refresh daily in season,missing -> column mean + missingness flag (models),cfb_v2_fv1
form_expl_rush,pure,form_expl_rush,see pipeline,,weekly freeze (Tue 12:00 UTC); live refresh daily in season,missing -> column mean + missingness flag (models),cfb_v2_fv1
edge_line_yds,pure,home-minus-away standardized matchup edge,stage 5,"(off_h + def_a) - (off_a + def_h), / metric SD",weekly freeze (Tue 12:00 UTC); live refresh daily in season,missing -> column mean + missingness flag (models),cfb_v2_fv1
edge_rec_line_yds,pure,home-minus-away standardized matchup edge,stage 5,"(off_h + def_a) - (off_a + def_h), / metric SD",weekly freeze (Tue 12:00 UTC); live refresh daily in season,missing -> column mean + missingness flag (models),cfb_v2_fv1
edge_prior_line_yds,pure,home-minus-away standardized matchup edge,stage 5,"(off_h + def_a) - (off_a + def_h), / metric SD",weekly freeze (Tue 12:00 UTC); live refresh daily in season,missing -> column mean + missingness flag (models),cfb_v2_fv1
form_line_yds,pure,form_line_yds,see pipeline,,weekly freeze (Tue 12:00 UTC); live refresh daily in season,missing -> column mean + missingness flag (models),cfb_v2_fv1
edge_stuff,pure,home-minus-away standardized matchup edge,stage 5,"(off_h + def_a) - (off_a + def_h), / metric SD",weekly freeze (Tue 12:00 UTC); live refresh daily in season,missing -> column mean + missingness flag (models),cfb_v2_fv1
edge_rec_stuff,pure,home-minus-away standardized matchup edge,stage 5,"(off_h + def_a) - (off_a + def_h), / metric SD",weekly freeze (Tue 12:00 UTC); live refresh daily in season,missing -> column mean + missingness flag (models),cfb_v2_fv1
edge_prior_stuff,pure,home-minus-away standardized matchup edge,stage 5,"(off_h + def_a) - (off_a + def_h), / metric SD",weekly freeze (Tue 12:00 UTC); live refresh daily in season,missing -> column mean + missingness flag (models),cfb_v2_fv1
form_stuff,pure,form_stuff,see pipeline,,weekly freeze (Tue 12:00 UTC); live refresh daily in season,missing -> column mean + missingness flag (models),cfb_v2_fv1
edge_opp_rate,pure,home-minus-away standardized matchup edge,stage 5,"(off_h + def_a) - (off_a + def_h), / metric SD",weekly freeze (Tue 12:00 UTC); live refresh daily in season,missing -> column mean + missingness flag (models),cfb_v2_fv1
edge_rec_opp_rate,pure,home-minus-away standardized matchup edge,stage 5,"(off_h + def_a) - (off_a + def_h), / metric SD",weekly freeze (Tue 12:00 UTC); live refresh daily in season,missing -> column mean + missingness flag (models),cfb_v2_fv1
edge_prior_opp_rate,pure,home-minus-away standardized matchup edge,stage 5,"(off_h + def_a) - (off_a + def_h), / metric SD",weekly freeze (Tue 12:00 UTC); live refresh daily in season,missing -> column mean + missingness flag (models),cfb_v2_fv1
form_opp_rate,pure,form_opp_rate,see pipeline,,weekly freeze (Tue 12:00 UTC); live refresh daily in season,missing -> column mean + missingness flag (models),cfb_v2_fv1
edge_havoc,pure,home-minus-away standardized matchup edge,stage 5,"(off_h + def_a) - (off_a + def_h), / metric SD",weekly freeze (Tue 12:00 UTC); live refresh daily in season,missing -> column mean + missingness flag (models),cfb_v2_fv1
edge_rec_havoc,pure,home-minus-away standardized matchup edge,stage 5,"(off_h + def_a) - (off_a + def_h), / metric SD",weekly freeze (Tue 12:00 UTC); live refresh daily in season,missing -> column mean + missingness flag (models),cfb_v2_fv1
edge_prior_havoc,pure,home-minus-away standardized matchup edge,stage 5,"(off_h + def_a) - (off_a + def_h), / metric SD",weekly freeze (Tue 12:00 UTC); live refresh daily in season,missing -> column mean + missingness flag (models),cfb_v2_fv1
form_havoc,pure,form_havoc,see pipeline,,weekly freeze (Tue 12:00 UTC); live refresh daily in season,missing -> column mean + missingness flag (models),cfb_v2_fv1
edge_sack_rate,pure,home-minus-away standardized matchup edge,stage 5,"(off_h + def_a) - (off_a + def_h), / metric SD",weekly freeze (Tue 12:00 UTC); live refresh daily in season,missing -> column mean + missingness flag (models),cfb_v2_fv1
edge_rec_sack_rate,pure,home-minus-away standardized matchup edge,stage 5,"(off_h + def_a) - (off_a + def_h), / metric SD",weekly freeze (Tue 12:00 UTC); live refresh daily in season,missing -> column mean + missingness flag (models),cfb_v2_fv1
edge_prior_sack_rate,pure,home-minus-away standardized matchup edge,stage 5,"(off_h + def_a) - (off_a + def_h), / metric SD",weekly freeze (Tue 12:00 UTC); live refresh daily in season,missing -> column mean + missingness flag (models),cfb_v2_fv1
form_sack_rate,pure,form_sack_rate,see pipeline,,weekly freeze (Tue 12:00 UTC); live refresh daily in season,missing -> column mean + missingness flag (models),cfb_v2_fv1
edge_to_rate,pure,home-minus-away standardized matchup edge,stage 5,"(off_h + def_a) - (off_a + def_h), / metric SD",weekly freeze (Tue 12:00 UTC); live refresh daily in season,missing -> column mean + missingness flag (models),cfb_v2_fv1
edge_rec_to_rate,pure,home-minus-away standardized matchup edge,stage 5,"(off_h + def_a) - (off_a + def_h), / metric SD",weekly freeze (Tue 12:00 UTC); live refresh daily in season,missing -> column mean + missingness flag (models),cfb_v2_fv1
edge_prior_to_rate,pure,home-minus-away standardized matchup edge,stage 5,"(off_h + def_a) - (off_a + def_h), / metric SD",weekly freeze (Tue 12:00 UTC); live refresh daily in season,missing -> column mean + missingness flag (models),cfb_v2_fv1
form_to_rate,pure,form_to_rate,see pipeline,,weekly freeze (Tue 12:00 UTC); live refresh daily in season,missing -> column mean + missingness flag (models),cfb_v2_fv1
edge_ppd,pure,home-minus-away standardized matchup edge,stage 5,"(off_h + def_a) - (off_a + def_h), / metric SD",weekly freeze (Tue 12:00 UTC); live refresh daily in season,missing -> column mean + missingness flag (models),cfb_v2_fv1
edge_rec_ppd,pure,home-minus-away standardized matchup edge,stage 5,"(off_h + def_a) - (off_a + def_h), / metric SD",weekly freeze (Tue 12:00 UTC); live refresh daily in season,missing -> column mean + missingness flag (models),cfb_v2_fv1
edge_prior_ppd,pure,home-minus-away standardized matchup edge,stage 5,"(off_h + def_a) - (off_a + def_h), / metric SD",weekly freeze (Tue 12:00 UTC); live refresh daily in season,missing -> column mean + missingness flag (models),cfb_v2_fv1
form_ppd,pure,form_ppd,see pipeline,,weekly freeze (Tue 12:00 UTC); live refresh daily in season,missing -> column mean + missingness flag (models),cfb_v2_fv1
edge_so_rate,pure,home-minus-away standardized matchup edge,stage 5,"(off_h + def_a) - (off_a + def_h), / metric SD",weekly freeze (Tue 12:00 UTC); live refresh daily in season,missing -> column mean + missingness flag (models),cfb_v2_fv1
edge_rec_so_rate,pure,home-minus-away standardized matchup edge,stage 5,"(off_h + def_a) - (off_a + def_h), / metric SD",weekly freeze (Tue 12:00 UTC); live refresh daily in season,missing -> column mean + missingness flag (models),cfb_v2_fv1
edge_prior_so_rate,pure,home-minus-away standardized matchup edge,stage 5,"(off_h + def_a) - (off_a + def_h), / metric SD",weekly freeze (Tue 12:00 UTC); live refresh daily in season,missing -> column mean + missingness flag (models),cfb_v2_fv1
form_so_rate,pure,form_so_rate,see pipeline,,weekly freeze (Tue 12:00 UTC); live refresh daily in season,missing -> column mean + missingness flag (models),cfb_v2_fv1
edge_pts_per_opp,pure,home-minus-away standardized matchup edge,stage 5,"(off_h + def_a) - (off_a + def_h), / metric SD",weekly freeze (Tue 12:00 UTC); live refresh daily in season,missing -> column mean + missingness flag (models),cfb_v2_fv1
edge_rec_pts_per_opp,pure,home-minus-away standardized matchup edge,stage 5,"(off_h + def_a) - (off_a + def_h), / metric SD",weekly freeze (Tue 12:00 UTC); live refresh daily in season,missing -> column mean + missingness flag (models),cfb_v2_fv1
edge_prior_pts_per_opp,pure,home-minus-away standardized matchup edge,stage 5,"(off_h + def_a) - (off_a + def_h), / metric SD",weekly freeze (Tue 12:00 UTC); live refresh daily in season,missing -> column mean + missingness flag (models),cfb_v2_fv1
form_pts_per_opp,pure,form_pts_per_opp,see pipeline,,weekly freeze (Tue 12:00 UTC); live refresh daily in season,missing -> column mean + missingness flag (models),cfb_v2_fv1
edge_start_fp,pure,home-minus-away standardized matchup edge,stage 5,"(off_h + def_a) - (off_a + def_h), / metric SD",weekly freeze (Tue 12:00 UTC); live refresh daily in season,missing -> column mean + missingness flag (models),cfb_v2_fv1
edge_rec_start_fp,pure,home-minus-away standardized matchup edge,stage 5,"(off_h + def_a) - (off_a + def_h), / metric SD",weekly freeze (Tue 12:00 UTC); live refresh daily in season,missing -> column mean + missingness flag (models),cfb_v2_fv1
edge_prior_start_fp,pure,home-minus-away standardized matchup edge,stage 5,"(off_h + def_a) - (off_a + def_h), / metric SD",weekly freeze (Tue 12:00 UTC); live refresh daily in season,missing -> column mean + missingness flag (models),cfb_v2_fv1
form_start_fp,pure,form_start_fp,see pipeline,,weekly freeze (Tue 12:00 UTC); live refresh daily in season,missing -> column mean + missingness flag (models),cfb_v2_fv1
edge_drive_epa,pure,home-minus-away standardized matchup edge,stage 5,"(off_h + def_a) - (off_a + def_h), / metric SD",weekly freeze (Tue 12:00 UTC); live refresh daily in season,missing -> column mean + missingness flag (models),cfb_v2_fv1
edge_rec_drive_epa,pure,home-minus-away standardized matchup edge,stage 5,"(off_h + def_a) - (off_a + def_h), / metric SD",weekly freeze (Tue 12:00 UTC); live refresh daily in season,missing -> column mean + missingness flag (models),cfb_v2_fv1
edge_prior_drive_epa,pure,home-minus-away standardized matchup edge,stage 5,"(off_h + def_a) - (off_a + def_h), / metric SD",weekly freeze (Tue 12:00 UTC); live refresh daily in season,missing -> column mean + missingness flag (models),cfb_v2_fv1
form_drive_epa,pure,form_drive_epa,see pipeline,,weekly freeze (Tue 12:00 UTC); live refresh daily in season,missing -> column mean + missingness flag (models),cfb_v2_fv1
edge_sr_3rd,pure,home-minus-away standardized matchup edge,stage 5,"(off_h + def_a) - (off_a + def_h), / metric SD",weekly freeze (Tue 12:00 UTC); live refresh daily in season,missing -> column mean + missingness flag (models),cfb_v2_fv1
edge_rec_sr_3rd,pure,home-minus-away standardized matchup edge,stage 5,"(off_h + def_a) - (off_a + def_h), / metric SD",weekly freeze (Tue 12:00 UTC); live refresh daily in season,missing -> column mean + missingness flag (models),cfb_v2_fv1
edge_prior_sr_3rd,pure,home-minus-away standardized matchup edge,stage 5,"(off_h + def_a) - (off_a + def_h), / metric SD",weekly freeze (Tue 12:00 UTC); live refresh daily in season,missing -> column mean + missingness flag (models),cfb_v2_fv1
form_sr_3rd,pure,form_sr_3rd,see pipeline,,weekly freeze (Tue 12:00 UTC); live refresh daily in season,missing -> column mean + missingness flag (models),cfb_v2_fv1
edge_st_net,pure,home-minus-away standardized matchup edge,stage 5,"(off_h + def_a) - (off_a + def_h), / metric SD",weekly freeze (Tue 12:00 UTC); live refresh daily in season,missing -> column mean + missingness flag (models),cfb_v2_fv1
edge_fg_value,pure,home-minus-away standardized matchup edge,stage 5,"(off_h + def_a) - (off_a + def_h), / metric SD",weekly freeze (Tue 12:00 UTC); live refresh daily in season,missing -> column mean + missingness flag (models),cfb_v2_fv1
match_pass_edge,pure,home-minus-away standardized matchup edge,stage 5,"(off_h + def_a) - (off_a + def_h), / metric SD",weekly freeze (Tue 12:00 UTC); live refresh daily in season,missing -> column mean + missingness flag (models),cfb_v2_fv1
match_rush_edge,pure,home-minus-away standardized matchup edge,stage 5,"(off_h + def_a) - (off_a + def_h), / metric SD",weekly freeze (Tue 12:00 UTC); live refresh daily in season,missing -> column mean + missingness flag (models),cfb_v2_fv1
match_mix_edge,pure,home-minus-away standardized matchup edge,stage 5,"(off_h + def_a) - (off_a + def_h), / metric SD",weekly freeze (Tue 12:00 UTC); live refresh daily in season,missing -> column mean + missingness flag (models),cfb_v2_fv1
match_trench_edge,pure,home-minus-away standardized matchup edge,stage 5,"(off_h + def_a) - (off_a + def_h), / metric SD",weekly freeze (Tue 12:00 UTC); live refresh daily in season,missing -> column mean + missingness flag (models),cfb_v2_fv1
match_havoc_edge,pure,home-minus-away standardized matchup edge,stage 5,"(off_h + def_a) - (off_a + def_h), / metric SD",weekly freeze (Tue 12:00 UTC); live refresh daily in season,missing -> column mean + missingness flag (models),cfb_v2_fv1
match_sack_edge,pure,home-minus-away standardized matchup edge,stage 5,"(off_h + def_a) - (off_a + def_h), / metric SD",weekly freeze (Tue 12:00 UTC); live refresh daily in season,missing -> column mean + missingness flag (models),cfb_v2_fv1
match_explosive_edge,pure,home-minus-away standardized matchup edge,stage 5,"(off_h + def_a) - (off_a + def_h), / metric SD",weekly freeze (Tue 12:00 UTC); live refresh daily in season,missing -> column mean + missingness flag (models),cfb_v2_fv1
match_early_down_edge,pure,home-minus-away standardized matchup edge,stage 5,"(off_h + def_a) - (off_a + def_h), / metric SD",weekly freeze (Tue 12:00 UTC); live refresh daily in season,missing -> column mean + missingness flag (models),cfb_v2_fv1
match_passing_down_edge,pure,home-minus-away standardized matchup edge,stage 5,"(off_h + def_a) - (off_a + def_h), / metric SD",weekly freeze (Tue 12:00 UTC); live refresh daily in season,missing -> column mean + missingness flag (models),cfb_v2_fv1
match_finishing_edge,pure,home-minus-away standardized matchup edge,stage 5,"(off_h + def_a) - (off_a + def_h), / metric SD",weekly freeze (Tue 12:00 UTC); live refresh daily in season,missing -> column mean + missingness flag (models),cfb_v2_fv1
match_field_pos_edge,pure,home-minus-away standardized matchup edge,stage 5,"(off_h + def_a) - (off_a + def_h), / metric SD",weekly freeze (Tue 12:00 UTC); live refresh daily in season,missing -> column mean + missingness flag (models),cfb_v2_fv1
match_st_edge,pure,home-minus-away standardized matchup edge,stage 5,"(off_h + def_a) - (off_a + def_h), / metric SD",weekly freeze (Tue 12:00 UTC); live refresh daily in season,missing -> column mean + missingness flag (models),cfb_v2_fv1
x_pass_h,pure,x_pass_h,see pipeline,,weekly freeze (Tue 12:00 UTC); live refresh daily in season,missing -> column mean + missingness flag (models),cfb_v2_fv1
x_pass_a,pure,x_pass_a,see pipeline,,weekly freeze (Tue 12:00 UTC); live refresh daily in season,missing -> column mean + missingness flag (models),cfb_v2_fv1
x_rush_h,pure,x_rush_h,see pipeline,,weekly freeze (Tue 12:00 UTC); live refresh daily in season,missing -> column mean + missingness flag (models),cfb_v2_fv1
x_rush_a,pure,x_rush_a,see pipeline,,weekly freeze (Tue 12:00 UTC); live refresh daily in season,missing -> column mean + missingness flag (models),cfb_v2_fv1
x_sack_h,pure,x_sack_h,see pipeline,,weekly freeze (Tue 12:00 UTC); live refresh daily in season,missing -> column mean + missingness flag (models),cfb_v2_fv1
x_sack_a,pure,x_sack_a,see pipeline,,weekly freeze (Tue 12:00 UTC); live refresh daily in season,missing -> column mean + missingness flag (models),cfb_v2_fv1
exp_plays_total,pure,exp_plays_total,see pipeline,,weekly freeze (Tue 12:00 UTC); live refresh daily in season,missing -> column mean + missingness flag (models),cfb_v2_fv1
exp_drives_home,pure,exp_drives_home,see pipeline,,weekly freeze (Tue 12:00 UTC); live refresh daily in season,missing -> column mean + missingness flag (models),cfb_v2_fv1
exp_drives_away,pure,exp_drives_away,see pipeline,,weekly freeze (Tue 12:00 UTC); live refresh daily in season,missing -> column mean + missingness flag (models),cfb_v2_fv1
drive_pts_home,pure,drive_pts_home,see pipeline,,weekly freeze (Tue 12:00 UTC); live refresh daily in season,missing -> column mean + missingness flag (models),cfb_v2_fv1
drive_pts_away,pure,drive_pts_away,see pipeline,,weekly freeze (Tue 12:00 UTC); live refresh daily in season,missing -> column mean + missingness flag (models),cfb_v2_fv1
drive_margin_raw,pure,drive_margin_raw,see pipeline,,weekly freeze (Tue 12:00 UTC); live refresh daily in season,missing -> column mean + missingness flag (models),cfb_v2_fv1
drive_total_raw,pure,drive_total_raw,see pipeline,,weekly freeze (Tue 12:00 UTC); live refresh daily in season,missing -> column mean + missingness flag (models),cfb_v2_fv1
eff_pts_raw,pure,eff_pts_raw,see pipeline,,weekly freeze (Tue 12:00 UTC); live refresh daily in season,missing -> column mean + missingness flag (models),cfb_v2_fv1
home_games,pure,home_games,see pipeline,,weekly freeze (Tue 12:00 UTC); live refresh daily in season,missing -> column mean + missingness flag (models),cfb_v2_fv1
away_games,pure,away_games,see pipeline,,weekly freeze (Tue 12:00 UTC); live refresh daily in season,missing -> column mean + missingness flag (models),cfb_v2_fv1
min_games,pure,min_games,see pipeline,,weekly freeze (Tue 12:00 UTC); live refresh daily in season,missing -> column mean + missingness flag (models),cfb_v2_fv1
rating_sd_sum,pure,rating_sd_sum,see pipeline,,weekly freeze (Tue 12:00 UTC); live refresh daily in season,missing -> column mean + missingness flag (models),cfb_v2_fv1
weeks_in,pure,weeks_in,see pipeline,,weekly freeze (Tue 12:00 UTC); live refresh daily in season,missing -> column mean + missingness flag (models),cfb_v2_fv1
early_season,pure,early_season,see pipeline,,weekly freeze (Tue 12:00 UTC); live refresh daily in season,missing -> column mean + missingness flag (models),cfb_v2_fv1
vol_sum,pure,vol_sum,see pipeline,,weekly freeze (Tue 12:00 UTC); live refresh daily in season,missing -> column mean + missingness flag (models),cfb_v2_fv1
to_dependence,pure,to_dependence,see pipeline,,weekly freeze (Tue 12:00 UTC); live refresh daily in season,missing -> column mean + missingness flag (models),cfb_v2_fv1
qb_missing_any,pure,qb_missing_any,see pipeline,,weekly freeze (Tue 12:00 UTC); live refresh daily in season,missing -> column mean + missingness flag (models),cfb_v2_fv1
qb_unsettled_any,pure,qb_unsettled_any,see pipeline,,weekly freeze (Tue 12:00 UTC); live refresh daily in season,missing -> column mean + missingness flag (models),cfb_v2_fv1
qb_delta_edge,pure,qb_delta_edge,see pipeline,,weekly freeze (Tue 12:00 UTC); live refresh daily in season,missing -> column mean + missingness flag (models),cfb_v2_fv1
qb_exp_edge,pure,qb_exp_edge,see pipeline,,weekly freeze (Tue 12:00 UTC); live refresh daily in season,missing -> column mean + missingness flag (models),cfb_v2_fv1
home_field,pure,home_field,see pipeline,,weekly freeze (Tue 12:00 UTC); live refresh daily in season,missing -> column mean + missingness flag (models),cfb_v2_fv1
feature_version,context,feature_version,see pipeline,,weekly freeze (Tue 12:00 UTC); live refresh daily in season,kept null,cfb_v2_fv1
feature_ts,context,feature_ts,see pipeline,,weekly freeze (Tue 12:00 UTC); live refresh daily in season,kept null,cfb_v2_fv1
