tree
version=v4
num_class=1
num_tree_per_iteration=1
label_index=0
max_feature_idx=41
objective=huber
feature_names=home_field elo_diff edge_prior_epa edge_prior_epa_pass edge_prior_epa_rush edge_prior_sr edge_prior_ppd edge_epa edge_epa_pass edge_epa_rush edge_sr edge_sr_pass edge_sr_rush eff_pts_raw match_mix_edge edge_sr_early edge_sr_pd edge_sr_3rd edge_expl edge_expl_pass edge_expl_rush x_pass_h x_pass_a x_rush_h x_rush_a edge_rec_epa edge_rec_epa_pass edge_rec_epa_rush edge_rec_sr edge_rec_ppd l4_edge_epa l2_edge_epa edge_st_net edge_fg_value qb_delta_edge qb_exp_edge h_qb_exp_db_log a_qb_exp_db_log h_qb_changed a_qb_changed qb_missing_any qb_unsettled_any
feature_infos=[0:1] [-1067.8629383980472:1542.6797252715346] [-2.8775260301544758:4.0437986886130375] [-2.9586801526997468:3.7409787576749229] [-2.1976000864324097:3.3610396008045029] [-2.629694522293923:3.8934796890162366] [-3.8216676225295494:5.7568705713900261] [-4.8838534365921902:4.8645641061903824] [-3.0656827976436833:3.7409787576749229] [-3.5345914355945762:4.1778995541607102] [-3.7770465738878891:5.0264293025136677] [-4.0134739995970099:4.1382427786012057] [-3.0939347268825586:4.0012605606358971] [-44.08698041635872:54.120117968959377] [-3.1718561142790693:3.8553032873838635] [-3.8560953623909282:5.0702007497336545] [-2.8980669796772975:3.3244088050615215] [-3.1066156359366897:3.3474861368874849] [-2.014483108243752:2.2628465378586546] [-1.3460481684893364:1.7341707807424627] [-2.9993196475517316:2.8980136922633739] [-3.3682776163316017:0.87696287028961772] [-2.4956455469299712:1.0271971660929529] [-3.3923338795023632:1.9320678346216029] [-3.5468645568999868:1.5112174835754908] [-5.5252623748890741:5.2971052591854626] [-3.1493017262357981:4.0940224029341508] [-4.1509293944586032:4.8063504101438523] [-4.269233672278812:5.8370602659408979] [-5.4681868872573087:5.7748021926493731] [-0.51301711123161531:0.47149563485808899] [-0.55930961759421771:0.54852290420266381] [-5.8827302844111582:7.4439211158955505] [-0.55088848408419977:0.5146602453497966] [-0.41057761219043953:0.50955442142238594] [-0.60562534915281074:0.58342769406075312] [0:7.7231200922663312] [0:7.7314920292456843] [0:1] [0:1] [0:1] [0:1]
tree_sizes=743 761 767 769 766 771 771 765 764 768 762 763 770 766 766 773 765 766 766 765 767 768 777 769 771 770 761 768 767 769 761 763 769 773 776 768 772 764 773 772 768 770 767 770 769 770 774 770 775 771 771 757 769 767 770 770 770 774 775 769 778 770 774 775 765 762 771 756 775 768 765 771 771 770 771 767 768 764 768 777 761 767 777 769 776 778 771 762 772 776 765 765 770 771 779 776 779 770 769 772 772 761 769 775 771 781 780 764 772 773 773 766 773 779 777 764 776 766 775 777 773 774 784 773 776 783 773 764 777 777 780 778 785 773 771 779 774 783 782 780 771 780 774 773 787 776 784 778 777 781 772 781 775 782 769 776 772 766 779 775 782 773 766 769 773 779 776 777 778 773 778 780 783 782 766 788 776 770 784 766 772 774 778 765 783 775 771 779 774 772 764 792 778 776 773 770 781 779 784 781 770 775 785 775 777 787 777 775 780 779 776 773 775 788 778 785 773 779 770 768 784 773 771 775 778 780 781 773 785 785 776 778 780 780 785 776 772 776 777 773 773 775 781 773 763 788 768 775 776 782

Tree=0
num_leaves=7
num_cat=0
split_feature=29 29 29 29 29 29
split_gain=279777 42628.9 36984.8 6470.53 5455.24 5135.78
threshold=0.09960648004369943 1.1459911778019283 -0.91114618569062644 0.60772031880855737 1.5875866626339077 -0.21727814488232647
decision_type=2 2 2 2 2 2
left_child=2 3 -1 -2 -3 -4
right_child=1 4 5 -5 -6 -7
leaf_value=3.8525271796501568 4.1862282625108209 4.3524407663700622 4.0038318487145839 4.2813742002068009 4.4708940154947427 4.0928824809703173
leaf_weight=1623 1355 662 1614 1240 1026 933
leaf_count=1623 1355 662 1614 1240 1026 933
internal_value=4.13886 4.30897 3.96416 4.23206 4.42596 4.03614
internal_weight=8453 4283 4170 2595 1688 2547
internal_count=8453 4283 4170 2595 1688 2547
is_linear=0
shrinkage=1


Tree=1
num_leaves=7
num_cat=0
split_feature=25 7 7 6 25 7
split_gain=244505 38454.3 33198.8 6614.01 4774.15 4432.79
threshold=0.16054050665426392 0.92658954132863103 -0.60733218430362246 0.20745508629651824 -1.5512453260100871 1.3845778216407945
decision_type=2 2 2 2 2 2
left_child=2 3 4 -2 -1 -3
right_child=1 5 -4 -5 -6 -7
leaf_value=-0.32656919572693088 0.019055020024633856 0.20978178409127626 -0.083362946261949233 0.12268816711642429 -0.21777722934056748 0.31148675634261264
leaf_weight=576 949 840 2315 1337 1422 962
leaf_count=576 949 840 2315 1337 1422 962
internal_value=-0.00385579 0.16218 -0.161241 0.0799367 -0.250611 0.265496
internal_weight=8401 4088 4313 2286 1998 1802
internal_count=8401 4088 4313 2286 1998 1802
is_linear=0
shrinkage=0.03


Tree=2
num_leaves=7
num_cat=0
split_feature=25 7 7 6 13 7
split_gain=239378 36114.8 35018.4 5887.71 5091.14 4120.31
threshold=0.16054050665426392 0.92658954132863103 -0.64708423848817131 0.28387958158741139 17.79862644001388 -0.17856389201300113
decision_type=2 2 2 2 8 2
left_child=2 3 -1 -2 -3 -4
right_child=1 4 5 -5 -6 -7
leaf_value=-0.25525218312505393 0.030172054245930533 0.20310508502621047 -0.11686243905982362 0.12622340758590109 0.31116595992006851 -0.036626562221168439
leaf_weight=1903 1074 842 1328 1245 947 1034
leaf_count=1903 1074 842 1328 1245 947 1034
internal_value=-0.00249902 0.160745 -0.159742 0.0820596 0.261718 -0.0820405
internal_weight=8373 4108 4265 2319 1789 2362
internal_count=8373 4108 4265 2319 1789 2362
is_linear=0
shrinkage=0.03


Tree=3
num_leaves=7
num_cat=0
split_feature=25 1 1 7 7 7
split_gain=230800 42823.2 35185.3 7949.44 7095.33 5854.5
threshold=0.16054050665426392 379.51269700500876 -156.5830561186788 0.55898394002385854 -0.35570009913980138 -0.64708423848817131
decision_type=2 2 2 2 2 2
left_child=2 3 5 -2 -4 -1
right_child=1 -3 4 -5 -6 -7
leaf_value=-0.29256028864791683 0.016777034360088292 0.27074498266635616 -0.13990068770628869 0.12579460744611726 -0.038116347617067135 -0.16769180157263552
leaf_weight=1299 1152 1699 1121 1259 1378 526
leaf_count=1299 1152 1699 1121 1259 1378 526
internal_value=-0.00499123 0.155784 -0.157817 0.0739894 -0.0841503 -0.257681
internal_weight=8434 4110 4324 2411 2499 1825
internal_count=8434 4110 4324 2411 2499 1825
is_linear=0
shrinkage=0.03


Tree=4
num_leaves=7
num_cat=0
split_feature=29 29 29 29 29 29
split_gain=253642 42171 32583.9 9608.61 5385.61 2575.31
threshold=0.09960648004369943 1.4692516248387515 -0.99490080622934551 0.66907997211363901 -0.23991813934575779 -1.5504643872550374
decision_type=2 2 2 2 2 2
left_child=2 3 5 -2 -4 -1
right_child=1 -3 4 -5 -6 -7
leaf_value=-0.3292505424198196 0.046211348012742084 0.31118468292076185 -0.1379392153522212 0.15259685111730306 -0.049847453571444184 -0.23716934127480752
leaf_weight=687 1509 1187 1778 1564 985 765
leaf_count=687 1509 1187 1778 1564 985 765
internal_value=-0.00314164 0.159923 -0.167935 0.100675 -0.106828 -0.282691
internal_weight=8475 4260 4215 3073 2763 1452
internal_count=8475 4260 4215 3073 2763 1452
is_linear=0
shrinkage=0.03


Tree=5
num_leaves=7
num_cat=0
split_feature=29 29 29 29 29 29
split_gain=243268 39588.8 32166.1 10136.5 4493.89 3409.22
threshold=0.09960648004369943 1.4952333692603299 -0.93044713675040736 0.60772031880855737 -0.2534724643379303 -1.5504643872550374
decision_type=2 2 2 2 2 2
left_child=2 3 5 -2 -4 -1
right_child=1 -3 4 -5 -6 -7
leaf_value=-0.32613635947242442 0.036291468135859296 0.30481559910353012 -0.1318710441176123 0.14613900685875145 -0.050243419577583361 -0.22812021010451397
leaf_weight=683 1333 1156 1577 1763 1013 913
leaf_count=683 1333 1156 1577 1763 1013 913
internal_value=-0.00402307 0.155622 -0.166169 0.0991127 -0.100261 -0.271835
internal_weight=8438 4252 4186 3096 2590 1596
internal_count=8438 4252 4186 3096 2590 1596
is_linear=0
shrinkage=0.03


Tree=6
num_leaves=7
num_cat=0
split_feature=29 29 29 29 29 29
split_gain=230993 39211.6 34499.1 11174.4 4158.44 3133.18
threshold=0.10813831217115964 1.4692516248387515 -0.91114618569062644 0.60772031880855737 -0.55507672013404152 -1.5504643872550374
decision_type=2 2 2 2 2 2
left_child=2 3 5 -2 -4 -1
right_child=1 -3 4 -5 -6 -7
leaf_value=-0.32063686991314461 0.028482493338166572 0.29974224235206387 -0.15007470760930558 0.14521684071029434 -0.067457386755714971 -0.22694829968119956
leaf_weight=693 1298 1171 793 1719 1850 934
leaf_count=693 1298 1171 793 1719 1850 934
internal_value=-0.00511302 0.153009 -0.160193 0.0952544 -0.092718 -0.268569
internal_weight=8458 4188 4270 3017 2643 1627
internal_count=8458 4188 4270 3017 2643 1627
is_linear=0
shrinkage=0.03


Tree=7
num_leaves=7
num_cat=0
split_feature=29 29 29 29 15 29
split_gain=238829 43073.5 27032.7 8724 3774.53 3755.08
threshold=0.030965769977010529 1.2804942228903884 -0.89366952018216017 0.56990314805314468 -0.082416911351049435 2.0114643151311804
decision_type=2 2 2 2 2 2
left_child=2 3 -1 -2 -4 -3
right_child=1 5 4 -5 -6 -7
leaf_value=-0.2638096740847245 0.029551820432691247 0.23386369309800217 -0.13566682275536443 0.13145512756779318 -0.056602516810302261 0.34117948459583913
leaf_weight=1652 1460 851 1389 1575 926 613
leaf_count=1652 1460 851 1389 1575 926 613
internal_value=-0.00183111 0.14764 -0.171292 0.0826921 -0.104421 0.280808
internal_weight=8466 4499 3967 3035 2315 1464
internal_count=8466 4499 3967 3035 2315 1464
is_linear=0
shrinkage=0.03


Tree=8
num_leaves=7
num_cat=0
split_feature=25 25 25 6 25 13
split_gain=198239 33507.6 28525.6 8022.78 5260.78 3647.34
threshold=0.16054050665426392 1.1822399770750496 -0.60701098072693405 0.35154557007397363 -1.441321177064576 17.79862644001388
decision_type=2 2 2 2 2 8
left_child=2 3 4 -2 -1 -3
right_child=1 5 -4 -5 -6 -7
leaf_value=-0.29129882070039631 0.026744088586560574 0.19499193519146507 -0.066740534498357568 0.13190004898283089 -0.18611634001159388 0.30479640729972068
leaf_weight=697 1181 511 2161 1468 1413 896
leaf_count=697 1181 511 2161 1468 1413 896
internal_value=-0.00133725 0.148681 -0.143818 0.0852954 -0.222072 0.266575
internal_weight=8327 4056 4271 2649 2110 1407
internal_count=8327 4056 4271 2649 2110 1407
is_linear=0
shrinkage=0.03


Tree=9
num_leaves=7
num_cat=0
split_feature=29 29 29 29 10 29
split_gain=227377 39022.1 30638.5 6287.75 4956.93 4472.73
threshold=0.09960648004369943 1.0901818433269259 -0.79686637035678853 1.5875866626339077 0.32716122802268327 -1.5504643872550374
decision_type=2 2 2 2 2 2
left_child=2 4 5 -3 -2 -1
right_child=1 3 -4 -5 -6 -7
leaf_value=-0.31326859176246175 0.026685845655418386 0.18640448375313173 -0.085530735520529699 0.30562321835541001 0.11180095397725451 -0.21051269197652067
leaf_weight=673 1136 759 2321 1042 1356 1222
leaf_count=673 1136 759 2321 1042 1356 1222
internal_value=-0.00287868 0.15063 -0.159178 0.256687 0.0732622 -0.248459
internal_weight=8509 4293 4216 1801 2492 1895
internal_count=8509 4293 4216 1801 2492 1895
is_linear=0
shrinkage=0.03


Tree=10
num_leaves=7
num_cat=0
split_feature=7 1 1 7 10 7
split_gain=190121 34546.3 32111.8 9320.87 5405.21 5140.26
threshold=0.25188067527199715 -202.83973367628593 379.51269700500876 -0.35570009913980138 1.1402359543081502 0.55898394002385854
decision_type=2 2 2 2 2 2
left_child=1 -1 5 -3 -4 -2
right_child=2 3 4 -5 -6 -7
leaf_value=-0.24391720517601478 0.01646253923549245 -0.13043422514994957 0.1923225363335031 -0.026191091857002472 0.30530438565681567 0.11350680324195478
leaf_weight=1572 807 1362 825 1780 879 1261
leaf_count=1572 807 1362 825 1780 879 1261
internal_value=-0.00258861 -0.129491 0.155929 -0.0716491 0.252045 0.0758985
internal_weight=8486 4714 3772 3142 1704 2068
internal_count=8486 4714 3772 3142 1704 2068
is_linear=0
shrinkage=0.03


Tree=11
num_leaves=7
num_cat=0
split_feature=25 25 1 1 1 28
split_gain=193090 35117 32225.5 8115.06 6676.17 5765.04
threshold=0.24923739724594016 -0.60701098072693405 385.03185341013938 -271.49378283378877 34.7667902816221 1.2327574409398061
decision_type=2 2 2 2 2 2
left_child=1 3 -2 -1 -3 -4
right_child=2 4 5 -5 -6 -7
leaf_value=-0.28815852651751833 0.079188185686948895 -0.10081867520971083 0.19116134143592253 -0.16711274527203646 -0.0023650442086500562 0.30943459603264423
leaf_weight=924 2148 1307 775 1223 1172 881
leaf_count=924 2148 1307 775 1223 1172 881
internal_value=-0.00167154 -0.131744 0.156438 -0.220301 -0.0544691 0.255563
internal_weight=8430 4626 3804 2147 2479 1656
internal_count=8430 4626 3804 2147 2479 1656
is_linear=0
shrinkage=0.03


Tree=12
num_leaves=7
num_cat=0
split_feature=29 29 29 27 29 29
split_gain=202114 35560.5 28704.2 5950.4 4964.07 4027.46
threshold=0.09960648004369943 1.3197648206154067 -0.99490080622934551 0.51947592123027386 -0.38510501496219945 2.0114643151311804
decision_type=2 2 2 2 2 2
left_child=2 3 -1 -2 -4 -3
right_child=1 5 4 -5 -6 -7
leaf_value=-0.25561834845982601 0.048091368838205292 0.2183240692146704 -0.13056416081184069 0.13509832962346224 -0.049207527237006193 0.33047792324079917
leaf_weight=1451 1716 784 1366 1216 1363 601
leaf_count=1451 1716 784 1366 1216 1363 601
internal_value=0.000379799 0.144189 -0.148133 0.0845127 -0.0902586 0.269012
internal_weight=8497 4317 4180 2932 2729 1385
internal_count=8497 4317 4180 2932 2729 1385
is_linear=0
shrinkage=0.03


Tree=13
num_leaves=7
num_cat=0
split_feature=29 29 29 29 29 29
split_gain=189601 36179.1 29678.3 5920.19 4864.51 3871.75
threshold=0.09960648004369943 1.3197648206154067 -0.79686637035678853 0.59505668524625832 -1.489325372893014 2.0114643151311804
decision_type=2 2 2 2 2 2
left_child=2 3 4 -2 -1 -3
right_child=1 5 -4 -5 -6 -7
leaf_value=-0.29853325190938806 0.030257141082526726 0.21403343210655501 -0.074478618597937626 0.11644248600054362 -0.19349533262934568 0.3249499469046071
leaf_weight=730 1328 762 2288 1574 1120 597
leaf_count=730 1328 762 2288 1574 1120 597
internal_value=-0.00277189 0.137534 -0.147231 0.0772421 -0.236325 0.264776
internal_weight=8399 4261 4138 2902 1850 1359
internal_count=8399 4261 4138 2902 1850 1359
is_linear=0
shrinkage=0.03


Tree=14
num_leaves=7
num_cat=0
split_feature=25 1 1 10 28 13
split_gain=174481 35363.1 29893.9 6751.52 6287.86 5472.97
threshold=0.16054050665426392 379.51269700500876 -182.51025435665835 -0.47269803587586584 1.2327574409398061 13.191172996532599
decision_type=2 2 2 2 2 10
left_child=2 5 -1 -4 -3 -2
right_child=1 4 3 -5 -6 -7
leaf_value=-0.23634088806027864 0.036220522934699129 0.17670644131903018 -0.13358061487527273 -0.035663513306027496 0.29551445777942481 0.1470359693302605
leaf_weight=1647 1853 854 1032 1645 891 506
leaf_count=1647 1853 854 1032 1645 891 506
internal_value=-0.00326484 0.136675 -0.136094 -0.0737678 0.238708 0.0605105
internal_weight=8428 4104 4324 2677 1745 2359
internal_count=8428 4104 4324 2677 1745 2359
is_linear=0
shrinkage=0.03


Tree=15
num_leaves=7
num_cat=0
split_feature=29 29 29 29 15 29
split_gain=180179 36877.4 27419.3 6022.55 4405.23 4279.2
threshold=0.3104712682130697 -0.65620630803875579 1.4952333692603299 -1.3744249818097953 0.34704595168584879 -0.090423878954469974
decision_type=2 2 2 2 2 2
left_child=1 3 4 -1 -2 -3
right_child=2 5 -4 -5 -6 -7
leaf_value=-0.27860484019608306 0.044154138552590406 -0.08318287802326628 0.2771066487570007 -0.17266903438129513 0.1276940297616409 -0.0063144798389607173
leaf_weight=880 886 1493 1122 1269 1651 1154
leaf_count=880 886 1493 1122 1269 1651 1154
internal_value=-0.00423264 -0.125089 0.154087 -0.217138 0.0988072 -0.0498208
internal_weight=8455 4796 3659 2149 2537 2647
internal_count=8455 4796 3659 2149 2537 2647
is_linear=0
shrinkage=0.03


Tree=16
num_leaves=7
num_cat=0
split_feature=29 29 29 28 29 1
split_gain=184015 32415.4 29364.5 5908.95 5560.61 3536.07
threshold=0.17672283184543328 1.4692516248387515 -0.975345538030857 0.23341170625709126 -0.1783306278205912 239.19743072273255
decision_type=2 2 2 2 2 2
left_child=2 3 -1 -2 -4 -5
right_child=1 -3 4 5 -6 -7
leaf_value=-0.24574999035287193 0.020880001590642554 0.27405562407597522 -0.11157268463934397 0.068469421101401209 -0.02417604542928433 0.14851908378526865
leaf_weight=1476 848 1181 1884 891 1012 1204
leaf_count=1476 848 1181 1884 891 1012 1204
internal_value=-0.00175202 0.141826 -0.1372 0.088015 -0.0812204 0.114961
internal_weight=8496 4124 4372 2943 2896 2095
internal_count=8496 4124 4372 2943 2896 2095
is_linear=0
shrinkage=0.03


Tree=17
num_leaves=7
num_cat=0
split_feature=25 7 7 25 10 25
split_gain=155755 28094.2 25395.2 5358.56 5213.97 4023.07
threshold=0.16054050665426392 0.92658954132863103 -0.64708423848817131 -1.441321177064576 1.9293231933237291 0.64291077555396259
decision_type=2 2 2 2 2 2
left_child=2 5 3 -1 -3 -2
right_child=1 4 -4 -5 -6 -7
leaf_value=-0.27360443119940003 0.032714055815411855 0.19431600479424588 -0.059479753134869383 -0.16538201941945418 0.32816063426419556 0.11466893531038178
leaf_weight=693 1444 1433 2426 1223 352 862
leaf_count=693 1444 1433 2426 1223 352 862
internal_value=0.000662924 0.133321 -0.124346 -0.205742 0.222391 0.0637122
internal_weight=8433 4091 4342 1916 1785 2306
internal_count=8433 4091 4342 1916 1785 2306
is_linear=0
shrinkage=0.03


Tree=18
num_leaves=7
num_cat=0
split_feature=29 29 29 29 29 29
split_gain=173778 31867.3 27063.4 5090.48 5020.21 3311.33
threshold=0.15930550568987611 1.3197648206154067 -0.79686637035678853 0.56990314805314468 -1.5504643872550374 2.0114643151311804
decision_type=2 2 2 2 2 2
left_child=2 3 4 -2 -1 -3
right_child=1 5 -4 -5 -6 -7
leaf_value=-0.28499712198848154 0.030337844529368368 0.21168434045577139 -0.06559218403093213 0.11403291255646678 -0.17770726147234917 0.31469970958285615
leaf_weight=663 1097 792 2469 1645 1206 589
leaf_count=663 1097 792 2469 1645 1206 589
internal_value=0.00119069 0.140475 -0.131209 0.0807807 -0.217081 0.257567
internal_weight=8461 4123 4338 2742 1869 1381
internal_count=8461 4123 4338 2742 1869 1381
is_linear=0
shrinkage=0.03


Tree=19
num_leaves=7
num_cat=0
split_feature=29 29 29 29 29 29
split_gain=165507 30944 25414.8 6038.57 4300.65 3468.37
threshold=0.09960648004369943 1.4692516248387515 -0.975345538030857 0.60772031880855737 -0.21727814488232647 -1.5504643872550374
decision_type=2 2 2 2 2 2
left_child=2 3 5 -2 -4 -1
right_child=1 -3 4 -5 -6 -7
leaf_value=-0.28286192240113883 0.033255044264863226 0.26143275436118024 -0.10433355285962996 0.11816636565278198 -0.024326699390973337 -0.1845183824283278
leaf_weight=692 1345 1189 1801 1736 919 808
leaf_count=692 1345 1189 1801 1736 919 808
internal_value=0.000445207 0.131971 -0.132637 0.0813261 -0.07749 -0.23146
internal_weight=8490 4270 4220 3081 2720 1500
internal_count=8490 4270 4220 3081 2720 1500
is_linear=0
shrinkage=0.03


Tree=20
num_leaves=7
num_cat=0
split_feature=25 1 1 15 28 13
split_gain=148657 31215.8 26408.7 5987.47 5727.53 4365.28
threshold=0.16054050665426392 385.03185341013938 -198.13041811573791 -0.35126488916778581 1.2150352960468427 14.004725394402064
decision_type=2 2 2 2 2 8
left_child=2 5 -1 -4 -3 -2
right_child=1 4 3 -5 -6 -7
leaf_value=-0.22063889387607197 0.038023039247010233 0.16572390831765146 -0.11188149805534893 -0.023413414883446858 0.28040287624931948 0.13860153410367027
leaf_weight=1575 1928 822 1339 1420 883 481
leaf_count=1575 1928 822 1339 1420 883 481
internal_value=-0.000484501 0.128522 -0.122956 -0.0665978 0.226404 0.0585953
internal_weight=8448 4114 4334 2759 1705 2409
internal_count=8448 4114 4334 2759 1705 2409
is_linear=0
shrinkage=0.03


Tree=21
num_leaves=7
num_cat=0
split_feature=29 29 29 15 29 15
split_gain=156122 33513 20093.5 5972.27 3486.54 3262.59
threshold=0.018573166020018704 1.3197648206154067 -1.0130348414713757 0.32607355047383313 2.0114643151311804 -0.11346080010144219
decision_type=2 2 2 2 2 2
left_child=2 3 -1 -2 -3 -4
right_child=1 4 5 -5 -6 -7
leaf_value=-0.22967339539170886 0.014915285088988043 0.1949561257815958 -0.11591187817442473 0.099206172029462247 0.29917710353980709 -0.045170455259275641
leaf_weight=1430 1319 791 1516 1777 587 985
leaf_count=1430 1319 791 1516 1777 587 985
internal_value=-0.00245792 0.118616 -0.140207 0.0634591 0.241188 -0.0883417
internal_weight=8405 4474 3931 3096 1378 2501
internal_count=8405 4474 3931 3096 1378 2501
is_linear=0
shrinkage=0.03


Tree=22
num_leaves=7
num_cat=0
split_feature=29 29 29 29 29 29
split_gain=150984 30061.9 23759.4 5795.25 5744.94 2069.43
threshold=0.15930550568987611 1.4952333692603299 -0.65620630803875579 0.60772031880855737 -1.5504643872550374 -0.13575523107520623
decision_type=2 2 2 2 2 2
left_child=2 3 4 -2 -1 -4
right_child=1 -3 5 -5 -6 -7
leaf_value=-0.26955700217133771 0.026026072332978597 0.25796861138118449 -0.077888782535497428 0.11196312096106752 -0.16032456406497389 -0.017390168273922917
leaf_weight=669 1179 1161 1278 1780 1468 853
leaf_count=669 1179 1161 1278 1780 1468 853
internal_value=-0.000223523 0.129162 -0.125133 0.0779249 -0.195617 -0.0538666
internal_weight=8388 4120 4268 2959 2137 2131
internal_count=8388 4120 4268 2959 2137 2131
is_linear=0
shrinkage=0.03


Tree=23
num_leaves=7
num_cat=0
split_feature=29 29 29 1 29 29
split_gain=142998 29684.6 24676.8 6051.33 4223.14 3790.69
threshold=0.1459648570039177 1.4952333692603299 -0.91114618569062644 372.96551429919845 -0.21727814488232647 -1.5504643872550374
decision_type=2 2 2 2 2 2
left_child=2 3 5 -2 -4 -1
right_child=1 -3 4 -5 -6 -7
leaf_value=-0.26879847688472536 0.051607107025486619 0.25603318623168575 -0.093484528762516395 0.14944698197170228 -0.016790071334286054 -0.16959101204313928
leaf_weight=660 2204 1162 1632 767 1074 935
leaf_count=660 2204 1162 1632 767 1074 935
internal_value=0.00217774 0.128035 -0.11878 0.0772823 -0.0632187 -0.212061
internal_weight=8434 4133 4301 2971 2706 1595
internal_count=8434 4133 4301 2971 2706 1595
is_linear=0
shrinkage=0.03


Tree=24
num_leaves=7
num_cat=0
split_feature=29 29 29 27 29 29
split_gain=139946 31408.4 16569.5 5234.57 4444.94 3001.58
threshold=1.0000000180025095e-35 1.3197648206154067 -1.0503179018524118 0.51947592123027386 2.0114643151311804 -0.63794956539663639
decision_type=2 2 2 2 2 2
left_child=2 3 -1 -2 -3 -4
right_child=1 4 5 -5 -6 -7
leaf_value=-0.21782313869084283 0.029556031275316606 0.18214084548799436 -0.13318759762419913 0.10866461710438453 0.29775542802199467 -0.062571840418881905
leaf_weight=1336 1911 790 825 1244 580 1660
leaf_count=1336 1911 790 825 1244 580 1660
internal_value=0.000662324 0.113436 -0.132836 0.0609929 0.23289 -0.0864556
internal_weight=8346 4525 3821 3155 1370 2485
internal_count=8346 4525 3821 3155 1370 2485
is_linear=0
shrinkage=0.03


Tree=25
num_leaves=7
num_cat=0
split_feature=29 29 29 29 27 1
split_gain=138695 25935.4 21084.8 5366.7 3845.25 3825.5
threshold=0.3104712682130697 -0.99490080622934551 1.5875866626339077 -0.2534724643379303 0.55939816466592829 -462.3252624652672
decision_type=2 2 2 2 2 2
left_child=1 5 4 -3 -2 -1
right_child=2 3 -4 -5 -6 -7
leaf_value=-0.29852489161626516 0.056536527858745876 -0.099648330993675968 0.25138019152246982 -0.023193366674524828 0.12964750086380314 -0.18235902291874612
leaf_weight=387 1431 1721 1016 1596 1217 1056
leaf_count=387 1431 1721 1016 1596 1217 1056
internal_value=-0.0028677 -0.10957 0.135673 -0.0630417 0.0904991 -0.215354
internal_weight=8424 4760 3664 3317 2648 1443
internal_count=8424 4760 3664 3317 2648 1443
is_linear=0
shrinkage=0.03


Tree=26
num_leaves=7
num_cat=0
split_feature=29 29 29 29 10 29
split_gain=138204 28245.4 22292.4 6200.06 4853.83 3190.9
threshold=0.15930550568987611 1.3197648206154067 -0.63794956539663639 -1.489325372893014 0.2535998733611397 2.0114643151311804
decision_type=2 2 2 2 2 2
left_child=2 4 3 -1 -2 -3
right_child=1 5 -4 -5 -6 -7
leaf_value=-0.25757209162094763 0.01239560320426884 0.19172931360810841 -0.048866920625012571 -0.14705405218667889 0.098043509858548886 0.29156798534409839
leaf_weight=725 900 788 2167 1415 1769 594
leaf_count=725 900 788 2167 1415 1769 594
internal_value=0.00114193 0.126768 -0.117037 -0.18552 0.0693167 0.236427
internal_weight=8358 4051 4307 2140 2669 1382
internal_count=8358 4051 4307 2140 2669 1382
is_linear=0
shrinkage=0.03


Tree=27
num_leaves=7
num_cat=0
split_feature=29 29 29 29 29 28
split_gain=130517 26658.6 21879.1 6358.58 6241.74 4604.28
threshold=0.1372424362176575 1.1282371939521958 -0.65620630803875579 -1.5504643872550374 2.0114643151311804 0.082194263555786976
decision_type=2 2 2 2 2 2
left_child=2 5 3 -1 -3 -2
right_child=1 4 -4 -5 -6 -7
leaf_value=-0.26085503727530551 -0.014763660757654359 0.16417711448210681 -0.048784445835595699 -0.1477303160529497 0.2886478834252667 0.078284006071704257
leaf_weight=681 641 1122 2132 1495 586 1847
leaf_count=681 641 1122 2132 1495 586 1847
internal_value=-0.00157815 0.117367 -0.117434 -0.184165 0.208314 0.0543484
internal_weight=8504 4196 4308 2176 1708 2488
internal_count=8504 4196 4308 2176 1708 2488
is_linear=0
shrinkage=0.03


Tree=28
num_leaves=7
num_cat=0
split_feature=29 29 29 25 29 13
split_gain=120707 29035.8 17019.6 6204.54 4219.16 1829.23
threshold=0.030965769977010529 1.5875866626339077 -1.3744249818097953 0.64291077555396259 -0.65620630803875579 26.703765165574328
decision_type=2 2 2 2 2 8
left_child=2 3 -1 -2 -4 -3
right_child=1 5 4 -5 -6 -7
leaf_value=-0.23715643871055148 0.027163361742395566 0.21921350825921604 -0.12951780887064746 0.10773267451226802 -0.057244713351182544 0.32833109649873915
leaf_weight=874 1826 757 1242 1632 1808 242
leaf_count=874 1826 757 1242 1632 1808 242
internal_value=0.000211143 0.106928 -0.120964 0.065389 -0.0870023 0.248638
internal_weight=8381 4457 3924 3458 3050 999
internal_count=8381 4457 3924 3458 3050 999
is_linear=0
shrinkage=0.03


Tree=29
num_leaves=7
num_cat=0
split_feature=25 10 7 7 25 25
split_gain=113926 28083.1 14536.6 8135.57 3617.08 2750.91
threshold=0.44594223299611463 -0.95375544434204229 1.1812887521582398 -0.17856389201300113 2.207392782874257 -1.4659172695607436
decision_type=2 2 2 2 2 2
left_child=1 5 -2 -3 -4 -1
right_child=2 3 4 -5 -6 -7
leaf_value=-0.26418938986174129 0.086108233700878362 -0.090551639399873804 0.18282161161416291 -0.0053817922027185675 0.30431795370814047 -0.16559642755771009
leaf_weight=580 1971 2108 948 1931 332 609
leaf_count=580 1971 2108 948 1931 332 609
internal_value=-0.00127342 -0.0879363 0.137933 -0.0499468 0.216449 -0.215493
internal_weight=8479 5228 3251 4039 1280 1189
internal_count=8479 5228 3251 4039 1280 1189
is_linear=0
shrinkage=0.03


Tree=30
num_leaves=7
num_cat=0
split_feature=29 1 29 29 28 1
split_gain=116129 29266.9 14201.3 5574.54 5282.89 2873.91
threshold=-0.035912144760886097 422.30818107086742 -1.1136584633455693 0.59505668524625832 1.2327574409398061 -462.3252624652672
decision_type=2 2 2 2 2 2
left_child=2 3 5 -2 -3 -1
right_child=1 4 -4 -5 -6 -7
leaf_value=-0.2756007591841626 0.012461555900238033 0.14641666015347279 -0.079113899895066883 0.092626701824337937 0.2619680708731621 -0.16928356200586875
leaf_weight=374 1650 712 2547 1478 833 848
leaf_count=374 1650 712 2547 1478 833 848
internal_value=0.00375017 0.10358 -0.119971 0.0505146 0.210001 -0.203795
internal_weight=8442 4673 3769 3128 1545 1222
internal_count=8442 4673 3769 3128 1545 1222
is_linear=0
shrinkage=0.03


Tree=31
num_leaves=7
num_cat=0
split_feature=25 7 7 25 15 13
split_gain=110739 22840.2 20784.2 5120.69 4406.17 4093.18
threshold=0.16054050665426392 1.1640931222361497 -0.64708423848817131 -1.493264420187794 0.32607355047383313 21.403556030836789
decision_type=2 2 2 2 2 8
left_child=2 4 3 -1 -2 -3
right_child=1 5 -4 -5 -6 -7
leaf_value=-0.24624404815651665 0.013938306469052772 0.16539522330201153 -0.044907970030246977 -0.14047307813801724 0.091989793994706248 0.27766772098525022
leaf_weight=652 1034 767 2394 1300 1766 559
leaf_count=652 1034 767 2394 1300 1766 559
internal_value=0.00111276 0.11229 -0.104452 -0.176877 0.0633187 0.21445
internal_weight=8472 4126 4346 1952 2800 1326
internal_count=8472 4126 4346 1952 2800 1326
is_linear=0
shrinkage=0.03


Tree=32
num_leaves=7
num_cat=0
split_feature=29 29 29 29 28 15
split_gain=111339 23508 20223.3 6280.38 3537.42 2215
threshold=0.3104712682130697 -0.65620630803875579 1.5875866626339077 -1.5504643872550374 0.21396931082361825 -0.64616589719287576
decision_type=2 2 2 2 2 2
left_child=1 3 4 -1 -2 -3
right_child=2 5 -4 -5 -6 -7
leaf_value=-0.2506854469425161 0.012646954016659882 -0.094891397959092655 0.23329346362314937 -0.13647785322353292 0.095353664682659309 -0.024406543857628242
leaf_weight=644 604 488 1029 1495 2069 2134
leaf_count=644 604 488 1029 1495 2069 2134
internal_value=-0.00242341 -0.0982878 0.120797 -0.171869 0.0767818 -0.0378357
internal_weight=8463 4761 3702 2139 2673 2622
internal_count=8463 4761 3702 2139 2673 2622
is_linear=0
shrinkage=0.03


Tree=33
num_leaves=7
num_cat=0
split_feature=1 1 1 28 28 15
split_gain=94074.6 23441.9 18393.1 7382.88 5651.16 5052.81
threshold=160.01998357559674 -198.13041811573791 461.16377661255211 0.27338323097085498 -0.37461866103262459 -1.1428266390466917
decision_type=2 2 2 2 2 2
left_child=1 5 3 -2 -3 -1
right_child=2 4 -4 -5 -6 -7
leaf_value=-0.24269483900430358 -0.0070923549044484167 -0.086797530179035493 0.2090949965711304 0.10680570085824956 -0.0051841458901074793 -0.13176698103533058
leaf_weight=623 786 1219 1297 1454 2020 1035
leaf_count=623 786 1219 1297 1454 2020 1035
internal_value=0.00183383 -0.0832526 0.119539 0.0669858 -0.036072 -0.174654
internal_weight=8434 4897 3537 2240 3239 1658
internal_count=8434 4897 3537 2240 3239 1658
is_linear=0
shrinkage=0.03


Tree=34
num_leaves=7
num_cat=0
split_feature=25 25 10 25 10 25
split_gain=98609.7 19380.8 18011.5 5001.4 4986.42 3122.35
threshold=0.16054050665426392 1.1450406134489313 -0.95375544434204229 -0.60701098072693405 1.9293231933237291 0.68816666488275302
decision_type=2 2 2 2 2 2
left_child=2 5 -1 -4 -3 -2
right_child=1 4 3 -5 -6 -7
leaf_value=-0.19955019938191676 0.029363875626818151 0.15953661259616678 -0.11397055500848753 -0.034294787201606211 0.29208757530862128 0.096793943489506637
leaf_weight=1155 1537 1130 1068 2113 355 1039
leaf_count=1155 1537 1130 1068 2113 355 1039
internal_value=0.000868609 0.106963 -0.0985145 -0.0613187 0.192966 0.0568301
internal_weight=8397 4061 4336 3181 1485 2576
internal_count=8397 4061 4336 3181 1485 2576
is_linear=0
shrinkage=0.03


Tree=35
num_leaves=7
num_cat=0
split_feature=29 29 29 1 1 12
split_gain=106063 19406.9 19256.4 6758.39 3654.85 2355.54
threshold=0.27178376724418624 1.5875866626339077 -0.65620630803875579 -462.3252624652672 427.37093987150223 0.68774639571703022
decision_type=2 2 2 2 2 2
left_child=2 4 3 -1 -2 -4
right_child=1 -3 5 -5 -6 -7
leaf_value=-0.27190989362770945 0.059453110057875298 0.23150449455502534 -0.045479912770852386 -0.13278714968591651 0.14271340181533826 0.057635673304511741
leaf_weight=392 2146 1021 2269 1752 613 210
leaf_count=392 2146 1021 2269 1752 613 210
internal_value=0.00255853 0.120257 -0.0937292 -0.159368 0.0784006 -0.0365484
internal_weight=8403 3780 4623 2144 2759 2479
internal_count=8403 3780 4623 2144 2759 2479
is_linear=0
shrinkage=0.03


Tree=36
num_leaves=7
num_cat=0
split_feature=29 29 29 29 29 15
split_gain=102802 22707.2 15587.9 4561.5 3841.57 2353.97
threshold=0.09960648004369943 1.5875866626339077 -1.1786175719824479 0.66907997211363901 -0.2534724643379303 0.081186693989446973
decision_type=2 2 2 2 2 2
left_child=2 3 -1 -2 -4 -5
right_child=1 -3 4 5 -6 -7
leaf_value=-0.19812262318057036 0.028195924553726836 0.22998918831830745 -0.091925251830988569 0.012680502793227787 -0.020045394966881829 0.11323297748974291
leaf_weight=1142 1514 996 2005 246 1012 1517
leaf_count=1142 1514 996 2005 246 1012 1517
internal_value=0.00195921 0.105182 -0.10409 0.0666637 -0.0679603 0.0993531
internal_weight=8432 4273 4159 3277 3017 1763
internal_count=8432 4273 4159 3277 3017 1763
is_linear=0
shrinkage=0.03


Tree=37
num_leaves=7
num_cat=0
split_feature=29 29 29 29 29 15
split_gain=97539.9 18519 17799.9 5375.92 2930.38 2923.18
threshold=0.3104712682130697 -0.65620630803875579 1.4952333692603299 -1.5504643872550374 2.0114643151311804 0.39630787271327517
decision_type=2 2 2 2 2 2
left_child=1 3 5 -1 -4 -2
right_child=2 -3 4 -5 -6 -7
leaf_value=-0.2243012116523323 0.030312668480846836 -0.034199923804145875 0.15852680143657935 -0.12004586077501153 0.26214505068800825 0.097458091051502826
leaf_weight=672 943 2572 532 1469 607 1575
leaf_count=672 943 2572 532 1469 607 1575
internal_value=0.00145568 -0.0886778 0.117541 -0.153659 0.215548 0.0725313
internal_weight=8370 4713 3657 2141 1139 2518
internal_count=8370 4713 3657 2141 1139 2518
is_linear=0
shrinkage=0.03


Tree=38
num_leaves=7
num_cat=0
split_feature=29 29 29 15 29 1
split_gain=98341.4 21160.1 15718.6 4369.01 4213.51 3735.28
threshold=0.1372424362176575 1.5875866626339077 -1.3744249818097953 -0.22707709564137316 -0.63794956539663639 239.19743072273255
decision_type=2 2 2 2 2 2
left_child=2 3 -1 -2 -4 -5
right_child=1 -3 4 5 -6 -7
leaf_value=-0.21351627776042087 -0.02458047568396746 0.22251088349501616 -0.11243092079513242 0.039175308765560829 -0.043672026053052461 0.11003358370989069
leaf_weight=872 417 1017 1328 1209 2060 1538
leaf_count=872 417 1017 1328 1209 2060 1538
internal_value=0.000822918 0.104059 -0.100505 0.0654035 -0.0708751 0.0791029
internal_weight=8441 4181 4260 3164 3388 2747
internal_count=8441 4181 4260 3164 3388 2747
is_linear=0
shrinkage=0.03


Tree=39
num_leaves=7
num_cat=0
split_feature=29 29 29 1 10 1
split_gain=91877.1 23454 13001.7 5973.37 3393.26 2661.84
threshold=0.56990314805314468 -0.65620630803875579 2.0114643151311804 -462.3252624652672 -0.21720734261245145 385.03185341013938
decision_type=2 2 2 2 2 2
left_child=1 3 5 -1 -3 -2
right_child=2 4 -4 -5 -6 -7
leaf_value=-0.25517591984997334 0.071241133055555989 -0.063916362813254121 0.25791622627877497 -0.12509432198314108 0.00026626731772615874 0.13537017558466655
leaf_weight=398 1302 1137 595 1744 2096 1121
leaf_count=398 1302 1137 595 1744 2096 1121
internal_value=0.000753639 -0.0735893 0.132963 -0.150338 -0.0224333 0.101345
internal_weight=8393 5375 3018 2142 3233 2423
internal_count=8393 5375 3018 2142 3233 2423
is_linear=0
shrinkage=0.03


Tree=40
num_leaves=7
num_cat=0
split_feature=25 1 1 13 12 1
split_gain=85849.3 18875.8 18698.7 4772.02 4379.71 4143.41
threshold=0.24923739724594016 385.03185341013938 -198.13041811573791 21.403556030836789 -0.43747110491655322 -462.3252624652672
decision_type=2 2 2 8 2 2
left_child=2 -2 5 -3 -4 -1
right_child=1 3 4 -5 -6 -7
leaf_value=-0.25268405585903808 0.048122355639679322 0.14675427872781441 -0.09122370979467509 0.26050504761118159 -0.01591752151572166 -0.13806630433691888
leaf_weight=403 2143 1141 1050 509 2035 1163
leaf_count=403 2143 1141 1050 509 2035 1163
internal_value=0.00143896 0.107211 -0.0848656 0.183203 -0.0417604 -0.168979
internal_weight=8444 3793 4651 1650 3085 1566
internal_count=8444 3793 4651 1650 3085 1566
is_linear=0
shrinkage=0.03


Tree=41
num_leaves=7
num_cat=0
split_feature=29 29 29 29 13 28
split_gain=89174.4 18355.1 17357 4510.51 3164.75 2288.05
threshold=0.3104712682130697 -1.2628674695833793 1.4952333692603299 -0.38510501496219945 23.795301930493103 0.27338323097085498
decision_type=2 2 2 2 8 2
left_child=1 -1 5 -3 -4 -2
right_child=2 3 4 -5 -6 -7
leaf_value=-0.1990861753701752 0.018732221898579947 -0.089489863838824402 0.16541617484470664 -0.023554005634032926 0.27626673218029646 0.082481948298456384
leaf_weight=1017 707 1815 773 1932 392 1844
leaf_count=1017 707 1815 773 1932 392 1844
internal_value=-0.000776179 -0.0866197 0.109214 -0.0556457 0.204749 0.0649561
internal_weight=8480 4764 3716 3747 1165 2551
internal_count=8480 4764 3716 3747 1165 2551
is_linear=0
shrinkage=0.03


Tree=42
num_leaves=7
num_cat=0
split_feature=7 1 1 10 15 15
split_gain=77436.1 22284.4 11993.7 4928.75 4789.36 4313.14
threshold=0.48194381094804378 -182.51025435665835 422.30818107086742 -1.3810114865588721 -0.22707709564137316 1.8213376752993
decision_type=2 2 2 2 2 2
left_child=1 3 -2 -1 -3 -4
right_child=2 4 5 -5 -6 -7
leaf_value=-0.23909724542556024 0.068292802366100386 -0.060996564575684635 0.15294939261272505 -0.12181166620101291 0.0070249074880514937 0.27398517571003345
leaf_weight=457 1610 1690 1001 1237 2057 395
leaf_count=457 1610 1690 1001 1237 2057 395
internal_value=0.00277864 -0.0647095 0.124745 -0.15467 -0.0237353 0.188902
internal_weight=8447 5441 3006 1694 3747 1396
internal_count=8447 5441 3006 1694 3747 1396
is_linear=0
shrinkage=0.03


Tree=43
num_leaves=7
num_cat=0
split_feature=29 29 29 15 29 1
split_gain=76468.7 21680.2 11683.5 4439.95 3935.99 2721.79
threshold=0.58305469121489917 -0.975345538030857 2.0114643151311804 -0.35126488916778581 -2.4110196849497232 422.30818107086742
decision_type=2 2 2 2 2 2
left_child=1 4 5 -3 -1 -2
right_child=2 3 -4 -5 -6 -7
leaf_value=-0.2945746202532083 0.06895149996016324 -0.069940394688272414 0.24304633114362961 -0.0040001069145337506 -0.14217307007700047 0.13512239425152636
leaf_weight=178 1521 1418 591 2582 1266 923
leaf_count=178 1521 1418 591 2582 1266 923
internal_value=0.00361276 -0.0636296 0.124041 -0.0274921 -0.162856 0.0943904
internal_weight=8479 5444 3035 4000 1444 2444
internal_count=8479 5444 3035 4000 1444 2444
is_linear=0
shrinkage=0.03


Tree=44
num_leaves=7
num_cat=0
split_feature=1 1 1 28 1 15
split_gain=74463.7 20887.6 12300.3 4919.98 4835.66 4383.34
threshold=54.705938407302661 422.30818107086742 -284.91001132841126 0.45945482619068895 761.27316799336734 0.38651676278282165
decision_type=2 2 2 2 2 2
left_child=2 3 -1 -2 -3 -4
right_child=1 4 5 -5 -6 -7
leaf_value=-0.18206052706169107 0.0012322473811942178 0.14241252254329359 -0.080990468288834772 0.077619456961806124 0.27625901610068065 0.013702801687480963
leaf_weight=1076 1655 1227 2268 1392 318 542
leaf_count=1076 1655 1227 2268 1392 318 542
internal_value=0.000353599 0.0820625 -0.0961627 0.0362689 0.171561 -0.062742
internal_weight=8478 4592 3886 3047 1545 2810
internal_count=8478 4592 3886 3047 1545 2810
is_linear=0
shrinkage=0.03


Tree=45
num_leaves=7
num_cat=0
split_feature=10 1 1 10 7 9
split_gain=71234.8 19919.4 16044.6 5601.46 3594.84 3183.19
threshold=0.33733975832045343 -129.9207699418192 417.08250621374526 -0.95375544434204229 2.2058971604097288 -0.30644168847398362
decision_type=2 2 2 2 2 2
left_child=1 3 -2 -1 -4 -3
right_child=2 5 4 -5 -6 -7
leaf_value=-0.20183666431711153 0.053222491129598939 -0.063132201868114662 0.16032392088885794 -0.098847367811867676 0.28942382629316554 0.0016420032671288641
leaf_weight=860 2022 1052 1107 1137 256 1911
leaf_count=860 2022 1052 1107 1137 256 1911
internal_value=0.00135831 -0.0709996 0.10728 -0.143984 0.186503 -0.0214908
internal_weight=8345 4960 3385 1997 1363 2963
internal_count=8345 4960 3385 1997 1363 2963
is_linear=0
shrinkage=0.03


Tree=46
num_leaves=7
num_cat=0
split_feature=25 10 10 6 7 15
split_gain=68784.3 15299 12932.1 5575.8 3397.16 2177.77
threshold=0.16054050665426392 1.0312192332873713 -0.95375544434204229 1.8128188558664384 -0.44624081114142194 0.32607355047383313
decision_type=2 2 2 2 2 2
left_child=2 5 -1 -3 -4 -2
right_child=1 3 4 -5 -6 -7
leaf_value=-0.16861832050177966 0.0090545194336014347 0.12341595604672362 -0.088673107927208811 0.25296303177030571 -0.02557907059426431 0.064579340263913709
leaf_weight=1185 1058 1064 1333 435 1822 1597
leaf_count=1185 1058 1064 1333 435 1822 1597
internal_value=-0.00104436 0.0861111 -0.0844707 0.162437 -0.0524325 0.0425701
internal_weight=8494 4154 4340 1499 3155 2655
internal_count=8494 4154 4340 1499 3155 2655
is_linear=0
shrinkage=0.03


Tree=47
num_leaves=7
num_cat=0
split_feature=29 29 29 29 29 29
split_gain=71240.7 16454.6 15710.6 3995.86 2539.23 2349.66
threshold=0.3104712682130697 1.5148470084613546 -1.2628674695833793 -0.23991813934575779 2.8181725707147933 -2.4110196849497232
decision_type=2 2 2 2 2 2
left_child=2 -2 5 -4 -3 -1
right_child=1 4 3 -5 -6 -7
leaf_value=-0.284720482411144 0.057021488582787307 0.17297137462507312 -0.074237598964464732 -0.011076832618060625 0.30717189302667974 -0.15665587928962232
leaf_weight=169 2580 922 2172 1543 166 863
leaf_count=169 2580 922 2172 1543 166 863
internal_value=-0.000469683 0.0986833 -0.0771315 -0.0481044 0.196058 -0.180159
internal_weight=8415 3668 4747 3715 1088 1032
internal_count=8415 3668 4747 3715 1088 1032
is_linear=0
shrinkage=0.03


Tree=48
num_leaves=7
num_cat=0
split_feature=29 29 29 29 29 15
split_gain=69893.6 18266.9 11735.7 4465.84 2937.63 2535.7
threshold=0.56990314805314468 -0.975345538030857 1.9730695491087717 -0.079583526732254842 -2.2974493358254651 0.69192574347762903
decision_type=2 2 2 2 2 2
left_child=1 4 5 -3 -1 -2
right_child=2 3 -4 -5 -6 -7
leaf_value=-0.26146189978413908 0.047874804421968342 -0.059344878015277026 0.23045981475486882 0.0050560439950610159 -0.13507344126574686 0.11133883363600018
leaf_weight=199 1011 2144 627 1759 1296 1356
leaf_count=199 1011 2144 627 1759 1296 1356
internal_value=-0.000257588 -0.0647071 0.11577 -0.030382 -0.153523 0.0845473
internal_weight=8392 5398 2994 3903 1495 2367
internal_count=8392 5398 2994 3903 1495 2367
is_linear=0
shrinkage=0.03


Tree=49
num_leaves=7
num_cat=0
split_feature=29 29 1 29 15 22
split_gain=73203.9 22851.6 10652 4351.65 2883.62 3247.92
threshold=-0.055487007248265711 1.5875866626339077 -284.91001132841126 0.66907997211363901 -1.3590824401401937 -0.19561950973744538
decision_type=2 2 2 2 2 2
left_child=2 3 4 -2 -1 -6
right_child=1 -3 -4 -5 5 -7
leaf_value=-0.2432694088622131 0.014184216193549926 0.20376249402507421 -0.064251915035260398 0.079797310960919257 -0.044493637345109756 -0.18232279510362379
leaf_weight=383 1945 1044 2669 1708 241 459
leaf_count=383 1945 1044 2669 1708 241 459
internal_value=0.00179389 0.0806432 -0.0968668 0.0449964 -0.175921 -0.136165
internal_weight=8449 4697 3752 3653 1083 700
internal_count=8449 4697 3752 3653 1083 700
is_linear=0
shrinkage=0.03


Tree=50
num_leaves=7
num_cat=0
split_feature=1 1 1 10 12 15
split_gain=61705.8 17321.8 11172.5 5743.42 4238.19 3997.17
threshold=54.705938407302661 400.89422768781509 -284.91001132841126 1.5791326831142671 0.15257972231864972 -0.35126488916778581
decision_type=2 2 2 2 2 2
left_child=2 4 -1 -3 -2 -4
right_child=1 3 5 -5 -6 -7
leaf_value=-0.166953174481351 -0.0069355731376582325 0.11581312321830108 -0.090962562773928224 0.23790620686618011 0.0658946747696567 -0.018963668180280984
leaf_weight=1061 1268 1119 1297 525 1646 1494
leaf_count=1061 1268 1119 1297 525 1646 1494
internal_value=0.00380932 0.0784349 -0.0844682 0.156005 0.0342879 -0.0526274
internal_weight=8410 4558 3852 1644 2914 2791
internal_count=8410 4558 3852 1644 2914 2791
is_linear=0
shrinkage=0.03


Tree=51
num_leaves=7
num_cat=0
split_feature=1 10 1 1 28 1
split_gain=61994.2 17971.3 10549.7 4560.79 3700.36 3669.06
threshold=54.705938407302661 1.0312192332873713 -271.49378283378877 573.87692084080425 -1.4695799024998613 823.3784385102457
decision_type=2 2 2 2 2 2
left_child=2 3 4 -2 -1 -3
right_child=1 5 -4 -5 -6 -7
leaf_value=-0.23625630195472247 0.024930576700354642 0.14204903241467154 -0.0555343296950912 0.16138607806709271 -0.1205500606986014 0.2834933243492288
leaf_weight=414 2944 1208 2725 229 724 199
leaf_count=414 2944 1208 2725 229 724 199
internal_value=0.000466014 0.0750505 -0.0879274 0.0352549 -0.164335 0.163914
internal_weight=8443 4580 3863 3173 1138 1407
internal_count=8443 4580 3863 3173 1138 1407
is_linear=0
shrinkage=0.03


Tree=52
num_leaves=7
num_cat=0
split_feature=29 29 29 1 28 1
split_gain=60438.9 17949.9 11295 5158.89 2292.26 2259.25
threshold=0.60772031880855737 -0.63794956539663639 1.9327252490140101 -462.3252624652672 -0.11545083385473977 406.04529902068651
decision_type=2 2 2 2 2 2
left_child=1 3 5 -1 -3 -2
right_child=2 4 -4 -5 -6 -7
leaf_value=-0.21987210243284977 0.055295483398531665 -0.04129450152206493 0.22240306291751619 -0.099447702148525871 0.0088311699622450144 0.11727092261786533
leaf_weight=395 1335 1386 655 1784 1987 910
leaf_count=395 1335 1386 655 1784 1987 910
internal_value=0.00268152 -0.0552802 0.113457 -0.122182 -0.0118272 0.0808256
internal_weight=8452 5552 2900 2179 3373 2245
internal_count=8452 5552 2900 2179 3373 2245
is_linear=0
shrinkage=0.03


Tree=53
num_leaves=7
num_cat=0
split_feature=1 1 28 28 25 1
split_gain=57675.8 16968 10713.9 4635.69 4382.83 3679.63
threshold=54.705938407302661 406.04529902068651 -0.78985027602304925 0.23341170625709126 2.207392782874257 -428.95230268919534
decision_type=2 2 2 2 2 2
left_child=2 3 5 -2 -3 -1
right_child=1 4 -4 -5 -6 -7
leaf_value=-0.23013341012158137 -0.017165924672505273 0.12228593020188346 -0.045795913956371836 0.059136661533249882 0.24976099260811563 -0.11988280893060872
leaf_weight=377 1232 1339 2298 1691 306 1154
leaf_count=377 1232 1339 2298 1691 306 1154
internal_value=-0.0013254 0.0705897 -0.0870805 0.0270274 0.147364 -0.148349
internal_weight=8397 4568 3829 2923 1645 1531
internal_count=8397 4568 3829 2923 1645 1531
is_linear=0
shrinkage=0.03


Tree=54
num_leaves=7
num_cat=0
split_feature=29 29 29 1 13 1
split_gain=57756.2 18662.3 9468.68 3661.86 2952 2405.01
threshold=-0.079583526732254842 1.3197648206154067 -1.489325372893014 823.3784385102457 9.9465881021851867 -44.279275030331284
decision_type=2 2 2 2 8 2
left_child=2 4 -1 -3 -2 -4
right_child=1 3 5 -5 -6 -7
leaf_value=-0.18489908625449261 0.010144151250168661 0.13706847850313145 -0.085259208092646102 0.27196095852141683 0.068242920357095657 -0.027742841496205626
leaf_weight=747 2261 1145 1887 225 1201 1019
leaf_count=747 2261 1145 1887 225 1201 1019
internal_value=-0.000276427 0.0677209 -0.0901591 0.161033 0.0304377 -0.0652552
internal_weight=8485 4832 3653 1370 3462 2906
internal_count=8485 4832 3653 1370 3462 2906
is_linear=0
shrinkage=0.03


Tree=55
num_leaves=7
num_cat=0
split_feature=29 29 29 29 23 28
split_gain=56329.1 15095.9 8654.03 4468.14 2108.18 2012.82
threshold=-0.079583526732254842 1.1099226174110834 -1.489325372893014 2.0114643151311804 -0.55175247554782059 -0.96239734615806194
decision_type=2 2 2 2 2 2
left_child=2 -2 -1 4 -3 -4
right_child=1 3 5 -5 -6 -7
leaf_value=-0.17985126086727618 0.026418654522251724 -0.0010295168757438659 -0.10942233609206117 0.20593658659043604 0.11777775550849245 -0.051007460900668877
leaf_weight=750 3023 155 711 575 994 2197
leaf_count=750 3023 155 711 575 994 2197
internal_value=-0.00112588 0.0669917 -0.089464 0.137573 0.10188 -0.0656158
internal_weight=8405 4747 3658 1724 1149 2908
internal_count=8405 4747 3658 1724 1149 2908
is_linear=0
shrinkage=0.03


Tree=56
num_leaves=7
num_cat=0
split_feature=29 29 1 29 29 29
split_gain=56940.2 13071.9 12695.8 3148 3143.89 2677.49
threshold=0.33708133304938109 -1.0130348414713757 573.87692084080425 1.0901818433269259 -2.4110196849497232 -0.2534724643379303
decision_type=2 2 2 2 2 2
left_child=1 4 3 -2 -1 -3
right_child=2 5 -4 -5 -6 -7
leaf_value=-0.26211385844506885 0.037737990021757775 -0.058778253589421257 0.19869030858217393 0.1037596622188629 -0.1230534307458114 -0.0059422914663306552
leaf_weight=169 1776 1772 783 1034 1241 1679
leaf_count=169 1776 1772 783 1034 1241 1679
internal_value=0.00208518 -0.0647993 0.0925025 0.0623139 -0.141449 -0.0331636
internal_weight=8454 4861 3593 2810 1410 3451
internal_count=8454 4861 3593 2810 1410 3451
is_linear=0
shrinkage=0.03


Tree=57
num_leaves=7
num_cat=0
split_feature=29 29 29 29 29 15
split_gain=56936 15440.1 9038.01 3149.35 3136.26 2454.28
threshold=0.66907997211363901 -0.79686637035678853 1.9327252490140101 -2.4110196849497232 -0.035912144760886097 0.44916166163169235
decision_type=2 2 2 2 2 2
left_child=1 3 5 -1 -3 -2
right_child=2 4 -4 -5 -6 -7
leaf_value=-0.25050267385809044 0.02626315860979651 -0.046551491557476746 0.20791754643749694 -0.11176412811010261 0.0075562727607629328 0.10023293079345426
leaf_weight=161 560 1934 663 1687 1908 1523
leaf_count=161 560 1934 663 1687 1908 1523
internal_value=6.24449e-06 -0.0541233 0.111958 -0.125134 -0.0197308 0.0805672
internal_weight=8436 5690 2746 1848 3842 2083
internal_count=8436 5690 2746 1848 3842 2083
is_linear=0
shrinkage=0.03


Tree=58
num_leaves=7
num_cat=0
split_feature=29 29 1 29 1 21
split_gain=52592.6 14861.9 8355.97 5010.48 3188.24 2107.15
threshold=-0.079583526732254842 1.9327252490140101 -462.3252624652672 0.66907997211363901 -54.903788350535926 -0.29481993764943853
decision_type=2 2 2 2 2 2
left_child=2 3 -1 -2 5 -4
right_child=1 -3 4 -5 -6 -7
leaf_value=-0.21243377303023164 0.011069064739305374 0.19532889228879172 -0.035028068970139471 0.077494087627458588 -0.026974620225032279 -0.1058024796361758
leaf_weight=400 2037 679 507 2049 1129 1655
leaf_count=400 2037 679 507 2049 1129 1655
internal_value=0.000556075 0.0663456 -0.0843266 0.044487 -0.0681596 -0.0894432
internal_weight=8456 4765 3691 4086 3291 2162
internal_count=8456 4765 3691 4086 3291 2162
is_linear=0
shrinkage=0.03


Tree=59
num_leaves=7
num_cat=0
split_feature=29 29 29 29 29 6
split_gain=52560.6 15923.1 7120.15 4277.84 3516.32 1790.74
threshold=0.70612358180467572 -1.0503179018524118 2.0114643151311804 -0.13575523107520623 -2.4110196849497232 2.1223977816328072
decision_type=2 2 2 2 2 2
left_child=1 4 -2 -3 -1 -4
right_child=2 3 5 -5 -6 -7
leaf_value=-0.26002703504806213 0.081875786671378098 -0.053730622061548355 0.14156747877597808 0.0051591786245922125 -0.11939139543766422 0.25494672626331444
leaf_weight=188 2061 2169 314 2260 1187 290
leaf_count=188 2061 2169 314 2260 1187 290
internal_value=-0.00092557 -0.0515591 0.109128 -0.0237368 -0.140359 0.19927
internal_weight=8469 5804 2665 4429 1375 604
internal_count=8469 5804 2665 4429 1375 604
is_linear=0
shrinkage=0.03


Tree=60
num_leaves=7
num_cat=0
split_feature=28 10 13 13 25 23
split_gain=49437.8 10149.5 9572.1 3861.77 2132.41 2096.52
threshold=0.21396931082361825 -0.95375544434204229 21.403556030836789 10.069763721737095 -0.42695590598989303 -0.42757691027195438
decision_type=2 2 8 10 2 2
left_child=1 -1 3 -2 -3 -5
right_child=2 4 -4 5 -6 -7
leaf_value=-0.14369642535178895 0.022333021568807544 -0.069640155888762406 0.18584223051262064 0.015213465955995377 -0.020837921840558823 0.1022370229669109
leaf_weight=1173 1559 1378 609 305 1952 1452
leaf_count=1173 1559 1378 609 305 1952 1452
internal_value=-0.000378975 -0.0681448 0.0773417 0.0569162 -0.041181 0.0873021
internal_weight=8428 4503 3925 3316 3330 1757
internal_count=8428 4503 3925 3316 3330 1757
is_linear=0
shrinkage=0.03


Tree=61
num_leaves=7
num_cat=0
split_feature=29 29 1 15 1 28
split_gain=44979.4 14119.5 9149.46 3857.65 2965.43 2244.3
threshold=0.09960648004369943 2.0114643151311804 -462.3252624652672 -0.060965026690223946 239.19743072273255 0.26170572689828886
decision_type=2 2 2 2 2 2
left_child=2 4 -1 -4 -2 -6
right_child=1 -3 3 -5 5 -7
leaf_value=-0.20315513642504809 0.015782463575876499 0.2045829143137648 -0.07313308164901379 -0.0072323859489518043 0.012007011923285292 0.086896349660044905
leaf_weight=398 1514 597 2641 1148 463 1669
leaf_count=398 1514 597 2641 1148 463 1669
internal_value=0.00173867 0.0704944 -0.0679386 -0.0532379 0.048039 0.0707648
internal_weight=8430 4243 4187 3789 3646 2132
internal_count=8430 4243 4187 3789 3646 2132
is_linear=0
shrinkage=0.03


Tree=62
num_leaves=7
num_cat=0
split_feature=29 29 28 27 24 29
split_gain=44013 12611.2 7934.3 3682.46 3113.95 2253.65
threshold=0.09960648004369943 2.0114643151311804 -0.96239734615806194 0.57958187078741175 -0.36658026975112828 -0.86001655561695955
decision_type=2 2 2 2 2 2
left_child=2 3 -1 -2 -4 -6
right_child=1 -3 4 -5 5 -7
leaf_value=-0.12738971830840565 0.021667886692474648 0.19882179537516528 0.024558576605887839 0.081804887177620439 -0.10419949184424153 -0.036262321773301812
leaf_weight=1317 2017 580 561 1685 588 1740
leaf_count=1317 2017 580 561 1685 588 1740
internal_value=0.00224657 0.0698707 -0.0666019 0.0491864 -0.0385469 -0.053794
internal_weight=8488 4282 4206 3702 2889 2328
internal_count=8488 4282 4206 3702 2889 2328
is_linear=0
shrinkage=0.03


Tree=63
num_leaves=7
num_cat=0
split_feature=29 1 29 29 12 22
split_gain=46928.6 12125.1 8162.7 3248.58 3194.88 3329.42
threshold=0.59505668524625832 -198.13041811573791 1.9327252490140101 -0.22871626271626755 -0.81016721204507658 -0.28494096865075214
decision_type=2 2 2 2 2 2
left_child=1 4 -2 -3 -1 -6
right_child=2 3 -4 -5 5 -7
leaf_value=-0.1774480148176211 0.067918176471717329 -0.055450755184472726 0.18736497727070744 2.375725354980837e-05 0.013927190315953651 -0.11631214978723026
leaf_weight=588 2290 1657 664 2209 223 805
leaf_count=588 2290 1657 664 2209 223 805
internal_value=-0.000894053 -0.0528126 0.095309 -0.0238348 -0.121564 -0.0881978
internal_weight=8436 5482 2954 3866 1616 1028
internal_count=8436 5482 2954 3866 1616 1028
is_linear=0
shrinkage=0.03


Tree=64
num_leaves=7
num_cat=0
split_feature=29 29 29 1 29 37
split_gain=41572.4 12883.2 8959.83 4013.29 2842.64 1870.61
threshold=0.56990314805314468 -0.63794956539663639 1.5875866626339077 -462.3252624652672 2.9769761283130731 3.7494348669884658
decision_type=2 2 2 2 2 2
left_child=1 3 5 -1 -4 -2
right_child=2 -3 4 -5 -6 -7
leaf_value=-0.1922623930573088 0.12777302633827142 -0.010772535238052725 0.13880829493988064 -0.085389289850109379 0.28980290129259745 0.040809315602862502
leaf_weight=387 249 3206 894 1808 133 1775
leaf_count=387 249 3206 894 1808 133 1775
internal_value=0.000786101 -0.049198 0.0891416 -0.105019 0.160969 0.0520835
internal_weight=8452 5401 3051 2195 1027 2024
internal_count=8452 5401 3051 2195 1027 2024
is_linear=0
shrinkage=0.03


Tree=65
num_leaves=7
num_cat=0
split_feature=1 1 28 28 1 1
split_gain=37868.6 12537.5 7830.69 3727.1 3251.11 2419.95
threshold=54.705938407302661 573.87692084080425 -0.92371949091305494 0.32109097163104411 -462.3252624652672 823.3784385102457
decision_type=2 2 2 2 2 2
left_child=2 3 4 -2 -1 -3
right_child=1 5 -4 -5 -6 -7
leaf_value=-0.21634928824953162 -0.0019602570262773392 0.1269325429806655 -0.039950051249406697 0.058385802728438713 -0.1026014859899351 0.24766832893914426
leaf_weight=302 1550 540 2542 2258 1014 232
leaf_count=302 1550 540 2542 2258 1014 232
internal_value=-0.00182384 0.0564509 -0.0709714 0.0338819 -0.130139 0.165919
internal_weight=8438 4580 3858 3808 1316 772
internal_count=8438 4580 3858 3808 1316 772
is_linear=0
shrinkage=0.03


Tree=66
num_leaves=7
num_cat=0
split_feature=29 29 29 29 29 30
split_gain=40295.3 13534.1 7357.3 4804.72 2425.7 1911.43
threshold=-0.10052305850939734 1.0901818433269259 -1.9319257315617369 2.8181725707147933 -1.0503179018524118 -0.070569280036090629
decision_type=2 2 2 2 2 2
left_child=2 5 -1 -3 -4 -2
right_child=1 3 4 -5 -6 -7
leaf_value=-0.1988297066904488 -0.032062901614513598 0.10712255285572962 -0.098507397168238045 0.27733186710299101 -0.041737451464862851 0.030678067958480073
leaf_weight=374 516 1597 983 161 2233 2610
leaf_count=374 516 1597 983 161 2233 2610
internal_value=0.00180287 0.0578425 -0.0743849 0.124191 -0.0593413 0.0202524
internal_weight=8474 4884 3590 1758 3216 3126
internal_count=8474 4884 3590 1758 3216 3126
is_linear=0
shrinkage=0.03


Tree=67
num_leaves=7
num_cat=0
split_feature=1 26 1 1 10 15
split_gain=37433 12510.4 7590.85 4489.53 3138.14 3102.69
threshold=54.705938407302661 1.274257636993728 -312.64593927786171 400.89422768781509 1.9293231933237291 -1.3590824401401937
decision_type=2 2 2 2 2 2
left_child=2 3 5 -2 -3 -1
right_child=1 4 -4 -5 -6 -7
leaf_value=-0.2119368766462606 0.014879518504370479 0.11321771862977575 -0.045262140312290804 0.08576193342521761 0.2446671756062884 -0.097727221959576838
leaf_weight=361 2797 418 2908 1122 301 592
leaf_count=361 2797 418 2908 1122 301 592
internal_value=-0.000721272 0.0566691 -0.0696294 0.0353396 0.170849 -0.142742
internal_weight=8499 4638 3861 3919 719 953
internal_count=8499 4638 3861 3919 719 953
is_linear=0
shrinkage=0.03


Tree=68
num_leaves=7
num_cat=0
split_feature=29 1 29 28 9 22
split_gain=40018.9 12784.5 6817.97 3344.18 2423.49 1775.75
threshold=0.66907997211363901 -198.13041811573791 2.0114643151311804 -1.5660275520831231 -0.26360374754403132 -0.20546647861060044
decision_type=2 2 2 2 2 2
left_child=1 3 -2 -1 -3 -5
right_child=2 4 -4 5 -6 -7
leaf_value=-0.18653933481302229 0.071542983656360082 -0.044258389230153655 0.18800422344644319 -0.032159825992640813 0.0037060049988903365 -0.11045883465537196
leaf_weight=411 2154 1491 573 385 2570 873
leaf_count=411 2154 1491 573 385 2570 873
internal_value=0.00221847 -0.0427947 0.0966114 -0.112431 -0.0139696 -0.0869387
internal_weight=8457 5730 2727 1669 4061 1258
internal_count=8457 5730 2727 1669 4061 1258
is_linear=0
shrinkage=0.03


Tree=69
num_leaves=7
num_cat=0
split_feature=29 10 29 1 22 1
split_gain=37252.2 11369.7 7122.51 3123.08 2919.47 2829.16
threshold=0.59505668524625832 -0.95375544434204229 2.8181725707147933 -271.49378283378877 -0.20546647861060044 -462.3252624652672
decision_type=2 2 2 2 2 2
left_child=1 5 -2 4 -3 -1
right_child=2 3 -4 -5 -6 -7
leaf_value=-0.21040537008775934 0.073120386992372999 0.023870524650451953 0.2710280315521893 -0.014670347597355657 -0.13342960674847876 -0.10074883758789981
leaf_weight=293 2767 141 166 3743 389 874
leaf_count=293 2767 141 166 3743 389 874
internal_value=-0.00080524 -0.0472489 0.0852043 -0.0244436 -0.0919147 -0.129834
internal_weight=8373 5440 2933 4273 530 1167
internal_count=8373 5440 2933 4273 530 1167
is_linear=0
shrinkage=0.03


Tree=70
num_leaves=7
num_cat=0
split_feature=29 29 7 1 29 24
split_gain=36904.8 9267.76 7295.4 3340.67 2220.03 2051.86
threshold=0.3104712682130697 -1.2391343871910945 2.1221233670098143 385.03185341013938 -2.4110196849497232 -0.19521054238616545
decision_type=2 2 2 2 2 2
left_child=1 4 3 -2 -1 -5
right_child=2 -3 -4 5 -6 -7
leaf_value=-0.23126345280741081 0.032299221868323555 -0.032473048125397468 0.21301669315922239 0.039787707062306735 -0.11155280379088135 0.1167299706841736
leaf_weight=173 1925 3689 292 472 877 1000
leaf_count=173 1925 3689 292 472 877 1000
internal_value=0.000298486 -0.0550403 0.071345 0.0585776 -0.133272 0.0924932
internal_weight=8428 4739 3689 3397 1050 1472
internal_count=8428 4739 3689 3397 1050 1472
is_linear=0
shrinkage=0.03


Tree=71
num_leaves=7
num_cat=0
split_feature=29 29 29 29 27 12
split_gain=32827.1 10058.2 6293.07 3383.52 3190.87 2138.04
threshold=-0.079583526732254842 1.5875866626339077 -2.4110196849497232 2.9769761283130731 0.66634585122080792 -0.81016721204507658
decision_type=2 2 2 2 2 2
left_child=2 4 -1 -3 -2 -4
right_child=1 3 5 -5 -6 -7
leaf_value=-0.23934510073179135 0.010135325054151989 0.11258374577836856 -0.098574055879124531 0.27713356746684598 0.069175596915706752 -0.044264901668705621
leaf_weight=174 2542 868 887 128 1212 2546
leaf_count=174 2542 868 887 128 1212 2546
internal_value=0.000225813 0.0519939 -0.067902 0.136275 0.0293299 -0.0585426
internal_weight=8357 4750 3607 996 3754 3433
internal_count=8357 4750 3607 996 3754 3433
is_linear=0
shrinkage=0.03


Tree=72
num_leaves=7
num_cat=0
split_feature=29 29 29 1 29 1
split_gain=30954.8 11864.1 6809.29 3278.18 2106.45 2084.22
threshold=-0.035912144760886097 2.0114643151311804 -1.3744249818097953 385.03185341013938 -2.4110196849497232 -50.962574274871137
decision_type=2 2 2 2 2 2
left_child=2 3 4 -2 -1 -4
right_child=1 -3 5 -5 -6 -7
leaf_value=-0.23070801320384654 0.017515205304362787 0.17835763606003352 -0.06032612447843512 0.076759624852539607 -0.10946450719448887 -0.0088932581697059466
leaf_weight=165 2899 585 1757 1179 719 1191
leaf_count=165 2899 585 1757 1179 719 1191
internal_value=0.00128056 0.053144 -0.0618039 0.0347894 -0.134422 -0.0396474
internal_weight=8495 4663 3832 4078 884 2948
internal_count=8495 4663 3832 4078 884 2948
is_linear=0
shrinkage=0.03


Tree=73
num_leaves=7
num_cat=0
split_feature=29 29 28 29 37 13
split_gain=33048.1 12187.7 6466.2 3082.36 2262.77 2092.55
threshold=-0.10052305850939734 1.5148470084613546 -1.2157898240431073 2.8181725707147933 3.6762205501217919 10.069763721737095
decision_type=2 2 2 2 2 10
left_child=2 4 -1 -3 -2 -6
right_child=1 3 -4 -5 5 -7
leaf_value=-0.13617857788846133 0.090144720462402461 0.11390658407280078 -0.044525495212339276 0.25347300339738527 -0.0020052929436316503 0.047594318599082551
leaf_weight=935 412 965 2666 170 2079 1201
leaf_count=935 412 965 2666 170 2079 1201
internal_value=3.95608e-05 0.0513072 -0.0686344 0.136842 0.0247133 0.0162455
internal_weight=8428 4827 3601 1135 3692 3280
internal_count=8428 4827 3601 1135 3692 3280
is_linear=0
shrinkage=0.03


Tree=74
num_leaves=7
num_cat=0
split_feature=15 10 10 10 2 27
split_gain=29142.9 8518.74 7323.27 2443.46 1583.16 1560.78
threshold=0.32607355047383313 -1.0110279420313077 1.9293231933237291 1.0312192332873713 1.3717035418418246 0.034067290353296135
decision_type=2 2 2 2 2 2
left_child=1 -1 3 -2 -4 -3
right_child=2 5 4 -5 -6 -7
leaf_value=-0.1201201033755335 0.032532532825458163 -0.039380909374861807 0.095987540832446774 0.087736872127973181 0.23876778190947978 1.5543608667002511e-05
leaf_weight=1069 2063 2412 126 1118 237 1445
leaf_count=1069 2063 2412 126 1118 237 1445
internal_value=0.00158839 -0.0455769 0.0670898 0.0521489 0.19311 -0.0246594
internal_weight=8470 4926 3544 3181 363 3857
internal_count=8470 4926 3544 3181 363 3857
is_linear=0
shrinkage=0.03


Tree=75
num_leaves=7
num_cat=0
split_feature=15 1 1 29 1 23
split_gain=30964.4 8945.35 7922.44 4030.25 3350.08 1531.28
threshold=0.32607355047383313 372.96551429919845 -54.903788350535926 2.9769761283130731 -462.3252624652672 -0.52762736528581045
decision_type=2 2 2 2 2 2
left_child=2 -2 4 5 -1 -3
right_child=1 3 -4 -5 -6 -7
leaf_value=-0.16584281570228596 0.025738543324771448 0.019247578137156583 -0.0091389165652486001 0.27596076954722765 -0.069521204384598814 0.11684121707960209
leaf_weight=385 1963 168 2460 133 2101 1275
leaf_count=385 1963 168 2460 133 2101 1275
internal_value=0.00105606 0.0686987 -0.047385 0.121708 -0.0850429 0.10569
internal_weight=8485 3539 4946 1576 2486 1443
internal_count=8485 3539 4946 1576 2486 1443
is_linear=0
shrinkage=0.03


Tree=76
num_leaves=7
num_cat=0
split_feature=29 29 29 29 15 29
split_gain=27838.9 8978.37 6150.62 3363.51 2320.94 1683.72
threshold=-0.066224701292260033 1.5875866626339077 -1.489325372893014 2.8181725707147933 -0.35126488916778581 -2.4110196849497232
decision_type=2 2 2 2 2 2
left_child=2 4 5 -3 -2 -1
right_child=1 3 -4 -5 -6 -7
leaf_value=-0.22274961539421761 -0.040240605442429613 0.10016123458607044 -0.041648645066273235 0.24600795903130546 0.034919067759418769 -0.11041775377669324
leaf_weight=165 407 838 2945 172 3356 580
leaf_count=165 407 838 2945 172 3356 580
internal_value=0.000385698 0.0481847 -0.0614052 0.127167 0.0267048 -0.137917
internal_weight=8463 4773 3690 1010 3763 745
internal_count=8463 4773 3690 1010 3763 745
is_linear=0
shrinkage=0.03


Tree=77
num_leaves=7
num_cat=0
split_feature=1 1 1 15 28 27
split_gain=29903.4 9455.55 6130.78 3103.92 2766.22 2204.71
threshold=257.7800808193852 -271.49378283378877 573.87692084080425 0.44916166163169235 -1.5660275520831231 0.50053162473117652
decision_type=2 2 2 2 2 2
left_child=1 4 3 -2 -1 -3
right_child=2 5 -4 -5 -6 -7
leaf_value=-0.17663113900596172 0.0059849121981720797 -0.024169820678449541 0.1556568352194084 0.085986562482210538 -0.0756955702928125 0.026036795248875196
leaf_weight=367 679 3637 826 1220 787 995
leaf_count=367 679 3637 826 1220 787 995
internal_value=0.00599889 -0.0325914 0.0877573 0.0575626 -0.109037 -0.0133521
internal_weight=8511 5786 2725 1899 1154 4632
internal_count=8511 5786 2725 1899 1154 4632
is_linear=0
shrinkage=0.03


Tree=78
num_leaves=7
num_cat=0
split_feature=29 29 29 15 29 29
split_gain=26515.5 9278.21 5688.95 2718.47 2278.83 1611.58
threshold=0.56990314805314468 -1.2628674695833793 2.0114643151311804 -0.35126488916778581 -2.4110196849497232 2.8181725707147933
decision_type=2 2 2 2 2 2
left_child=1 4 -2 -3 -1 -4
right_child=2 3 5 -5 -6 -7
leaf_value=-0.21669935716337033 0.055460093097404593 -0.045253721101698854 0.12435245453868826 0.0026029250171617346 -0.094704691425425994 0.24417841307141566
leaf_weight=168 2432 1760 413 2692 832 155
leaf_count=168 2432 1760 413 2692 832 155
internal_value=0.0043659 -0.0350384 0.0758552 -0.0163752 -0.117142 0.16071
internal_weight=8452 5452 3000 4452 1000 568
internal_count=8452 5452 3000 4452 1000 568
is_linear=0
shrinkage=0.03


Tree=79
num_leaves=7
num_cat=0
split_feature=29 1 1 12 29 30
split_gain=28859.2 9534.25 5350.5 2234.31 2160.74 1697.37
threshold=0.66907997211363901 -271.49378283378877 823.3784385102457 -0.44601771347832803 -2.5538904661191926 -0.021298029930656683
decision_type=2 2 2 2 2 2
left_child=1 4 -2 -3 -1 -5
right_child=2 3 -4 5 -6 -7
leaf_value=-0.22465853550160922 0.068874372987986168 -0.048823145325185259 0.21501428264798039 -0.028328599183061944 -0.096278965604480266 0.015529656726925259
leaf_weight=134 2555 1319 241 1346 982 1907
leaf_count=134 2555 1319 241 1346 982 1907
internal_value=0.00344274 -0.0353438 0.0821922 -0.0160474 -0.113552 -0.00264886
internal_weight=8484 5688 2796 4572 1116 3253
internal_count=8484 5688 2796 4572 1116 3253
is_linear=0
shrinkage=0.03


Tree=80
num_leaves=7
num_cat=0
split_feature=29 1 1 29 1 26
split_gain=26728.3 8251.6 7432.81 3478.07 2090.9 1708.03
threshold=0.3104712682130697 573.87692084080425 -462.3252624652672 -0.65620630803875579 823.3784385102457 -0.24824933562593976
decision_type=2 2 2 2 2 2
left_child=2 -2 -1 -4 -3 -5
right_child=1 4 3 5 -6 -7
leaf_value=-0.16545865268016663 0.039111721143998197 0.1127725667429778 -0.064878301407884573 0.022212788567749536 0.22284057671862947 -0.028384547638265475
leaf_weight=406 2896 573 1771 923 236 1678
leaf_count=406 2896 573 1771 923 236 1678
internal_value=0.00266763 0.0630481 -0.0441871 -0.0325734 0.14721 -0.0104131
internal_weight=8483 3705 4778 4372 809 2601
internal_count=8483 3705 4778 4372 809 2601
is_linear=0
shrinkage=0.03


Tree=81
num_leaves=7
num_cat=0
split_feature=10 1 1 28 22 10
split_gain=26215.4 6950.79 6691.38 2252.71 2345.68 2160.98
threshold=0.35782208652282382 431.9817901543999 -271.49378283378877 -1.5660275520831231 -0.20546647861060044 1.9750284562428406
decision_type=2 2 2 2 2 2
left_child=2 -2 3 -1 -5 -3
right_child=1 5 -4 4 -6 -7
leaf_value=-0.16736326531419213 0.031979430418945541 0.099502827823162068 -0.023107291601358826 0.0025155874726128769 -0.11050272944744811 0.19684546847570131
leaf_weight=361 1998 1006 4007 241 513 272
leaf_count=361 1998 1006 4007 241 513 272
internal_value=0.00104005 0.0672002 -0.0413241 -0.106003 -0.0748187 0.121588
internal_weight=8398 3276 5122 1115 754 1278
internal_count=8398 3276 5122 1115 754 1278
is_linear=0
shrinkage=0.03


Tree=82
num_leaves=7
num_cat=0
split_feature=29 10 7 29 29 19
split_gain=22633.1 6974.4 5355.42 2008.95 1700.42 2085.82
threshold=0.66907997211363901 -0.95375544434204229 2.2606813497320686 -2.5538904661191926 -0.975345538030857 -0.39247234278761806
decision_type=2 2 2 2 2 2
left_child=1 3 -2 -1 -3 -6
right_child=2 4 -4 -5 5 -7
leaf_value=-0.21131709607826038 0.057798232101742807 -0.062840430496331368 0.20951219507239083 -0.083953171360894641 0.077973909074197642 -0.015140105183591327
leaf_weight=122 2506 621 221 1054 220 3715
leaf_count=122 2506 621 221 1054 220 3715
internal_value=-0.000179191 -0.0340187 0.0708139 -0.0988365 -0.017108 -0.00974978
internal_weight=8459 5732 2727 1176 4556 3935
internal_count=8459 5732 2727 1176 4556 3935
is_linear=0
shrinkage=0.03


Tree=83
num_leaves=7
num_cat=0
split_feature=29 1 28 7 29 30
split_gain=24166.1 9538 5543.13 3632.7 2749.15 2135.41
threshold=-0.079583526732254842 427.37093987150223 -0.96239734615806194 2.4283638559134997 -2.5538904661191926 -0.070569280036090629
decision_type=2 2 2 2 2 2
left_child=2 5 4 -3 -1 -2
right_child=1 3 -4 -5 -6 -7
leaf_value=-0.23485203035755289 -0.03781040644901263 0.092082623191939925 -0.027462275402064633 0.24299787591049771 -0.088881108289899924 0.028644344674018989
leaf_weight=125 506 1352 2356 157 1177 2800
leaf_count=125 506 1352 2356 157 1177 2800
internal_value=0.0029229 0.047042 -0.0551207 0.109281 -0.104578 0.0183898
internal_weight=8473 4815 3658 1509 1302 3306
internal_count=8473 4815 3658 1509 1302 3306
is_linear=0
shrinkage=0.03


Tree=84
num_leaves=7
num_cat=0
split_feature=29 1 29 12 24 3
split_gain=23101.9 7005.03 6361.27 3020.09 1817.86 1594.72
threshold=0.48742605338428396 -462.3252624652672 2.0413027902601231 -0.61788627815249997 -0.33996816118938239 -0.97771053160927612
decision_type=2 2 2 2 2 2
left_child=1 -1 4 -3 -2 -5
right_child=2 3 -4 5 -6 -7
leaf_value=-0.15825545397587121 -0.0046742401715368026 -0.068842908674363906 0.15104107712229181 0.092374307699501501 0.054797559327467479 -0.018988344225435758
leaf_weight=406 590 1290 578 110 2107 3397
leaf_count=406 590 1290 578 110 2107 3397
internal_value=-0.000815785 -0.0400803 0.0614959 -0.02977 0.0418182 -0.0152426
internal_weight=8478 5203 3275 4797 2697 3507
internal_count=8478 5203 3275 4797 2697 3507
is_linear=0
shrinkage=0.03


Tree=85
num_leaves=7
num_cat=0
split_feature=13 1 1 28 10 23
split_gain=21667.4 8536.66 4207.35 2558.26 2192.29 1890.07
threshold=10.069763721737095 -198.13041811573791 761.27316799336734 -1.6363784357905427 -0.35410797043711895 -0.37668376010151255
decision_type=8 2 2 2 2 2
left_child=1 3 5 -1 -3 -2
right_child=2 4 -4 -5 -6 -7
leaf_value=-0.15961728724131458 0.002573638629987017 -0.040640171969626493 0.17739368536162609 -0.069179018401472378 0.0049750358696361591 0.071684789454234163
leaf_weight=370 445 1400 296 1242 2890 1789
leaf_count=370 445 1400 296 1242 2890 1789
internal_value=-0.000678433 -0.032162 0.0726041 -0.0907933 -0.00997094 0.0579911
internal_weight=8432 5902 2530 1612 4290 2234
internal_count=8432 5902 2530 1612 4290 2234
is_linear=0
shrinkage=0.03


Tree=86
num_leaves=7
num_cat=0
split_feature=15 29 29 1 1 29
split_gain=23252 7925.28 6011.09 2812.09 1988.1 1812.88
threshold=0.38651676278282165 2.0114643151311804 -1.3744249818097953 205.36872917689405 -54.903788350535926 -2.4110196849497232
decision_type=2 2 2 2 2 2
left_child=2 3 5 -2 -4 -1
right_child=1 -3 4 -5 -6 -7
leaf_value=-0.19549620472249529 0.0030284194833626156 0.16057655665264056 -0.050880554890798693 0.064554367926957901 -0.0087143369824901791 -0.087170990574478843
leaf_weight=179 1123 586 1650 1646 2569 704
leaf_count=179 1123 586 1650 1646 2569 704
internal_value=-1.0394e-05 0.0612294 -0.0403218 0.0397025 -0.0252864 -0.111074
internal_weight=8457 3355 5102 2769 4219 883
internal_count=8457 3355 5102 2769 4219 883
is_linear=0
shrinkage=0.03


Tree=87
num_leaves=7
num_cat=0
split_feature=29 29 29 29 37 29
split_gain=21241.2 7995.62 5575.31 2018.71 1838.99 1766.59
threshold=0.09960648004369943 2.0114643151311804 -1.489325372893014 2.9769761283130731 4.9732735209982879 -2.4110196849497232
decision_type=2 2 2 2 2 2
left_child=2 4 5 -3 -2 -1
right_child=1 3 -4 -5 -6 -7
leaf_value=-0.20878757559516456 0.060959432023532246 0.11323632698216032 -0.03317945573095963 0.2504714298960955 0.014634933727259748 -0.095640327926964031
leaf_weight=168 1104 478 3414 128 2538 567
leaf_count=168 1104 478 3414 128 2538 567
internal_value=-0.00130036 0.0458016 -0.0495203 0.145819 0.0288058 -0.123958
internal_weight=8397 4248 4149 606 3642 735
internal_count=8397 4248 4149 606 3642 735
is_linear=0
shrinkage=0.03


Tree=88
num_leaves=7
num_cat=0
split_feature=15 1 10 29 29 1
split_gain=20401 5886.47 4964.71 3356.66 1920.73 1574.95
threshold=0.32607355047383313 367.52818267441222 -1.0305544056191946 2.9769761283130731 -2.4110196849497232 -105.08992278850177
decision_type=2 2 2 2 2 2
left_child=2 -2 4 -3 -1 -4
right_child=1 3 5 -5 -6 -7
leaf_value=-0.18966446267958928 0.022514722303166555 0.086171661976515754 -0.048581128190099084 0.24359593111535774 -0.076379658812529852 -0.0080212431501895647
leaf_weight=159 1967 1433 1286 128 869 2586
leaf_count=159 1967 1433 1286 128 869 2586
internal_value=0.00231077 0.0572283 -0.0372658 0.100549 -0.0955597 -0.0215828
internal_weight=8428 3528 4900 1561 1028 3872
internal_count=8428 3528 4900 1561 1028 3872
is_linear=0
shrinkage=0.03


Tree=89
num_leaves=7
num_cat=0
split_feature=1 29 1 29 30 15
split_gain=19371 7168.87 4105.13 2799.42 1538.59 1762.35
threshold=372.96551429919845 -0.63794956539663639 823.3784385102457 -2.4110196849497232 -0.021298029930656683 -0.60826983541196944
decision_type=2 2 2 2 2 2
left_child=1 3 -2 -1 -3 -6
right_child=2 4 -4 -5 5 -7
leaf_value=-0.18229990618228914 0.070210748752399452 -0.023757811593780733 0.20446362610161303 -0.056056805600222651 -0.054198262364818492 0.021347182111898871
leaf_weight=165 1623 1555 230 1980 302 2560
leaf_count=165 1623 1555 230 1980 302 2560
internal_value=0.00249749 -0.0217109 0.0878827 -0.0665687 0.000174255 0.0132146
internal_weight=8415 6562 1853 2145 4417 2862
internal_count=8415 6562 1853 2145 4417 2862
is_linear=0
shrinkage=0.03


Tree=90
num_leaves=7
num_cat=0
split_feature=29 29 29 27 29 32
split_gain=19737.7 7617.76 3201.44 2284.11 1999.51 1607.01
threshold=-0.18808419060240841 2.0910178006425384 -1.5504643872550374 0.57958187078741175 2.9769761283130731 1.4307127972276619
decision_type=2 2 2 2 2 2
left_child=2 3 -1 -2 -3 -5
right_child=1 4 -4 5 -6 -7
leaf_value=-0.1120967679599507 0.010173765644553077 0.10734995524596828 -0.038600466748644736 0.034772947562045291 0.24394536857903004 0.095794561897732611
leaf_weight=665 2739 376 2658 1330 140 552
leaf_count=665 2739 376 2658 1330 140 552
internal_value=0.00327952 0.0401066 -0.0536008 0.0277262 0.148344 0.0530826
internal_weight=8460 5137 3323 4621 516 1882
internal_count=8460 5137 3323 4621 516 1882
is_linear=0
shrinkage=0.03


Tree=91
num_leaves=7
num_cat=0
split_feature=29 29 29 32 9 31
split_gain=18276.6 6593.63 5003.94 2354.28 1596.3 1510.7
threshold=0.60772031880855737 -1.489325372893014 2.9769761283130731 1.9999944115285604 0.54830993659903993 -0.020027875833574609
decision_type=2 2 2 2 2 2
left_child=1 -1 3 5 -3 -2
right_child=2 4 -4 -5 -6 -7
leaf_value=-0.11470429218927165 -0.0078238046857241148 -0.025901766924662915 0.23455468290901565 0.10570267172784291 0.030008737065417818 0.050260479011036016
leaf_weight=758 525 4303 131 551 506 1690
leaf_count=758 525 4303 131 551 506 1690
internal_value=-0.001262 -0.0330505 0.0597277 0.0506327 -0.0199688 0.03652
internal_weight=8464 5567 2897 2766 4809 2215
internal_count=8464 5567 2897 2766 4809 2215
is_linear=0
shrinkage=0.03


Tree=92
num_leaves=7
num_cat=0
split_feature=29 1 1 9 14 25
split_gain=18007.6 6951.76 3635.34 1857.8 1777.58 1653.55
threshold=-0.21727814488232647 573.87692084080425 -462.3252624652672 0.5773079132388742 0.36222680993848622 -1.4659172695607436
decision_type=2 2 2 2 10 2
left_child=2 3 -1 -2 -5 -4
right_child=1 -3 5 4 -6 -7
leaf_value=-0.13895237823335671 0.0052799098875199795 0.11693217074647509 -0.099181179880368994 0.1323241668618039 0.033860652174505582 -0.033708792313929217
leaf_weight=402 2830 773 400 180 1382 2454
leaf_count=402 2830 773 400 180 1382 2454
internal_value=-0.000254142 0.0345562 -0.0554106 0.0198252 0.0459769 -0.0431993
internal_weight=8421 5165 3256 4392 1562 2854
internal_count=8421 5165 3256 4392 1562 2854
is_linear=0
shrinkage=0.03


Tree=93
num_leaves=7
num_cat=0
split_feature=29 29 29 29 23 15
split_gain=20297.8 5515.2 5490.41 3061.76 1884.32 1660.59
threshold=0.3104712682130697 2.9769761283130731 -1.3744249818097953 1.1099226174110834 -0.39243345843312932 -0.27925444784937209
decision_type=2 2 2 2 2 2
left_child=2 3 -1 5 -5 -2
right_child=1 -3 -4 4 -6 -7
leaf_value=-0.10888926681644504 -0.053721607579272003 0.23749606600319834 -0.024571376423598797 0.010464061673250665 0.092349399735862911 0.031002669559226443
leaf_weight=839 227 132 3891 316 1315 1746
leaf_count=839 227 132 3891 316 1315 1746
internal_value=0.00152282 0.0537126 -0.0397257 0.0463428 0.0766449 0.0210331
internal_weight=8466 3736 4730 3604 1631 1973
internal_count=8466 3736 4730 3604 1631 1973
is_linear=0
shrinkage=0.03


Tree=94
num_leaves=7
num_cat=0
split_feature=29 29 10 28 23 35
split_gain=17087.3 5351.89 5075.97 1836.62 1810.62 1530.01
threshold=0.60772031880855737 -1.2628674695833793 1.9293231933237291 -1.5660275520831231 -0.046705025691801225 -0.084867476310064
decision_type=2 2 2 2 2 2
left_child=1 3 4 -1 -2 -3
right_child=2 5 -4 -5 -6 -7
leaf_value=-0.14325869747308442 0.020780792615533845 -0.045693470603571484 0.1608455413720252 -0.059191070020743697 0.071433507736912941 -0.0061778852592228629
leaf_weight=394 1463 1199 370 619 1129 3274
leaf_count=394 1463 1199 370 619 1129 3274
internal_value=0.000290246 -0.0310479 0.0582416 -0.0929694 0.0430334 -0.0168484
internal_weight=8448 5486 2962 1013 2592 4473
internal_count=8448 5486 2962 1013 2592 4473
is_linear=0
shrinkage=0.03


Tree=95
num_leaves=7
num_cat=0
split_feature=1 7 10 29 21 24
split_gain=15901.1 7221.93 3467.7 3360.99 2210.39 1804.07
threshold=-44.279275030331284 2.4283638559134997 0.34674661080106228 -2.4110196849497232 -0.29481993764943853 -0.20143850281393541
decision_type=2 2 2 2 2 2
left_child=3 2 -2 -1 -5 -4
right_child=1 -3 5 4 -6 -7
leaf_value=-0.1850975784077982 -0.0025520053964066735 0.2211653288061908 0.013707718688603076 0.00027412795097651806 -0.063047170725686649 0.063144235731917256
leaf_weight=163 2414 163 1027 650 2085 1907
leaf_count=163 2414 163 1027 650 2085 1907
internal_value=0.000405412 0.0303094 0.0240904 -0.0563703 -0.0480521 0.0459451
internal_weight=8409 5511 5348 2898 2735 2934
internal_count=8409 5511 5348 2898 2735 2934
is_linear=0
shrinkage=0.03


Tree=96
num_leaves=7
num_cat=0
split_feature=1 12 29 29 30 15
split_gain=17129.1 6809.34 3246.26 2797 1900.63 1872.18
threshold=372.96551429919845 -0.61788627815249997 2.9769761283130731 -1.4367793223239558 -0.070569280036090629 0.44916166163169235
decision_type=2 2 2 2 2 2
left_child=1 3 5 -1 -3 -2
right_child=2 4 -4 -5 -6 -7
leaf_value=-0.13014786020234462 0.0098101270334287113 -0.037583663944109842 0.22113843567831359 -0.047007140890580473 0.0048626733841239988 0.085095488633151847
leaf_weight=561 386 1259 128 1062 3763 1326
leaf_count=561 386 1259 128 1062 3763 1326
internal_value=-0.000701989 -0.0231484 0.0800484 -0.0763662 -0.00583204 0.0682766
internal_weight=8485 6645 1840 1623 5022 1712
internal_count=8485 6645 1840 1623 5022 1712
is_linear=0
shrinkage=0.03


Tree=97
num_leaves=7
num_cat=0
split_feature=13 28 29 23 29 29
split_gain=17480.7 6450.3 4157.23 2287.01 1536.07 1505.93
threshold=10.069763721737095 -0.96239734615806194 2.8181725707147933 -0.37668376010151255 -2.5538904661191926 1.2804942228903884
decision_type=8 2 2 2 2 2
left_child=1 4 3 -2 -1 -5
right_child=2 -3 -4 5 -6 -7
leaf_value=-0.17885959533207557 0.00055411755878594701 -0.0065829810077939954 0.21316910560334348 0.046612819315977508 -0.069994581061386049 0.10079618629054736
leaf_weight=126 470 4557 163 939 1197 963
leaf_count=126 470 4557 163 939 1197 963
internal_value=0.00481681 -0.0235777 0.0705126 0.0598557 -0.0816267 0.07443
internal_weight=8415 5880 2535 2372 1323 1902
internal_count=8415 5880 2535 2372 1323 1902
is_linear=0
shrinkage=0.03


Tree=98
num_leaves=7
num_cat=0
split_feature=29 6 15 19 30 14
split_gain=15004.6 5637.55 3610.81 1707.22 1600.38 1341.18
threshold=-0.035912144760886097 1.6806536245817225 -1.4206227761253978 -0.40615952954589274 -0.070569280036090629 2.0653599835522445
decision_type=2 2 2 2 2 8
left_child=2 4 -1 -4 -2 -3
right_child=1 5 3 -5 -6 -7
leaf_value=-0.10890842721087507 -0.024996558406176626 0.096617922121115335 0.028376575102601151 -0.037206772508663742 0.032596811987850104 0.2097793254749219
leaf_weight=596 487 504 403 2744 3556 123
leaf_count=596 487 504 403 2744 3556 123
internal_value=0.00292447 0.0387562 -0.0417656 -0.028745 0.0256148 0.121762
internal_weight=8413 4670 3743 3147 4043 627
internal_count=8413 4670 3743 3147 4043 627
is_linear=0
shrinkage=0.03


Tree=99
num_leaves=7
num_cat=0
split_feature=1 1 29 28 35 22
split_gain=15546.8 5766.05 4330.03 2602.19 1903.36 1731.51
threshold=257.7800808193852 -198.13041811573791 2.0910178006425384 -1.4695799024998613 -0.053732784706665294 -0.20546647861060044
decision_type=2 2 2 2 2 2
left_child=1 3 4 -1 -2 -5
right_child=2 -3 -4 5 -6 -7
leaf_value=-0.1331607851927365 -0.031292974752203752 -0.0074415590113637645 0.13905793762888227 0.005842257132791899 0.053234437974762371 -0.073504068765172639
leaf_weight=469 269 4139 515 356 1829 792
leaf_count=469 269 4139 515 356 1829 792
internal_value=0.00127721 -0.0262697 0.0618272 -0.0741217 0.0422995 -0.0490604
internal_weight=8369 5756 2613 1617 2098 1148
internal_count=8369 5756 2613 1617 2098 1148
is_linear=0
shrinkage=0.03


Tree=100
num_leaves=7
num_cat=0
split_feature=13 1 10 16 30 21
split_gain=15144.7 5304.47 4811.12 1647.59 1497.8 1399.06
threshold=8.5810365591762281 823.3784385102457 -0.95375544434204229 1.3457765085043933 -0.069313945424062995 -0.057185214956463122
decision_type=8 2 2 2 2 2
left_child=2 3 -1 -2 -4 -3
right_child=1 5 4 -5 -6 -7
leaf_value=-0.081758671568632382 0.035775144419978526 0.092702043076624746 -0.040858690245414005 0.1074713456173461 -0.0015076568264070489 0.25288348760455842
leaf_weight=1144 2435 101 1206 322 3067 134
leaf_count=1144 2435 101 1206 322 3067 134
internal_value=0.00251611 0.0565809 -0.027395 0.0445069 -0.0126835 0.190633
internal_weight=8409 2992 5417 2757 4273 235
internal_count=8409 2992 5417 2757 4273 235
is_linear=0
shrinkage=0.03


Tree=101
num_leaves=7
num_cat=0
split_feature=1 1 1 15 8 7
split_gain=15465 6295.51 3287.42 1951.59 1946.9 1294.14
threshold=54.705938407302661 573.87692084080425 -462.3252624652672 -0.29938525803897292 0.87934410444988342 2.4283638559134997
decision_type=2 2 2 2 2 2
left_child=2 4 -1 -4 -2 -3
right_child=1 5 3 -5 -6 -7
leaf_value=-0.12427986290830154 0.011480459870181569 0.093725494907047971 -0.053541969609678226 -0.0082303548690206545 0.066211585388918734 0.19619257544099494
leaf_weight=395 3116 658 1946 1528 712 141
leaf_count=395 3116 658 1946 1528 712 141
internal_value=0.000964809 0.0379397 -0.0432379 -0.033693 0.0218063 0.11401
internal_weight=8496 4627 3869 3474 3828 799
internal_count=8496 4627 3869 3474 3828 799
is_linear=0
shrinkage=0.03


Tree=102
num_leaves=7
num_cat=0
split_feature=29 1 1 29 22 27
split_gain=14815.3 6588.52 3195.77 2848.44 1991.25 1968.4
threshold=1.0901818433269259 -54.903788350535926 -462.3252624652672 2.9769761283130731 -0.30116883746403783 0.67994272090381402
decision_type=2 2 2 2 2 2
left_child=1 2 -1 -2 -4 -3
right_child=3 5 4 -5 -6 -7
leaf_value=-0.1317448620458041 0.06639494535956203 -0.004909871202090659 0.0058930158029192863 0.20682018190827861 -0.056784859308044729 0.04820024524390442
leaf_weight=403 1612 3072 608 135 1796 779
leaf_count=403 1612 3072 608 135 1796 779
internal_value=0.0008624 -0.0195598 -0.0544275 0.0783617 -0.0409741 0.00593053
internal_weight=8405 6658 2807 1747 2404 3851
internal_count=8405 6658 2807 1747 2404 3851
is_linear=0
shrinkage=0.03


Tree=103
num_leaves=7
num_cat=0
split_feature=1 1 15 15 40 26
split_gain=14096.9 5086.32 3255.59 2735.04 1714.74 1383.05
threshold=257.7800808193852 -462.3252624652672 1.8213376752993 -0.29938525803897292 1.0000000180025095e-35 0.039634541359176101
decision_type=2 2 2 2 2 2
left_child=1 -1 4 -3 -2 -5
right_child=2 3 -4 5 -6 -7
leaf_value=-0.12834891169504928 0.031268561172699931 -0.043742870528264907 0.12787910740890945 0.021209578599987015 0.12044238960413339 -0.019555616059931006
leaf_weight=410 2024 2388 453 1381 207 1613
leaf_count=410 2024 2388 453 1381 207 1613
internal_value=-0.00142516 -0.0277556 0.0552874 -0.0198686 0.040043 -0.000744421
internal_weight=8476 5792 2684 5382 2231 2994
internal_count=8476 5792 2684 5382 2231 2994
is_linear=0
shrinkage=0.03


Tree=104
num_leaves=7
num_cat=0
split_feature=29 1 29 15 37 22
split_gain=13309.7 5053.19 3456.5 2436.56 1563.04 1428.64
threshold=0.018573166020018704 761.27316799336734 -1.3993877821851253 1.0812711571217981 3.9219243190762363 -0.075527785237922959
decision_type=2 2 2 2 2 2
left_child=2 3 -1 4 -2 -3
right_child=1 5 -4 -5 -6 -7
leaf_value=-0.093246038895186983 0.066175236217082878 0.058909130903419607 -0.024968678297797642 0.062766545615235411 0.0035270349143098271 0.19294234921670939
leaf_weight=850 405 124 3038 1178 2639 209
leaf_count=850 405 124 3038 1178 2639 209
internal_value=0.000618073 0.0353824 -0.0400965 0.0263168 0.0120517 0.146205
internal_weight=8443 4555 3888 4222 3044 333
internal_count=8443 4555 3888 4222 3044 333
is_linear=0
shrinkage=0.03


Tree=105
num_leaves=7
num_cat=0
split_feature=15 29 29 29 37 21
split_gain=11664.2 4396.6 3253.61 2224.31 2065.32 1884.89
threshold=0.69192574347762903 -2.4110196849497232 2.8181725707147933 -0.21727814488232647 4.7749040587885982 -0.23589673960782817
decision_type=2 2 2 2 2 2
left_child=1 -1 -2 5 -5 -3
right_child=2 3 -4 4 -6 -7
leaf_value=-0.17214185885407707 0.043089423465651755 0.00040758654186633271 0.17516473464545657 0.042843939042361924 -0.015634709154255688 -0.052385154944044755
leaf_weight=166 2283 842 173 717 2144 2185
leaf_count=166 2283 842 173 717 2144 2185
internal_value=-0.00194901 -0.0243181 0.0530654 -0.0198657 -0.000881094 -0.0377472
internal_weight=8510 6054 2456 5888 2861 3027
internal_count=8510 6054 2456 5888 2861 3027
is_linear=0
shrinkage=0.03


Tree=106
num_leaves=7
num_cat=0
split_feature=13 12 29 21 29 32
split_gain=12225.7 4215.65 3351.77 2028.67 1710.24 1458.34
threshold=10.069763721737095 -0.81016721204507658 2.9769761283130731 -0.30629875657745792 -0.18808419060240841 2.0642956468971456
decision_type=8 2 2 2 2 2
left_child=1 -1 5 -3 -5 -2
right_child=2 3 -4 4 -6 -7
leaf_value=-0.078726186195052547 0.033194984782823386 0.025526018809414741 0.19664434295335262 -0.04409520447876409 -0.0041091334433127295 0.093729819137147855
leaf_weight=1088 1976 951 129 1834 2019 435
leaf_count=1088 1976 951 129 1834 2019 435
internal_value=-0.00196532 -0.0256794 0.0529289 -0.0135269 -0.0232071 0.0444589
internal_weight=8432 5892 2540 4804 3853 2411
internal_count=8432 5892 2540 4804 3853 2411
is_linear=0
shrinkage=0.03


Tree=107
num_leaves=7
num_cat=0
split_feature=15 6 28 22 32 33
split_gain=13465.3 3931.98 3541.06 1655.33 1447.97 1350.21
threshold=0.38651676278282165 1.65019493670133 -1.2157898240431073 -0.08953018625954387 2.2208433140547132 -0.090163040724848001
decision_type=2 2 2 2 2 2
left_child=2 4 -1 -3 5 -2
right_child=1 3 -4 -5 -6 -7
leaf_value=-0.081700883361904619 0.084923192139342421 0.060689103375609496 -0.017509354190647652 0.16209390207589741 0.10134972536599779 0.016896450394615327
leaf_weight=941 290 289 4193 324 239 2187
leaf_count=941 290 289 4193 324 239 2187
internal_value=0.0010422 0.0479545 -0.0294108 0.116028 0.032221 0.0251703
internal_weight=8463 3329 5134 613 2716 2477
internal_count=8463 3329 5134 613 2716 2477
is_linear=0
shrinkage=0.03


Tree=108
num_leaves=7
num_cat=0
split_feature=15 29 28 29 32 21
split_gain=11600.2 3297.53 3246.11 1726.95 1538.05 1547.56
threshold=0.32607355047383313 2.0114643151311804 -0.96239734615806194 -2.4110196849497232 2.0642956468971456 -0.21051499092036033
decision_type=2 2 2 2 2 2
left_child=2 4 3 -1 -2 -6
right_child=1 -3 -4 -5 5 -7
leaf_value=-0.15789045690671252 0.021131523367025427 0.10796892222848817 -0.013930578330093309 -0.05504689047986875 -0.013445980832404034 0.12312212826392867
leaf_weight=164 2577 570 3561 1156 100 265
leaf_count=164 2577 570 3561 1156 100 265
internal_value=0.000983583 0.0424954 -0.028911 -0.0689155 0.0294874 0.0863454
internal_weight=8393 3512 4881 1320 2942 365
internal_count=8393 3512 4881 1320 2942 365
is_linear=0
shrinkage=0.03


Tree=109
num_leaves=7
num_cat=0
split_feature=15 6 28 28 37 5
split_gain=12277.4 4093.34 2435.06 1328.3 1707.15 1325.14
threshold=-0.041207602226232924 2.1223977816328072 -1.6363784357905427 0.88715159719506509 4.7317931335534196 -0.8399348169209423
decision_type=2 2 2 2 2 2
left_child=2 3 -1 4 -2 -4
right_child=1 -3 5 -5 -6 -7
leaf_value=-0.10028205143491324 0.056500500507311507 0.13784486542327687 0.020731604918498882 0.048209414631808972 0.00081565110508592849 -0.035393360897662082
leaf_weight=474 645 317 430 1714 2036 2836
leaf_count=474 645 317 430 1714 2036 2836
internal_value=0.00315775 0.0353378 -0.0373718 0.0276481 0.0143726 -0.0279632
internal_weight=8452 4712 3740 4395 2681 3266
internal_count=8452 4712 3740 4395 2681 3266
is_linear=0
shrinkage=0.03


Tree=110
num_leaves=7
num_cat=0
split_feature=28 29 29 1 1 8
split_gain=10533.1 3917.79 3363.38 2141.3 2042.76 1662.88
threshold=0.094855638932108202 2.8181725707147933 -2.4110196849497232 385.03185341013938 -108.8908468767754 -0.28922392160527988
decision_type=2 2 2 2 2 2
left_child=2 3 -1 -2 -4 -6
right_child=1 -3 4 -5 5 -7
leaf_value=-0.15914530052724532 0.014048659483222842 0.17734977767923299 -0.048071152773532612 0.059083900744272652 0.029742538262454557 -0.025409505533183271
leaf_weight=167 2673 160 1854 1472 776 1306
leaf_count=167 2673 160 1854 1472 776 1306
internal_value=0.00327509 0.0360149 -0.0310806 0.0301456 -0.0252575 -0.0048094
internal_weight=8408 4305 4103 4145 3936 2082
internal_count=8408 4305 4103 4145 3936 2082
is_linear=0
shrinkage=0.03


Tree=111
num_leaves=7
num_cat=0
split_feature=1 29 29 40 1 15
split_gain=11081.2 5096.31 2662.49 1628.85 1327.94 1312.26
threshold=31.810717329822641 2.0114643151311804 -2.4110196849497232 1.0000000180025095e-35 823.3784385102457 0.81906597691708272
decision_type=2 2 2 2 2 2
left_child=2 3 -1 5 -3 -2
right_child=1 4 -4 -5 -6 -7
leaf_value=-0.15055387850418603 0.0021305799845880188 0.076725165193663555 -0.032173845950956424 0.084902049992409787 0.17382255610736996 0.03879241018019907
leaf_weight=171 2681 391 3460 307 205 1298
leaf_count=171 2681 391 3460 307 205 1298
internal_value=0.00148222 0.0309743 -0.0381471 0.0194106 0.11244 0.0141574
internal_weight=8513 4882 3631 4286 596 3979
internal_count=8513 4882 3631 4286 596 3979
is_linear=0
shrinkage=0.03


Tree=112
num_leaves=7
num_cat=0
split_feature=29 7 29 1 23 1
split_gain=11384 4590.17 2993.39 2165.39 1732.68 1490.98
threshold=-0.079583526732254842 2.4283638559134997 -2.4110196849497232 400.89422768781509 -0.53971705102261536 -108.8908468767754
decision_type=2 2 2 2 2 2
left_child=2 3 -1 -2 -5 -4
right_child=1 -3 5 4 -6 -7
leaf_value=-0.15712410698939316 0.010426370661324432 0.1793661320588241 -0.049449371424119974 -0.038551368975376116 0.064687960296487393 -0.0098295220296269002
leaf_weight=175 3128 170 2051 157 1374 1471
leaf_count=175 3128 170 2051 157 1374 1471
internal_value=0.000299119 0.0306042 -0.039261 0.0248036 0.0539196 -0.0329764
internal_weight=8526 4829 3697 4659 1531 3522
internal_count=8526 4829 3697 4659 1531 3522
is_linear=0
shrinkage=0.03


Tree=113
num_leaves=7
num_cat=0
split_feature=29 29 29 22 37 12
split_gain=9036.92 3965.43 1946.38 1592.08 1327.71 1204.99
threshold=-0.21727814488232647 2.0114643151311804 -2.5538904661191926 -0.24278903316515291 4.9732735209982879 -0.84419475513784248
decision_type=2 2 2 2 2 2
left_child=2 4 -1 5 -2 -4
right_child=1 -3 3 -5 -6 -7
leaf_value=-0.14818354505463502 0.039336394446347553 0.097574246242143128 -0.046809271755668312 -0.049003866644816534 0.0041183153148370115 0.02298373475743503
leaf_weight=134 1354 572 339 2160 3290 605
leaf_count=134 1354 572 339 2160 3290 605
internal_value=-0.000690544 0.0237339 -0.0399871 -0.0348554 0.0144489 -0.00230759
internal_weight=8454 5216 3238 3104 4644 944
internal_count=8454 5216 3238 3104 4644 944
is_linear=0
shrinkage=0.03


Tree=114
num_leaves=7
num_cat=0
split_feature=29 1 15 27 1 22
split_gain=12017.8 4402.79 3069.42 1922.12 1351.63 2020.43
threshold=-0.066224701292260033 823.3784385102457 -1.4206227761253978 0.72840995111727713 -44.279275030331284 -0.2298473069445183
decision_type=2 2 2 2 2 2
left_child=2 3 -1 -2 5 -4
right_child=1 -3 4 -5 -6 -7
leaf_value=-0.10007656870465911 0.011900265669761463 0.15616198170184722 0.0084374603583821893 0.052069156199663839 0.0028394298213218739 -0.057473184357122689
leaf_weight=588 2794 243 574 1738 1009 1513
leaf_count=588 2794 243 574 1738 1009 1513
internal_value=0.00287373 0.0342517 -0.0377793 0.0273856 -0.0256635 -0.0393916
internal_weight=8459 4775 3684 4532 3096 2087
internal_count=8459 4775 3684 4532 3096 2087
is_linear=0
shrinkage=0.03


Tree=115
num_leaves=7
num_cat=0
split_feature=28 1 1 12 22 1
split_gain=9506.75 3942.04 3255.84 1589.43 1467.07 1253.67
threshold=0.082194263555786976 573.87692084080425 -462.3252624652672 -0.95830739982288027 -0.12113625505092904 823.3784385102457
decision_type=2 2 2 2 2 2
left_child=2 -2 -1 -4 -3 -6
right_child=1 4 3 -5 5 -7
leaf_value=-0.10999520510275583 0.021912675116776019 0.039370413599991716 -0.061982083924228451 -0.010477422809862911 0.090702912245138462 0.19863146520047273
leaf_weight=387 3557 276 645 3088 338 152
leaf_count=387 3557 276 645 3088 338 152
internal_value=0.00431089 0.0353486 -0.0282628 -0.0195184 0.0966532 0.127486
internal_weight=8443 4323 4120 3733 766 490
internal_count=8443 4323 4120 3733 766 490
is_linear=0
shrinkage=0.03


Tree=116
num_leaves=7
num_cat=0
split_feature=15 1 1 7 12 23
split_gain=10887.2 4046.7 2936.5 1895.33 1767.43 1493.99
threshold=0.44916166163169235 -462.3252624652672 235.20472619930652 2.4283638559134997 -0.61788627815249997 -0.34510263489931575
decision_type=2 2 2 2 2 2
left_child=1 -1 -2 5 -3 -4
right_child=2 4 3 -5 -6 -7
leaf_value=-0.11822205830486023 0.0028945454845261194 -0.049877356254799714 0.00070100861037899922 0.15870355909211295 -0.0095685271804798813 0.067725917939960995
leaf_weight=407 1116 1347 375 165 3539 1477
leaf_count=407 1116 1347 375 165 3539 1477
internal_value=-0.00224397 -0.0284633 0.0420015 0.0635182 -0.0207603 0.0542311
internal_weight=8426 5293 3133 2017 4886 1852
internal_count=8426 5293 3133 2017 4886 1852
is_linear=0
shrinkage=0.03


Tree=117
num_leaves=7
num_cat=0
split_feature=1 1 1 22 15 35
split_gain=9262.01 3540.62 2058.39 1589.33 2518 1581.67
threshold=367.52818267441222 -293.57354221415045 823.3784385102457 -0.18842880371060905 -1.0664514600807498 0.10631667881220755
decision_type=2 2 2 2 2 2
left_child=1 3 -2 4 -1 -3
right_child=2 5 -4 -5 -6 -7
leaf_value=-0.075939971601782244 0.046614948379089041 -0.014004686374189019 0.1403037099859975 -0.096346298588679213 0.073021739582735584 0.027713585772652583
leaf_weight=262 1650 4572 237 628 154 986
leaf_count=262 1650 4572 237 628 154 986
internal_value=0.000625961 -0.0161397 0.0590595 -0.0665551 -0.0203758 -0.0065673
internal_weight=8489 6602 1887 1044 416 5558
internal_count=8489 6602 1887 1044 416 5558
is_linear=0
shrinkage=0.03


Tree=118
num_leaves=7
num_cat=0
split_feature=13 28 32 29 21 27
split_gain=9974.52 3722.56 2288.88 1665.37 1515.22 1435.77
threshold=10.069763721737095 -0.96239734615806194 1.8785863321841121 -2.4110196849497232 -0.052190365277230012 0.72840995111727713
decision_type=8 2 2 2 2 2
left_child=1 3 -2 -1 -4 -3
right_child=2 5 4 -5 -6 -7
leaf_value=-0.15543099334995661 0.032856583273240869 -0.015195849464010071 0.052565562913753666 -0.053007415270967272 0.1507636491476291 0.03853287998523941
leaf_weight=158 1931 4081 313 1168 276 493
leaf_count=158 1931 4081 313 1168 276 493
internal_value=-0.000885838 -0.0222232 0.0489611 -0.0662838 0.100329 -0.00933337
internal_weight=8420 5900 2520 1326 589 4574
internal_count=8420 5900 2520 1326 589 4574
is_linear=0
shrinkage=0.03


Tree=119
num_leaves=7
num_cat=0
split_feature=10 29 29 37 13 13
split_gain=8664.32 3483.63 2283.8 1659.8 1237.16 1254.44
threshold=0.064256076336158777 2.9769761283130731 -2.4110196849497232 4.9732735209982879 14.004725394402064 0.20087438969828222
decision_type=2 2 2 2 10 10
left_child=2 3 -1 -2 5 -5
right_child=1 -3 -4 4 -6 -7
leaf_value=-0.13452924016037504 0.052345145158684242 0.17457169435918329 -0.026419855691499652 0.080216501141748123 0.039941561867589508 -0.0086352546772581612
leaf_weight=175 1303 134 3929 145 934 1839
leaf_count=175 1303 134 3929 145 934 1839
internal_value=-0.000108208 0.0293332 -0.0313456 0.0243207 0.0116707 -0.00177183
internal_weight=8459 4355 4104 4221 2918 1984
internal_count=8459 4355 4104 4221 2918 1984
is_linear=0
shrinkage=0.03


Tree=120
num_leaves=7
num_cat=0
split_feature=9 1 1 35 22 28
split_gain=8814.12 3564.93 2374.43 1802.21 1672.47 2266.97
threshold=0.56724807357982299 -271.49378283378877 823.3784385102457 0.10631667881220755 -0.18842880371060905 -1.3659517957456739
decision_type=2 2 2 2 2 2
left_child=1 4 -2 -3 5 -1
right_child=2 3 -4 -5 -6 -7
leaf_value=-0.089672519947136084 0.038115067312583031 -0.018929447318284002 0.14417681400227181 0.025562165602825482 -0.097715320969871469 0.044426691400540334
leaf_weight=214 2122 3949 201 1024 685 221
leaf_count=214 2122 3949 201 1024 685 221
internal_value=-0.00172846 -0.020686 0.0478708 -0.00973518 -0.0687931 -0.0220766
internal_weight=8416 6093 2323 4973 1120 435
internal_count=8416 6093 2323 4973 1120 435
is_linear=0
shrinkage=0.03


Tree=121
num_leaves=7
num_cat=0
split_feature=15 1 7 29 24 37
split_gain=7804.27 2542.11 2277.17 1472.12 1764.14 1469.74
threshold=0.38651676278282165 -129.9207699418192 2.4283638559134997 -2.5538904661191926 -0.59119315439877429 6.2547894266644208
decision_type=2 2 2 2 2 2
left_child=1 3 5 -1 -5 -2
right_child=2 -3 -4 4 -6 -7
leaf_value=-0.13664096139231696 0.043589250936982078 -0.0054368472380903121 0.14105988027004712 0.036508187103144664 -0.0518849201328061 -0.0010292806398793351
leaf_weight=150 2247 3109 168 225 1617 941
leaf_count=150 2247 3109 168 225 1617 941
internal_value=0.000927522 -0.0224335 0.0363965 -0.0488011 -0.0409489 0.0304572
internal_weight=8457 5101 3356 1992 1842 3188
internal_count=8457 5101 3356 1992 1842 3188
is_linear=0
shrinkage=0.03


Tree=122
num_leaves=7
num_cat=0
split_feature=28 10 12 37 21 18
split_gain=6661.17 3433.28 2195.1 2100.48 1739.6 1263.76
threshold=0.094855638932108202 2.2560064845125041 -0.81016721204507658 4.9732735209982879 -0.10609506316618224 -0.044394529110032548
decision_type=2 2 2 2 2 2
left_child=2 3 -1 5 -4 -2
right_child=1 -3 4 -5 -6 -7
leaf_value=-0.064088259703759184 -0.012302243850383273 0.14556349891967374 0.013494730677380405 0.0045782963866047178 -0.033198048110510012 0.064664022247742314
leaf_weight=1113 231 193 1178 2830 1812 1049
leaf_count=1113 231 193 1178 2830 1812 1049
internal_value=-0.000993359 0.0250559 -0.0283069 0.0190575 -0.0148184 0.0507863
internal_weight=8406 4303 4103 4110 2990 1280
internal_count=8406 4303 4103 4110 2990 1280
is_linear=0
shrinkage=0.03


Tree=123
num_leaves=7
num_cat=0
split_feature=1 1 12 22 37 12
split_gain=7696.48 4101.79 1925.31 2149.18 1875.8 1380.49
threshold=-54.903788350535926 823.3784385102457 -0.81016721204507658 -0.25774670633665897 5.310736838221497 -0.70469594338036778
decision_type=2 2 2 2 2 2
left_child=2 4 -1 -4 -2 -6
right_child=1 -3 3 -5 5 -7
leaf_value=-0.076176334900501269 0.039536535224202009 0.14216917786971425 0.031511317560374737 -0.040571601721445485 -0.059924357262407912 0.008462281716569894
leaf_weight=864 1947 233 490 1462 280 3158
leaf_count=864 1947 233 490 1462 280 3158
internal_value=0.00127981 0.0215619 -0.0391167 -0.0224086 0.0160896 0.00273505
internal_weight=8434 5618 2816 1952 5385 3438
internal_count=8434 5618 2816 1952 5385 3438
is_linear=0
shrinkage=0.03


Tree=124
num_leaves=7
num_cat=0
split_feature=1 1 29 24 27 12
split_gain=6761.23 2790.44 2186.53 1753.33 1617.06 1218.19
threshold=239.19743072273255 -462.3252624652672 2.8181725707147933 -0.29245954194163076 -0.099136832723806009 -0.90247788288475805
decision_type=2 2 2 2 2 2
left_child=1 -1 3 -2 -5 -3
right_child=2 5 -4 4 -6 -7
leaf_value=-0.094591372077425628 -0.011354613233307215 -0.04913456354306675 0.13966726406145902 -0.02677293385262601 0.054421868779793589 -0.0074578984248411685
leaf_weight=402 673 727 167 246 1765 4438
leaf_count=402 673 727 167 246 1765 4438
internal_value=-0.000195266 -0.0194292 0.0372984 0.0304342 0.0444062 -0.0134077
internal_weight=8418 5567 2851 2684 2011 5165
internal_count=8418 5567 2851 2684 2011 5165
is_linear=0
shrinkage=0.03


Tree=125
num_leaves=7
num_cat=0
split_feature=29 29 29 22 24 0
split_gain=6249.42 3015.47 2913.11 1728.88 1618.64 1497.67
threshold=0.15930550568987611 -2.5538904661191926 2.8181725707147933 -0.21388293137660588 -0.27409696229931718 1.0000000180025095e-35
decision_type=2 2 2 2 2 2
left_child=1 -1 4 -3 -2 -6
right_child=2 3 -4 -5 5 -7
leaf_value=-0.15967763440893359 -0.0093936028610427571 0.0086679383515243791 0.14824279483921568 -0.032350040611293526 -0.058079734005426105 0.039054447910551661
leaf_weight=132 1041 1368 164 2822 142 2759
leaf_count=132 1041 1368 164 2822 142 2759
internal_value=0.00152762 -0.0236254 0.0279969 -0.0189693 0.0226318 0.0341167
internal_weight=8428 4322 4106 4190 3942 2901
internal_count=8428 4322 4106 4190 3942 2901
is_linear=0
shrinkage=0.03


Tree=126
num_leaves=7
num_cat=0
split_feature=1 12 31 10 1 3
split_gain=7611.85 4374.55 1587.62 1311.33 1296.86 1069.11
threshold=431.9817901543999 -0.61788627815249997 0.038529824328096533 0.94064450623660545 -258.84885201741957 -0.60662651082698404
decision_type=2 2 2 2 2 2
left_child=1 4 -3 -2 -1 -6
right_child=3 2 -4 -5 5 -7
leaf_value=-0.085781766293691927 0.026019956950860266 -0.0092877166627472786 0.024795426035226564 0.086142556060027534 0.008006496510528394 -0.055385869476710252
leaf_weight=649 518 3462 1895 930 386 611
leaf_count=649 518 3462 1895 930 386 611
internal_value=0.00259386 -0.0103759 0.00279268 0.0649606 -0.0529917 -0.031007
internal_weight=8451 7003 5357 1448 1646 997
internal_count=8451 7003 5357 1448 1646 997
is_linear=0
shrinkage=0.03


Tree=127
num_leaves=7
num_cat=0
split_feature=1 1 1 21 18 22
split_gain=7705.02 3003.73 1689.8 1456.65 1398.3 1301.8
threshold=54.705938407302661 823.3784385102457 -462.3252624652672 -0.059057452132593065 0.85507102516804612 -0.32920125360325464
decision_type=2 2 2 2 2 2
left_child=2 4 -1 -3 -2 -4
right_child=1 3 5 -5 -6 -7
leaf_value=-0.088257962662571798 0.015591836973580794 0.036102646911466439 0.010833658522079067 0.18805712940508887 0.073738364873417797 -0.033395310081771601
leaf_weight=399 3990 101 765 139 402 2682
leaf_count=399 3990 101 765 139 402 2682
internal_value=0.000845177 0.0268797 -0.0304983 0.128112 0.0210694 -0.0235765
internal_weight=8478 4632 3846 240 4392 3447
internal_count=8478 4632 3846 240 4392 3447
is_linear=0
shrinkage=0.03


Tree=128
num_leaves=7
num_cat=0
split_feature=12 6 35 31 19 19
split_gain=5846.99 3508.32 2074.42 1294.18 1204.2 1379.76
threshold=-0.61788627815249997 2.1223977816328072 -0.0023846697657426835 0.036056619135409043 -0.16804545947746144 0.24209140014765537
decision_type=2 2 2 2 2 2
left_child=-1 2 -2 -4 -5 -6
right_child=1 -3 3 4 5 -7
leaf_value=-0.049248447848045059 -0.011419029411492291 0.10799593610768039 0.0075855539303137766 0.10728226819213318 0.010811267084927986 0.074258649444960523
leaf_weight=1658 2704 326 2098 220 910 460
leaf_count=1658 2704 326 2098 220 910 460
internal_value=0.00103293 0.0134971 0.00851639 0.0231242 0.0434518 0.0324985
internal_weight=8376 6718 6392 3688 1590 1370
internal_count=8376 6718 6392 3688 1590 1370
is_linear=0
shrinkage=0.03


Tree=129
num_leaves=7
num_cat=0
split_feature=28 1 29 37 28 30
split_gain=6080.95 3535.08 1597.62 1331.14 1271.98 1194.99
threshold=-0.3087026114365104 823.3784385102457 -2.5538904661191926 4.7749040587885982 0.88715159719506509 -0.021298029930656683
decision_type=2 2 2 2 2 2
left_child=2 3 -1 5 -5 -2
right_child=1 -3 -4 4 -6 -7
leaf_value=-0.13218905112466642 -0.017305014011534777 0.13067795854779971 -0.027983865316948041 -0.0057341813688478504 0.030029691372526517 0.054336672412729936
leaf_weight=130 254 239 2826 2664 1336 1086
leaf_count=130 254 239 2826 2664 1336 1086
internal_value=0.00172514 0.0201485 -0.0329969 0.0149666 0.00625605 0.0407292
internal_weight=8535 5579 2956 5340 4000 1340
internal_count=8535 5579 2956 5340 4000 1340
is_linear=0
shrinkage=0.03


Tree=130
num_leaves=7
num_cat=0
split_feature=29 18 13 22 37 13
split_gain=6079.37 2489.37 1706.01 1935.9 1636.4 1331.93
threshold=-0.21727814488232647 0.87368978992676616 -19.587626069901422 -0.20546647861060044 4.9732735209982879 14.004725394402064
decision_type=2 2 8 2 2 10
left_child=2 4 -1 -4 -2 -6
right_child=1 -3 3 -5 5 -7
leaf_value=-0.14152332919909327 0.041702181264203622 0.084504325733564437 0.0065310128025547684 -0.043469684568933395 -0.0075433516485475241 0.037260320309319431
leaf_weight=112 1374 494 1042 2080 2560 768
leaf_count=112 1374 494 1042 2080 2560 768
internal_value=0.00102621 0.0211118 -0.0312105 -0.0268139 0.0142865 0.00287661
internal_weight=8430 5196 3234 3122 4702 3328
internal_count=8430 5196 3234 3122 4702 3328
is_linear=0
shrinkage=0.03


Tree=131
num_leaves=7
num_cat=0
split_feature=9 1 7 24 30 24
split_gain=6168.05 3454.32 2206.89 1642.59 1538.77 1068.72
threshold=0.54830993659903993 -462.3252624652672 2.4283638559134997 -0.317474899979932 -0.085479580874975994 -0.12711803886746631
decision_type=2 2 2 2 2 2
left_child=1 -1 3 -2 5 -3
right_child=2 4 -4 -5 -6 -7
leaf_value=-0.10147798680134916 -0.012629808184868085 -0.0062101148264466586 0.14316748034084142 0.047623744206099661 -0.00056310113175374777 -0.060523025462180149
leaf_weight=382 531 571 169 1687 4285 758
leaf_count=382 531 571 169 1687 4285 758
internal_value=0.000872643 -0.0153659 0.0415568 0.0332068 -0.00933647 -0.0374083
internal_weight=8383 5996 2387 2218 5614 1329
internal_count=8383 5996 2387 2218 5614 1329
is_linear=0
shrinkage=0.03


Tree=132
num_leaves=7
num_cat=0
split_feature=15 29 29 34 24 1
split_gain=6170.35 3161.29 1935.19 1367.19 1218.53 1160.5
threshold=0.44916166163169235 -2.4110196849497232 2.0910178006425384 -0.0030574657059442576 -0.24457702614139168 -54.903788350535926
decision_type=2 2 2 2 2 2
left_child=1 -1 -2 4 -3 -5
right_child=2 3 -4 5 -6 -7
leaf_value=-0.14488096010684967 0.023107187575134813 0.00085929002051130323 0.086991982317110236 -0.023392698851800647 -0.051929915658221137 0.012389537642399046
leaf_weight=165 2629 567 503 1457 1274 1828
leaf_count=165 2629 567 503 1457 1274 1828
internal_value=0.000299451 -0.0194457 0.0336113 -0.0151338 -0.0357548 -0.00350383
internal_weight=8423 5291 3132 5126 1841 3285
internal_count=8423 5291 3132 5126 1841 3285
is_linear=0
shrinkage=0.03


Tree=133
num_leaves=7
num_cat=0
split_feature=1 1 29 22 30 32
split_gain=5934.56 3106.5 1478.19 1845.4 1571.34 1347.96
threshold=-100.51419099494591 573.87692084080425 -2.2974493358254651 -0.18842880371060905 -0.07304584266949847 -2.3242651024424439
decision_type=2 2 2 2 2 2
left_child=2 5 -1 4 -4 -2
right_child=1 -3 3 -5 -6 -7
leaf_value=-0.11563077497448433 0.086775167856097873 0.070039350817750423 -0.049565136214140708 -0.054041515710217584 0.037257587377711669 0.0034502504323874325
leaf_weight=210 171 783 296 1389 475 5083
leaf_count=210 171 783 296 1389 475 5083
internal_value=-0.00110731 0.0146882 -0.0412352 -0.0335028 0.00371703 0.00632189
internal_weight=8407 6037 2370 2160 771 5254
internal_count=8407 6037 2370 2160 771 5254
is_linear=0
shrinkage=0.03


Tree=134
num_leaves=7
num_cat=0
split_feature=15 30 1 21 7 37
split_gain=6191.71 2443.01 2160.86 1500.73 1440.54 1148.48
threshold=0.44916166163169235 -0.11954275875024993 823.3784385102457 -0.035023997148965404 -0.52478101282444201 6.2869283273353256
decision_type=2 2 2 2 2 2
left_child=1 4 5 -4 -1 -2
right_child=2 -3 3 -5 -6 -7
leaf_value=-0.086523902442185427 0.036598750117938443 -0.011149915305762531 0.03264929620058913 0.19042273478848593 -0.0094362593846718315 -0.0047628895058389421
leaf_weight=699 2104 4279 104 116 319 843
leaf_count=699 2104 4279 104 116 319 843
internal_value=-0.00132755 -0.0211554 0.031798 0.120501 -0.0626945 0.024791
internal_weight=8464 5297 3167 220 1018 2947
internal_count=8464 5297 3167 220 1018 2947
is_linear=0
shrinkage=0.03


Tree=135
num_leaves=7
num_cat=0
split_feature=30 29 1 23 18 16
split_gain=4966.39 2460.8 2211.66 1885.35 1082.86 1079.41
threshold=-0.021298029930656683 1.0901818433269259 -284.91001132841126 -0.21815930272454476 0.73802328254897709 -0.70131954031541566
decision_type=2 2 2 2 2 2
left_child=2 -2 5 -3 -4 -1
right_child=1 3 4 -5 -6 -7
leaf_value=-0.10879584909062977 0.0050355328196961284 -0.0012327716269909025 -0.020631277794439306 0.072216852960742511 0.052823025073894123 -0.036124887847051902
leaf_weight=377 3596 445 2363 1060 186 379
leaf_count=377 3596 445 2363 1060 186 379
internal_value=1.2829e-05 0.0185618 -0.0285856 0.0506344 -0.0150859 -0.0733115
internal_weight=8406 5101 3305 1505 2549 756
internal_count=8406 5101 3305 1505 2549 756
is_linear=0
shrinkage=0.03


Tree=136
num_leaves=7
num_cat=0
split_feature=15 29 15 37 21 30
split_gain=5358.81 2261.74 2085.63 1114.63 1440.78 1095.05
threshold=0.44916166163169235 -2.4110196849497232 1.8213376752993 6.0294818902459815 -0.4884697552316592 -0.12622867530555629
decision_type=2 2 2 2 2 2
left_child=1 -1 3 4 -2 -3
right_child=2 5 -4 -5 -6 -7
leaf_value=-0.12280760069912085 -0.04833889957452029 -0.046335979240264315 0.085330285589783811 -0.0054907200279635466 0.044077461047345716 -0.0090697885256286592
leaf_weight=173 161 845 510 999 1464 4224
leaf_count=173 161 845 510 999 1464 4224
internal_value=-0.000591068 -0.0191341 0.0303867 0.0194245 0.0346815 -0.015361
internal_weight=8376 5242 3134 2624 1625 5069
internal_count=8376 5242 3134 2624 1625 5069
is_linear=0
shrinkage=0.03


Tree=137
num_leaves=7
num_cat=0
split_feature=29 7 29 21 36 30
split_gain=5671.05 2574.13 1454.08 1117.96 1098.75 851.989
threshold=-0.035912144760886097 2.4283638559134997 -2.5538904661191926 -0.11973319773724676 1.0000000180025095e-35 -0.020365057559219461
decision_type=2 2 2 2 2 2
left_child=2 4 -1 -4 -2 -6
right_child=1 -3 3 -5 5 -7
leaf_value=-0.11863144365279642 0.0696578697406319 0.13396283150696361 -0.0015315130037990041 -0.035336172089813295 -0.0079453252822741325 0.022747315553642226
leaf_weight=136 347 173 1466 2198 1096 3106
leaf_count=136 347 173 1466 2198 1096 3106
internal_value=0.00162602 0.0235579 -0.0256176 -0.0218516 0.0190746 0.014742
internal_weight=8522 4722 3800 3664 4549 4202
internal_count=8522 4722 3800 3664 4549 4202
is_linear=0
shrinkage=0.03


Tree=138
num_leaves=7
num_cat=0
split_feature=27 6 30 32 30 23
split_gain=5263.18 2730.76 2090.57 1327.33 1252.08 1326.43
threshold=-0.0078304797239732386 2.1223977816328072 -0.070569280036090629 1.7895743601992598 -0.021298029930656683 -0.002324274934583509
decision_type=2 2 2 2 2 2
left_child=2 3 -1 4 5 -2
right_child=1 -3 -4 -5 -6 -7
leaf_value=-0.052186094626994126 -0.040559383059480598 0.10507721393301257 -0.0066057490257116804 0.053424167045799782 0.019939903799850247 0.041345607506565178
leaf_weight=1446 705 333 2405 737 2645 228
leaf_count=1446 705 333 2405 737 2645 228
internal_value=0.00209123 0.0235573 -0.0238114 0.0170378 0.00941492 -0.0203178
internal_weight=8499 4648 3851 4315 3578 933
internal_count=8499 4648 3851 4315 3578 933
is_linear=0
shrinkage=0.03


Tree=139
num_leaves=7
num_cat=0
split_feature=15 12 1 2 34 37
split_gain=4829.51 1927.23 1872.95 1695.47 1414.98 1389.43
threshold=0.44916166163169235 -0.81016721204507658 823.3784385102457 -0.92356609383777866 -0.0042046122044730799 4.8713658868283671
decision_type=2 2 2 2 2 2
left_child=1 5 -2 -3 -5 -1
right_child=2 3 -4 4 -6 -7
leaf_value=0.020862249432898619 0.023355152723627124 0.066382508740792254 0.11145911073596296 -0.037858933045518121 0.00031706728261062764 -0.066326207142852645
leaf_weight=194 2904 253 226 1295 2644 940
leaf_count=194 2904 253 226 1295 2644 940
internal_value=0.00053171 -0.0168403 0.0300514 -0.00740262 -0.0122979 -0.0513584
internal_weight=8456 5326 3130 4192 3939 1134
internal_count=8456 5326 3130 4192 3939 1134
is_linear=0
shrinkage=0.03


Tree=140
num_leaves=7
num_cat=0
split_feature=1 1 22 28 23 1
split_gain=4411.49 2842.07 1510.41 1539.47 1377.74 1463.45
threshold=427.37093987150223 -271.49378283378877 -0.18842880371060905 -1.5660275520831231 -0.52762736528581045 823.3784385102457
decision_type=2 2 2 2 2 2
left_child=1 2 3 -1 -2 -6
right_child=4 -3 -4 -5 5 -7
leaf_value=-0.070689578437313591 -0.029494956380258949 -0.00034193358524830587 -0.078532071208087889 0.041565841896327463 0.043689599899326435 0.1300509505585529
leaf_weight=184 179 5748 711 244 1136 205
leaf_count=184 179 5748 711 244 1136 205
internal_value=0.00127221 -0.00895267 -0.0520258 -0.0072056 0.047356 0.0577567
internal_weight=8407 6887 1139 428 1520 1341
internal_count=8407 6887 1139 428 1520 1341
is_linear=0
shrinkage=0.03


Tree=141
num_leaves=7
num_cat=0
split_feature=29 12 23 37 30 22
split_gain=3995.07 1870.63 1454.37 1594.3 1185.81 1099.5
threshold=1.1459911778019283 -0.81016721204507658 -0.34510263489931575 4.9732735209982879 -0.056545002832683995 -0.25333733282176096
decision_type=2 2 2 2 2 2
left_child=1 4 -2 -4 -1 -3
right_child=2 5 3 -5 -6 -7
leaf_value=-0.074297978163974751 -0.011030273000337704 0.020774618398983591 0.10017093827090201 0.031392035139789443 -0.012416696682492821 -0.0094791409113242769
leaf_weight=563 348 1448 487 816 552 4173
leaf_count=563 348 1448 487 816 552 4173
internal_value=0.00153068 -0.00873299 0.0432065 0.0576655 -0.0440453 -0.00166256
internal_weight=8387 6736 1651 1303 1115 5621
internal_count=8387 6736 1651 1303 1115 5621
is_linear=0
shrinkage=0.03


Tree=142
num_leaves=7
num_cat=0
split_feature=9 30 23 19 18 12
split_gain=4363.16 2488.19 1548.79 1390.79 1352.22 2167.02
threshold=0.5773079132388742 -0.056545002832683995 -0.025147575987678226 0.39619163151876319 0.75008562349105434 1.3806617136061037
decision_type=2 2 2 2 2 2
left_child=1 3 4 -1 5 -2
right_child=2 -3 -4 -5 -6 -7
leaf_value=-0.045165511006503484 0.015475189226487043 0.001081619990456888 0.066028524243441425 0.058637058831453322 0.061226757592623575 -0.10625923563923256
leaf_weight=1973 832 4034 907 115 401 146
leaf_count=1973 832 4034 907 115 401 146
internal_value=0.000511584 -0.0126972 0.0357866 -0.0391962 0.0155636 -0.0035894
internal_weight=8408 6122 2286 2088 1379 978
internal_count=8408 6122 2286 2088 1379 978
is_linear=0
shrinkage=0.03


Tree=143
num_leaves=7
num_cat=0
split_feature=1 1 26 15 29 22
split_gain=5618.63 1953.64 1853.34 1692.77 1345.75 1626.88
threshold=367.52818267441222 -54.903788350535926 -0.24824933562593976 1.6787357953225539 -2.6807730665302878 -0.2298473069445183
decision_type=2 2 2 2 2 2
left_child=1 4 -3 -2 -1 -6
right_child=3 2 -4 -5 5 -7
leaf_value=-0.13374624704892657 0.028606021244079887 0.03841921945205766 -0.010671982125709521 0.093641802166369359 0.0078970474532760928 -0.042988598737142766
leaf_weight=103 1367 901 2871 487 807 1858
leaf_count=103 1367 901 2871 487 807 1858
internal_value=0.000145199 -0.0129329 0.00112478 0.0461 -0.0320245 -0.0276078
internal_weight=8394 6540 3772 1854 2768 2665
internal_count=8394 6540 3772 1854 2768 2665
is_linear=0
shrinkage=0.03


Tree=144
num_leaves=7
num_cat=0
split_feature=15 18 34 33 23 30
split_gain=3717.97 1842.39 1617.65 1351.45 1246.35 1516.86
threshold=-0.29938525803897292 1.2402894170566632 -0.0018101662063876617 0.044551320398788716 0.073073570453829978 -0.021298029930656683
decision_type=2 2 2 2 2 2
left_child=2 4 -1 -4 5 -2
right_child=1 -3 3 -5 -6 -7
leaf_value=-0.054913602214490556 -0.020195502715251761 0.1229040266258849 -0.025366332485094657 0.035029682325606312 0.053753425401959626 0.016563918771067328
leaf_weight=1205 1419 125 1257 443 533 3441
leaf_count=1205 1419 125 1257 443 533 3441
internal_value=-0.00105631 0.0134014 -0.0284702 -0.00951503 0.0106405 0.00581164
internal_weight=8423 5518 2905 1700 5393 4860
internal_count=8423 5518 2905 1700 5393 4860
is_linear=0
shrinkage=0.03


Tree=145
num_leaves=7
num_cat=0
split_feature=13 1 24 22 15 15
split_gain=4832.74 2188.92 1866.78 1613.71 2352.01 1433.47
threshold=10.069763721737095 -284.91001132841126 -0.20925341406821921 -0.17441468061303836 -1.4504639578870098 1.2544355447242883
decision_type=8 2 2 2 2 2
left_child=1 3 5 4 -1 -2
right_child=2 -3 -4 -5 -6 -7
leaf_value=-0.085870897453658432 -0.036161784691537947 -0.0049380063521431315 0.053626265644252491 -0.084040907347711108 0.052594256945278327 0.041105751669639722
leaf_weight=186 460 4800 1723 605 243 390
leaf_count=186 460 4800 1723 605 243 390
internal_value=0.0015943 -0.0135115 0.0357648 -0.0528827 -0.00802813 -0.000643882
internal_weight=8407 5834 2573 1034 429 850
internal_count=8407 5834 2573 1034 429 850
is_linear=0
shrinkage=0.03


Tree=146
num_leaves=7
num_cat=0
split_feature=15 29 29 35 21 30
split_gain=4063.62 1749.46 1554.25 1327.57 971.981 897.596
threshold=0.32607355047383313 2.9769761283130731 -2.4110196849497232 -0.0010332781456458609 -0.024472854465582911 0.030694540266957383
decision_type=2 2 2 2 2 2
left_child=2 3 -1 -2 -4 -6
right_child=1 -3 4 -5 5 -7
leaf_value=-0.10981738669797778 -0.01268123709221867 0.12828947922807524 -0.0073340866020164238 0.028687914083974444 -0.047070807735726701 0.0026151870321227265
leaf_weight=162 973 122 2980 2419 1366 428
leaf_count=162 973 122 2980 2419 1366 428
internal_value=-0.00358038 0.0210419 -0.0211164 0.0168187 -0.0178831 -0.0352683
internal_weight=8450 3514 4936 3392 4774 1794
internal_count=8450 3514 4936 3392 4774 1794
is_linear=0
shrinkage=0.03


Tree=147
num_leaves=7
num_cat=0
split_feature=27 37 1 23 13 11
split_gain=3680.43 2285.99 1387.04 1290.08 1323.17 980.947
threshold=1.0000000180025095e-35 5.2806591939842535 -462.3252624652672 -0.025147575987678226 8.1204463565698077 0.9517192050287494
decision_type=2 2 2 2 8 2
left_child=2 3 -1 -2 -5 -3
right_child=1 5 -4 4 -6 -7
leaf_value=-0.076639092417881458 0.023365787831589286 -0.0099095661006734642 -0.016676261438183012 0.0091296881116353559 0.10423120969674354 0.029118732086170031
leaf_weight=377 1005 2087 3505 185 465 791
leaf_count=377 1005 2087 3505 185 465 791
internal_value=-0.00127315 0.0170702 -0.0226815 0.0450489 0.0777123 0.000880798
internal_weight=8415 4533 3882 1655 650 2878
internal_count=8415 4533 3882 1655 650 2878
is_linear=0
shrinkage=0.03


Tree=148
num_leaves=7
num_cat=0
split_feature=15 18 1 23 24 35
split_gain=3703.24 2480.9 1432.48 2000.76 1830.13 1420.05
threshold=-0.64616589719287576 0.81314705225230399 406.04529902068651 -0.23837192791222064 -0.8842052163529871 -0.26366988245597461
decision_type=2 2 2 2 2 2
left_child=5 2 4 -4 -2 -1
right_child=1 -3 3 -5 -6 -7
leaf_value=-0.11602619285357064 0.075542676007201853 0.068659167682516925 -0.035304928521744931 0.055154250172656495 -0.0066568517084501407 -0.027082332282937518
leaf_weight=169 248 608 279 938 4413 1827
leaf_count=169 248 608 279 938 4413 1827
internal_value=0.000476012 0.011478 0.00545684 0.0342976 -0.00213086 -0.035154
internal_weight=8482 6486 5878 1217 4661 1996
internal_count=8482 6486 5878 1217 4661 1996
is_linear=0
shrinkage=0.03


Tree=149
num_leaves=7
num_cat=0
split_feature=15 25 9 24 24 37
split_gain=4588.71 1745.63 1576.62 1174.29 1255.51 834.362
threshold=-0.26744070025078148 -2.1882339342266142 0.55779594173111613 -0.27855297674068891 0.0046206130052057247 7.2156074906907826
decision_type=2 2 2 2 2 2
left_child=1 -1 -2 -4 -5 -3
right_child=2 5 3 4 -6 -7
leaf_value=-0.11322020191037765 0.0019673307958528586 -0.027287858192289412 -0.00079630579686935108 0.069085959673197153 0.015221933151557251 0.057301305911080402
leaf_weight=204 3201 2731 611 986 651 100
leaf_count=204 3201 2731 611 986 651 100
internal_value=-0.000945149 -0.0304506 0.0155145 0.0347107 0.0478879 -0.0241087
internal_weight=8484 3035 5449 2248 1637 2831
internal_count=8484 3035 5449 2248 1637 2831
is_linear=0
shrinkage=0.03


Tree=150
num_leaves=7
num_cat=0
split_feature=12 1 36 35 21 35
split_gain=3672.02 1935.59 1227.37 1068.42 1053.72 979.548
threshold=-0.61788627815249997 573.87692084080425 4.4942230200312032 -0.21876702937162498 -0.06764328042009625 -0.073241146031048907
decision_type=2 2 2 2 2 2
left_child=2 -2 5 -4 -3 -1
right_child=1 4 3 -5 -6 -7
leaf_value=-0.036789534634458804 0.0037188173902874839 0.01729654006253455 -0.12628444602537267 -0.042388104972890604 0.08834917681681119 0.0682219959543897
leaf_weight=157 6004 368 149 1198 387 144
leaf_count=157 6004 368 149 1198 387 144
internal_value=-0.000349773 0.00945157 -0.0403629 -0.0525306 0.0543957 0.0140268
internal_weight=8407 6759 1648 1347 755 301
internal_count=8407 6759 1648 1347 755 301
is_linear=0
shrinkage=0.03


Tree=151
num_leaves=7
num_cat=0
split_feature=12 29 35 19 31 32
split_gain=3846.72 2616.72 1338.89 1251.89 1227.3 1022.03
threshold=-0.43747110491655322 2.8181725707147933 -0.0010332781456458609 -0.21105337024350726 -0.18260706565519508 1.7895743601992598
decision_type=2 2 2 2 2 2
left_child=4 2 -2 -4 -1 -5
right_child=1 -3 3 5 -6 -7
leaf_value=-0.09515356937266943 -0.0082036564714596683 0.12393011225417989 0.083379777175845299 0.0075825539752005563 -0.025588939292839674 0.049810040027203295
leaf_weight=252 2488 173 253 2816 1917 623
leaf_count=252 2488 173 253 2816 1917 623
internal_value=0.000332078 0.0121127 0.00878743 0.0202288 -0.0340707 0.0153546
internal_weight=8522 6353 6180 3692 2169 3439
internal_count=8522 6353 6180 3692 2169 3439
is_linear=0
shrinkage=0.03


Tree=152
num_leaves=7
num_cat=0
split_feature=9 16 29 32 24 19
split_gain=2924.65 1542.65 1284.29 1105.71 1142.75 1090.28
threshold=0.62917760927426836 -1.4148460785564176 2.8181725707147933 2.2208433140547132 0.12077146914492533 -0.5991085396127559
decision_type=2 2 2 2 2 2
left_child=1 -1 3 4 -2 -3
right_child=2 5 -4 -5 -6 -7
leaf_value=-0.089902747209834044 0.021017877009878262 0.063219392599243876 0.10987915791404833 0.070897865770927937 -0.061102737586287884 -0.0098071675684431054
leaf_weight=202 1495 180 158 350 160 5927
leaf_count=202 1495 180 158 350 160 5927
internal_value=-5.36217e-06 -0.0103296 0.0300172 0.0232098 0.0127594 -0.00755492
internal_weight=8472 6309 2163 2005 1655 6107
internal_count=8472 6309 2163 2005 1655 6107
is_linear=0
shrinkage=0.03


Tree=153
num_leaves=7
num_cat=0
split_feature=15 29 37 14 33 11
split_gain=2853.03 1969.93 1004.69 1044.81 1019.72 1225.87
threshold=-0.35126488916778581 2.8181725707147933 4.9163179057820896 -0.13334710882465509 -0.10152206550328435 -0.33948752997305137
decision_type=2 2 2 8 2 2
left_child=-1 2 3 -2 -4 -6
right_child=1 -3 4 -5 5 -7
leaf_value=-0.025017483150650159 -0.031560108031372769 0.11062037915496503 0.043213425404763063 0.038971335116149294 0.037116318050252423 -0.012172987808956431
leaf_weight=2769 212 167 442 1344 526 2967
leaf_count=2769 212 167 442 1344 526 2967
internal_value=-0.000117945 0.0120904 0.00889814 0.0292215 0.000808068 -0.0046659
internal_weight=8427 5658 5491 1556 3935 3493
internal_count=8427 5658 5491 1556 3935 3493
is_linear=0
shrinkage=0.03


Tree=154
num_leaves=7
num_cat=0
split_feature=15 30 1 9 23 37
split_gain=3180.37 1546.47 1116.45 1055.58 1161.79 986.693
threshold=0.44916166163169235 -0.12622867530555629 139.52963068410352 -1.2592729133046352 -0.2763687057965511 4.8713658868283671
decision_type=2 2 2 2 2 2
left_child=1 3 -2 -1 -5 -4
right_child=2 -3 5 4 -6 -7
leaf_value=-0.11726395650580525 -0.010047000347593874 -0.00921697347109178 0.060079700319332414 0.026541758331569652 -0.056616127206372616 0.018217796676176009
leaf_weight=170 774 4320 732 196 585 1645
leaf_count=170 774 4320 732 196 585 1645
internal_value=-0.00265456 -0.0168976 0.0211492 -0.0513283 -0.0356751 0.0313069
internal_weight=8422 5271 3151 951 781 2377
internal_count=8422 5271 3151 951 781 2377
is_linear=0
shrinkage=0.03


Tree=155
num_leaves=7
num_cat=0
split_feature=15 15 15 5 32 3
split_gain=3280.07 1747.07 1403.89 1388.03 1216.86 1236.44
threshold=-0.26744070025078148 1.7144148519819931 -1.6586962420114981 -0.53645847962113857 -0.033574483519023625 -0.46344885807037678
decision_type=2 2 2 2 2 2
left_child=2 -2 -1 -4 5 -5
right_child=1 -3 3 4 -6 -7
leaf_value=-0.074175180908292532 0.009285985641890919 0.063316825855971356 0.016959108837278511 0.013005387825423508 -0.0033447486051219571 -0.069913569301030321
leaf_weight=415 4834 597 819 201 836 765
leaf_count=415 4834 597 819 201 836 765
internal_value=0.00137793 0.0153308 -0.0235502 -0.0152829 -0.0299495 -0.0527038
internal_weight=8467 5431 3036 2621 1802 966
internal_count=8467 5431 3036 2621 1802 966
is_linear=0
shrinkage=0.03


Tree=156
num_leaves=7
num_cat=0
split_feature=15 1 15 24 3 34
split_gain=2980.42 1993.84 1837.64 1198.98 1327.21 957.576
threshold=0.32607355047383313 823.3784385102457 -2.0130816957803859 -0.29245954194163076 0.36310283254780001 0.014580767852657594
decision_type=2 2 2 2 2 2
left_child=2 3 -1 4 -2 -5
right_child=1 -3 -4 5 -6 -7
leaf_value=-0.10256886113758967 0.034027553690984001 0.10815368364892296 -0.011187846177872577 0.035824275006853798 -0.042737474916005685 -0.0091961552075657017
leaf_weight=197 308 212 4724 1905 552 542
leaf_count=197 308 212 4724 1905 552 542
internal_value=1.71136e-05 0.0210654 -0.0150466 0.0151732 -0.0151698 0.0258556
internal_weight=8440 3519 4921 3307 860 2447
internal_count=8440 3519 4921 3307 860 2447
is_linear=0
shrinkage=0.03


Tree=157
num_leaves=7
num_cat=0
split_feature=1 1 21 12 36 21
split_gain=3580.67 1832.78 1826.1 1142.97 1120.85 1105.44
threshold=-44.279275030331284 761.27316799336734 -0.30006184028296345 0.25326143359386788 2.249904835165133 -0.06764328042009625
decision_type=2 2 2 2 2 2
left_child=2 4 -1 -4 -2 -3
right_child=1 5 3 -5 -6 -7
leaf_value=0.017852711519595676 0.062978974646430902 0.021844649813391945 -0.047818035851362614 0.010648134777705145 0.0076633012382199784 0.13148759696593409
leaf_weight=671 344 155 1854 355 4881 180
leaf_count=671 344 155 1854 355 4881 180
internal_value=0.0018076 0.0158641 -0.0252902 -0.0384165 0.0114185 0.0828609
internal_weight=8440 5560 2880 2209 5225 335
internal_count=8440 5560 2880 2209 5225 335
is_linear=0
shrinkage=0.03


Tree=158
num_leaves=7
num_cat=0
split_feature=1 22 29 35 41 1
split_gain=2709.74 1599.63 1323.75 1073.9 1066.13 1052.59
threshold=54.705938407302661 -0.18137263803758705 2.8181725707147933 -0.26366988245597461 1.0000000180025095e-35 -284.91001132841126
decision_type=2 2 2 2 2 2
left_child=1 3 4 -1 -2 -3
right_child=2 5 -4 -5 -6 -7
leaf_value=-0.071655670830651247 0.02443472823007057 -0.064264078877507624 0.097925046262111556 0.016950751803715757 -0.007154921697713118 -0.019299709851612248
leaf_weight=126 3006 634 168 1299 1406 1777
leaf_count=126 3006 634 168 1299 1406 1777
internal_value=0.0020844 -0.0164928 0.0176458 0.00867133 0.0143744 -0.0313402
internal_weight=8416 3836 4580 1425 4412 2411
internal_count=8416 3836 4580 1425 4412 2411
is_linear=0
shrinkage=0.03


Tree=159
num_leaves=7
num_cat=0
split_feature=1 1 22 22 28 19
split_gain=2712.97 2040.7 1580.52 1056.58 1421.95 1047.67
threshold=573.87692084080425 -266.53473075149071 -0.11867217870853226 -0.20546647861060044 -0.73230437005940974 -0.40615952954589274
decision_type=2 2 2 2 2 2
left_child=1 3 -2 4 -1 -3
right_child=2 5 -4 -5 -6 -7
leaf_value=-0.03278859972027888 -0.002397724189221451 0.048901317373383789 0.086025400642963004 -0.061087418692846465 0.089874563971451951 -0.00031163951833997755
leaf_weight=334 282 406 500 752 103 6069
leaf_count=334 282 406 500 752 103 6069
internal_value=0.00164963 -0.00380813 0.0545111 -0.0397599 -0.00251332 0.00284479
internal_weight=8446 7664 782 1189 437 6475
internal_count=8446 7664 782 1189 437 6475
is_linear=0
shrinkage=0.03


Tree=160
num_leaves=7
num_cat=0
split_feature=9 1 30 23 24 1
split_gain=3455.89 1956.14 1386.14 1248.22 1078.01 940.037
threshold=0.5773079132388742 -630.72411552148458 -0.039087000896922262 -0.30348288841558696 -0.27855297674068891 135.73990129373547
decision_type=2 2 2 2 2 2
left_child=1 -1 3 -3 -2 -6
right_child=4 2 -4 -5 5 -7
leaf_value=-0.1223224335439972 -0.0036046384588855249 0.0092731028581394537 0.0014753519330118216 -0.041130267065152507 -0.0025626677049453866 0.053449006400230911
leaf_weight=133 619 591 3664 1709 334 1371
leaf_count=133 619 591 3664 1709 334 1371
internal_value=-0.000775383 -0.0126415 -0.00999487 -0.0281947 0.030276 0.0425257
internal_weight=8421 6097 5964 2300 2324 1705
internal_count=8421 6097 5964 2300 2324 1705
is_linear=0
shrinkage=0.03


Tree=161
num_leaves=7
num_cat=0
split_feature=18 13 31 1 23 21
split_gain=2427.22 1965.78 1276.14 1112.47 1390.8 1177.17
threshold=1.2402894170566632 -19.587626069901422 -0.25872291820661059 367.52818267441222 -0.52762736528581045 0.04004057092542429
decision_type=2 8 2 2 2 2
left_child=1 -1 -3 5 -5 -4
right_child=-2 2 3 4 -6 -7
leaf_value=-0.123632794780464 0.1263104640045305 -0.076122079709642812 0.00033806417009980149 -0.051386464957555 0.032983282333545805 -0.048910050742896428
leaf_weight=106 127 180 5859 189 1561 462
leaf_count=106 127 180 5859 189 1561 462
internal_value=0.00105831 -0.000993811 0.000729475 0.0025355 0.0236312 -0.00333304
internal_weight=8484 8357 8251 8071 1750 6321
internal_count=8484 8357 8251 8071 1750 6321
is_linear=0
shrinkage=0.03


Tree=162
num_leaves=7
num_cat=0
split_feature=1 9 1 22 22 28
split_gain=3552.77 2042.6 1284.36 1136.2 1081.83 1695.41
threshold=-284.91001132841126 0.56724807357982299 802.57073967256395 -0.038536883759987102 -0.178165684965397 -0.90867457541024577
decision_type=2 2 2 2 2 2
left_child=4 -2 -3 -4 5 -1
right_child=1 2 3 -5 -6 -7
leaf_value=-0.052181983217597004 -0.0042995749199976289 0.021954930076877939 0.016213159126204413 0.14943999016722601 -0.0774873968088335 0.076974419119746187
leaf_weight=306 5010 2085 101 133 618 119
leaf_count=306 5010 2085 101 133 618 119
internal_value=-0.000911549 0.00648335 0.0296974 0.0949573 -0.0524424 -0.01508
internal_weight=8372 7329 2319 234 1043 425
internal_count=8372 7329 2319 234 1043 425
is_linear=0
shrinkage=0.03


Tree=163
num_leaves=7
num_cat=0
split_feature=29 30 37 7 11 9
split_gain=2790.05 1364.9 1212.77 1072.69 999.339 953.504
threshold=1.0901818433269259 -0.044720037365491488 3.7494348669884658 2.4283638559134997 0.31626479834341609 1.1235668625472091
decision_type=2 2 2 2 2 2
left_child=1 -1 -2 4 -4 -6
right_child=2 -3 3 -5 5 -7
leaf_value=-0.026172304851089009 0.092122966536657053 0.0019248363112903792 0.07846538288868031 0.10125768525408699 0.02544264522326628 -0.028555303759779195
leaf_weight=2491 260 4115 182 133 759 467
leaf_count=2491 260 4115 182 133 759 467
internal_value=0.000338117 -0.00869362 0.0333313 0.0228818 0.0148165 0.00480948
internal_weight=8407 6606 1801 1541 1408 1226
internal_count=8407 6606 1801 1541 1408 1226
is_linear=0
shrinkage=0.03


Tree=164
num_leaves=7
num_cat=0
split_feature=29 7 36 2 2 23
split_gain=2258.4 1456.38 1405.38 1261.07 1121.87 1034.18
threshold=-0.21727814488232647 2.4283638559134997 6.6207394291472461 -0.26046991768813849 -0.08893091585422476 -0.075147693018032591
decision_type=2 2 2 2 2 2
left_child=2 3 -1 -2 5 -5
right_child=1 -3 -4 4 -6 -7
leaf_value=-0.026684254176784501 0.052271616843792737 0.096838586862947121 0.026406962094667495 -0.090464843425677344 0.010113249582369416 0.0024891908005502121
leaf_weight=2737 571 173 528 191 4123 231
leaf_count=2737 571 173 528 191 4123 231
internal_value=0.00154263 0.0136452 -0.0180442 0.0106485 0.00531603 -0.0407026
internal_weight=8554 5289 3265 5116 4545 422
internal_count=8554 5289 3265 5116 4545 422
is_linear=0
shrinkage=0.03


Tree=165
num_leaves=7
num_cat=0
split_feature=9 28 14 24 24 29
split_gain=2750.94 1475.57 1613.4 1365.31 1470.9 1345.13
threshold=0.5773079132388742 -0.96239734615806194 -0.82568833499032412 -0.17296530673374783 0.0036943100130318678 1.6076069884785051
decision_type=2 2 8 2 2 2
left_child=1 -1 -3 -2 -5 -4
right_child=3 2 5 4 -6 -7
leaf_value=-0.038385024191762922 -0.0024172835560691895 0.080255254349062721 -0.009178674672810902 0.072498727149181208 0.012293006500755993 0.086263750837232075
leaf_weight=1327 856 192 4480 797 676 127
leaf_count=1327 856 192 4480 797 676 127
internal_value=4.04934e-05 -0.0105123 -0.00274123 0.0277239 0.0451379 -0.0063665
internal_weight=8455 6126 4799 2329 1473 4607
internal_count=8455 6126 4799 2329 1473 4607
is_linear=0
shrinkage=0.03


Tree=166
num_leaves=7
num_cat=0
split_feature=9 12 24 32 36 9
split_gain=2686.58 1576.23 1227.61 1882.23 1091.31 1048.8
threshold=0.55779594173111613 -0.81016721204507658 -0.17296530673374783 2.2208433140547132 3.8176519431297078 0.40018288200211954
decision_type=2 2 2 2 2 2
left_child=1 4 -2 -4 -1 -3
right_child=2 5 3 -5 -6 -7
leaf_value=0.043508614530005756 -0.0018736763688780012 0.0019677117068162661 0.028474250749644704 0.11928994869500398 -0.051413960611105085 -0.040971195091314888
leaf_weight=114 809 4415 1219 240 1042 569
leaf_count=114 809 4415 1219 240 1042 569
internal_value=-5.04651e-05 -0.010359 0.02778 0.0441234 -0.0417602 -0.00300665
internal_weight=8408 6140 2268 1459 1156 4984
internal_count=8408 6140 2268 1459 1156 4984
is_linear=0
shrinkage=0.03


Tree=167
num_leaves=7
num_cat=0
split_feature=13 31 24 15 32 24
split_gain=2406.43 2236.71 1417.01 1090.65 1081.54 1045.87
threshold=9.9465881021851867 -0.25872291820661059 -0.11538537017004948 1.2544355447242883 1.9053805874027565 0.12077146914492533
decision_type=8 2 2 2 2 2
left_child=1 -1 3 -2 5 -4
right_child=2 -3 4 -5 -6 -7
leaf_value=-0.11313288853533805 -0.026093808123547779 -0.0073828979179497599 0.041768170584292448 0.031596062982279176 0.093870834835163008 -0.039071188991268477
leaf_weight=176 655 5679 961 520 299 161
leaf_count=176 655 5679 961 520 299 161
internal_value=-9.08503e-05 -0.0107492 0.0238969 -0.000511788 0.0439426 0.0299255
internal_weight=8451 5855 2596 1175 1421 1122
internal_count=8451 5855 2596 1175 1421 1122
is_linear=0
shrinkage=0.03


Tree=168
num_leaves=7
num_cat=0
split_feature=28 27 35 30 18 6
split_gain=2607.05 1178.48 1058.34 1009.51 919.529 906.279
threshold=0.094855638932108202 -1.2886884899173798 -0.19648930511287802 -0.020365057559219461 -0.75859562774085709 1.8587610470429092
decision_type=2 2 2 2 2 2
left_child=1 2 -1 -2 -3 -5
right_child=3 4 -4 5 -6 -7
leaf_value=-0.13278343797457864 -0.0094191858787833118 0.047310897592455145 -0.033167638479713386 0.019537074482351421 -0.013482737252817146 0.068459754691849492
leaf_weight=117 967 230 441 2924 3387 379
leaf_count=117 967 230 441 2924 3387 379
internal_value=0.00100316 -0.0158347 -0.0560248 0.017465 -0.00949717 0.0253404
internal_weight=8445 4175 558 4270 3617 3303
internal_count=8445 4175 558 4270 3617 3303
is_linear=0
shrinkage=0.03


Tree=169
num_leaves=7
num_cat=0
split_feature=1 37 1 21 10 22
split_gain=2354.16 1925.6 1328.25 1069.41 852.097 795.171
threshold=257.7800808193852 5.7153802534577958 -462.3252624652672 0.030333291586450529 1.0312192332873713 0.014825898817166873
decision_type=2 2 2 2 2 2
left_child=2 -2 -1 5 -3 -4
right_child=1 4 3 -5 -6 -7
leaf_value=-0.062699461094395378 0.046572519071239743 -0.025810073698124193 -0.0060845290166948521 -0.049599600912329019 0.024000612826238978 0.03447850058618817
leaf_weight=394 1482 696 4365 457 540 473
leaf_count=394 1482 696 4365 457 540 473
internal_value=0.000713357 0.0236307 -0.010258 -0.006245 -0.00403016 -0.00205584
internal_weight=8407 2718 5689 5295 1236 4838
internal_count=8407 2718 5689 5295 1236 4838
is_linear=0
shrinkage=0.03


Tree=170
num_leaves=7
num_cat=0
split_feature=15 29 28 10 21 6
split_gain=2868.17 1560.73 1250.77 1177.09 1069.44 1086.28
threshold=-0.35126488916778581 -2.5538904661191926 0.88715159719506509 0.5748840390083374 -0.069284417829344275 0.31900428604474623
decision_type=2 2 2 2 2 2
left_child=1 -1 3 -2 -5 -6
right_child=2 -3 -4 4 5 -7
leaf_value=-0.12284765319505207 0.0091105879259579265 -0.020480007980672062 0.030656010591340318 -0.071406323791452037 -0.071811737465231035 0.04129033228446697
leaf_weight=132 3022 2602 1982 337 104 222
leaf_count=132 3022 2602 1982 337 104 222
internal_value=-0.000669748 -0.0258521 0.0115034 0.00114699 -0.0347477 0.00414529
internal_weight=8401 2734 5667 3685 663 326
internal_count=8401 2734 5667 3685 663 326
is_linear=0
shrinkage=0.03


Tree=171
num_leaves=7
num_cat=0
split_feature=30 35 27 18 18 20
split_gain=3420.12 1693.26 1232.96 1189.87 966.261 801.717
threshold=-0.037072924093942972 -0.088892723760159095 -1.2886884899173798 1.2402894170566632 0.75008562349105434 -0.15644415820469151
decision_type=2 2 2 2 2 2
left_child=2 -2 -1 -3 5 -4
right_child=1 3 4 -5 -6 -7
leaf_value=-0.074375543020449672 -0.023401299316031129 0.018706600225600507 -0.0017615942842140403 0.11662003300760103 0.053973281079796466 -0.037555910063616922
leaf_weight=404 910 4544 948 105 147 1381
leaf_count=404 910 4544 948 105 147 1381
internal_value=9.78125e-05 0.0138395 -0.0263825 0.0211636 -0.018284 -0.023056
internal_weight=8439 5559 2880 4649 2476 2329
internal_count=8439 5559 2880 4649 2476 2329
is_linear=0
shrinkage=0.03


Tree=172
num_leaves=7
num_cat=0
split_feature=30 35 32 33 12 33
split_gain=2441.88 1423.57 1005.61 1172.33 996.615 751.226
threshold=-0.020365057559219461 -0.084867476310064 1.9379157533055487 -0.034855500247560942 -0.90247788288475805 -0.00083808894478605556
decision_type=2 2 2 2 2 2
left_child=4 -2 3 -3 -1 -5
right_child=1 2 -4 5 -6 -7
leaf_value=-0.051989860651193633 -0.021097184597019279 0.040693128638253279 0.058437889987500768 -0.021807301830216633 -0.010160436387820469 0.014530555495704577
leaf_weight=623 823 1169 574 699 2738 1835
leaf_count=623 823 1169 574 699 2738 1835
internal_value=0.00177641 0.014849 0.021799 0.0159776 -0.0180452 0.00446049
internal_weight=8461 5100 4277 3703 3361 2534
internal_count=8461 5100 4277 3703 3361 2534
is_linear=0
shrinkage=0.03


Tree=173
num_leaves=7
num_cat=0
split_feature=1 18 35 33 34 33
split_gain=2310.15 1746.02 1523.06 990.449 1156.11 1108.53
threshold=-271.49378283378877 1.2402894170566632 -0.049092793696469614 0.11467953711605121 -0.0025306251323968056 0.0068493821690699857
decision_type=2 2 2 2 2 2
left_child=-1 2 -2 5 -5 -4
right_child=1 -3 3 4 -6 -7
leaf_value=-0.03724449958141661 -0.016394607725622946 0.11270654749997118 0.02204905366482764 -0.013140317972036117 0.077052992976581053 -0.0078736319705099648
leaf_weight=1161 1960 131 2707 178 422 1882
leaf_count=1161 1960 131 2707 178 422 1882
internal_value=0.00187053 0.00815105 0.00608039 0.0145849 0.0505189 0.00978699
internal_weight=8441 7280 7149 5189 600 4589
internal_count=8441 7280 7149 5189 600 4589
is_linear=0
shrinkage=0.03


Tree=174
num_leaves=7
num_cat=0
split_feature=1 21 36 18 24 37
split_gain=2676.45 1679.28 1167.6 1065.12 1014 989.698
threshold=400.89422768781509 0.04004057092542429 5.4049245766661995 0.81314705225230399 -0.26929567879498212 6.193383940289773
decision_type=2 2 2 2 2 2
left_child=1 3 -2 -1 -4 -6
right_child=2 -3 4 -5 5 -7
leaf_value=-0.0081425628420912378 0.065340063796181402 -0.063136194340776428 -0.033340217964541091 0.062918467105803427 0.051347108800706663 -0.024338596166215008
leaf_weight=6098 599 489 296 186 567 206
leaf_count=6098 599 489 296 186 567 206
internal_value=-0.00176873 -0.0101589 0.0321574 -0.0059426 0.0131307 0.0311241
internal_weight=8441 6773 1668 6284 1069 773
internal_count=8441 6773 1668 6284 1069 773
is_linear=0
shrinkage=0.03


Tree=175
num_leaves=7
num_cat=0
split_feature=28 12 2 3 34 22
split_gain=2140.88 1382.05 1541.18 964.31 874.882 842.271
threshold=0.88715159719506509 -0.81016721204507658 -0.92356609383777866 -0.78397184728001912 0.015116705583403623 -0.44700830717980505
decision_type=2 2 2 2 2 2
left_child=1 -1 -3 -4 -2 -5
right_child=4 2 3 5 -6 -7
leaf_value=-0.039380556717454204 0.036201364801031553 0.069042243732278796 -0.080866259900378254 0.026937306371471539 -0.011478282982508452 -0.0092767456034408922
leaf_weight=1139 1575 244 143 659 438 4248
leaf_count=1139 1575 244 143 659 438 4248
internal_value=-0.00110294 -0.00955508 -0.00307601 -0.00669009 0.0258215 -0.00436838
internal_weight=8446 6433 5294 5050 2013 4907
internal_count=8446 6433 5294 5050 2013 4907
is_linear=0
shrinkage=0.03


Tree=176
num_leaves=7
num_cat=0
split_feature=12 18 19 32 2 20
split_gain=1884.36 1435.51 1048.61 1021.73 749.168 1018.96
threshold=-0.61788627815249997 1.3200130979596716 -0.40615952954589274 1.8141622182577224 0.70756922721937909 -0.053486263473512353
decision_type=2 2 2 2 2 2
left_child=-1 2 -2 -4 5 -5
right_child=1 -3 3 4 -6 -7
leaf_value=-0.029273887447915328 0.067648982280055461 0.11073916181874199 -0.0026599589416945661 -0.0021950480717708143 0.0058802875326473712 0.091282936271815787
leaf_weight=1633 220 107 5413 161 522 289
leaf_count=1633 220 107 5413 161 522 289
internal_value=-0.000473926 0.0065661 0.00471366 0.00244278 0.0305973 0.0585179
internal_weight=8345 6712 6605 6385 972 450
internal_count=8345 6712 6605 6385 972 450
is_linear=0
shrinkage=0.03


Tree=177
num_leaves=7
num_cat=0
split_feature=15 1 18 5 21 37
split_gain=2231.24 1313.36 1162.65 1026.49 931.128 1371.23
threshold=0.44916166163169235 -462.3252624652672 1.2402894170566632 -0.71260944781725755 0.04004057092542429 5.7252164247697896
decision_type=2 2 2 2 2 2
left_child=1 -1 -2 -3 -5 -6
right_child=2 3 -4 4 5 -7
leaf_value=-0.06238126389149741 0.016655829669024853 0.025099010638480367 0.11091500596279595 -0.0091208423342393329 0.0081049338866804928 -0.1280352705007268
leaf_weight=409 3044 749 113 3958 119 138
leaf_count=409 3044 749 113 3958 119 138
internal_value=0.000389539 -0.0113659 0.0203693 -0.00704564 -0.0128036 -0.067055
internal_weight=8530 5373 3157 4964 4215 257
internal_count=8530 5373 3157 4964 4215 257
is_linear=0
shrinkage=0.03


Tree=178
num_leaves=7
num_cat=0
split_feature=1 35 20 3 12 33
split_gain=2096.69 1188.11 978.187 996.629 974.527 939.779
threshold=400.89422768781509 -0.26366988245597461 0.028414301752541924 -0.52284488559623787 -0.90247788288475805 0.1366654075312719
decision_type=2 2 2 2 2 2
left_child=1 -1 5 -4 -5 -3
right_child=-2 2 3 4 -6 -7
leaf_value=-0.070827168626175524 0.029453372055173125 -0.020410362829103145 0.051020946140164759 -0.08289077057357884 0.004290151796503632 0.041920685825439598
leaf_weight=251 1664 3262 392 111 2482 224
leaf_count=251 1664 3262 392 111 2482 224
internal_value=-0.000593439 -0.00806409 -0.00552408 0.00706901 0.000254043 -0.0162967
internal_weight=8386 6722 6471 2985 2593 3486
internal_count=8386 6722 6471 2985 2593 3486
is_linear=0
shrinkage=0.03


Tree=179
num_leaves=7
num_cat=0
split_feature=1 1 21 33 1 22
split_gain=2395.04 1539.49 1344.58 1485.75 1243.23 833.356
threshold=400.89422768781509 -462.3252624652672 -0.069284417829344275 0.11467953711605121 802.57073967256395 -0.178165684965397
decision_type=2 2 2 2 2 2
left_child=1 -1 3 -2 -4 -3
right_child=2 5 4 -5 -6 -7
leaf_value=-0.066117497446096463 -0.014990327056110291 0.0082838851216419859 0.038680291094408042 0.10188296057479945 0.13439134369524108 -0.014453199830395631
leaf_weight=404 683 2242 732 104 141 4074
leaf_count=404 683 2242 732 104 141 4074
internal_value=-0.00208867 -0.010066 0.030072 0.00153872 0.0554857 -0.00638185
internal_weight=8380 6720 1660 787 873 6316
internal_count=8380 6720 1660 787 873 6316
is_linear=0
shrinkage=0.03


Tree=180
num_leaves=7
num_cat=0
split_feature=30 32 27 20 37 32
split_gain=2478.85 1160.12 864.42 996.23 1046.44 928.821
threshold=-0.035549229908394264 1.9053805874027565 -1.038974330962692 -0.15644415820469151 5.0336952619030333 1.7895743601992598
decision_type=2 2 2 2 2 2
left_child=2 -2 -1 4 -4 -5
right_child=1 -3 3 5 -6 -7
leaf_value=-0.054551315864866959 0.0049131382608510526 0.045910312932829891 -0.052267088630165826 -0.040004589424065248 0.028650198004122118 0.022857743585446001
leaf_weight=634 4807 704 174 1260 653 247
leaf_count=634 4807 704 174 1260 653 247
internal_value=-0.00167722 0.010224 -0.0237356 -0.0151679 0.0112042 -0.0296186
internal_weight=8479 5511 2968 2334 827 1507
internal_count=8479 5511 2968 2334 827 1507
is_linear=0
shrinkage=0.03


Tree=181
num_leaves=7
num_cat=0
split_feature=1 18 22 37 33 29
split_gain=2055.52 1394.59 1316.92 1287.66 1255.03 1136.57
threshold=372.96551429919845 0.87368978992676616 -0.10242615454307953 6.193383940289773 0.10733581296331647 -2.5538904661191926
decision_type=2 2 2 2 2 2
left_child=1 5 4 -4 -2 -1
right_child=2 -3 3 -5 -6 -7
leaf_value=-0.092698601263607364 -0.022244536043646242 0.079506906865647542 0.063440471144401087 -0.017030723767789972 0.086572085693478587 -0.0077106102071298165
leaf_weight=135 575 152 921 217 104 6311
leaf_count=135 575 152 921 217 104 6311
internal_value=0.000326804 -0.00746065 0.0284911 0.0480811 -0.0045629 -0.00963136
internal_weight=8415 6598 1817 1138 679 6446
internal_count=8415 6598 1817 1138 679 6446
is_linear=0
shrinkage=0.03


Tree=182
num_leaves=7
num_cat=0
split_feature=27 37 23 32 36 34
split_gain=1404.03 1273.83 1233 1075.15 1080.43 987.112
threshold=-0.10841324183829956 4.7749040587885982 -0.025147575987678226 -1.3704242005437237 6.441743353550561 -0.0018101662063876617
decision_type=2 2 2 2 2 2
left_child=3 2 -2 4 -1 -5
right_child=1 -3 -4 5 -6 -7
leaf_value=-0.0049770279788352578 0.013202165433379646 0.001508592161757717 0.073909271949422109 -0.045438102910086993 0.071775173666498576 -0.0082460758859150881
leaf_weight=631 809 3730 475 1093 213 1551
leaf_count=631 809 3730 475 1093 213 1551
internal_value=0.000249758 0.0104102 0.0360576 -0.0143438 0.0150065 -0.0237341
internal_weight=8502 5014 1284 3488 844 2644
internal_count=8502 5014 1284 3488 844 2644
is_linear=0
shrinkage=0.03


Tree=183
num_leaves=7
num_cat=0
split_feature=18 1 21 9 1 23
split_gain=1551.98 1372.3 1258.64 1010.8 1761.9 937.595
threshold=0.70335294555164463 -630.72411552148458 -0.4884697552316592 1.1235668625472091 564.65605956570118 0.070346409843085989
decision_type=2 2 2 2 2 2
left_child=1 -1 -2 4 -3 -5
right_child=2 3 -4 5 -6 -7
leaf_value=-0.094454447177225065 -0.038258625385106396 0.0012104712673671788 0.057010227664648867 -0.070540651242477825 0.073392297621104025 0.022899277241279683
leaf_weight=126 142 6634 751 303 309 134
leaf_count=126 142 6634 751 303 309 134
internal_value=0.00444719 -2.302e-05 0.0416052 0.00171486 0.00452388 -0.0420173
internal_weight=8399 7506 893 7380 6943 437
internal_count=8399 7506 893 7380 6943 437
is_linear=0
shrinkage=0.03


Tree=184
num_leaves=7
num_cat=0
split_feature=15 29 19 21 30 11
split_gain=1571.92 1019.05 1033.2 975.597 890.976 1373.92
threshold=0.69192574347762903 -2.6807730665302878 -0.40615952954589274 0.07272758940875719 -1.0000000180025095e-35 1.3349761123936166
decision_type=2 2 2 2 2 2
left_child=1 -1 -3 -4 5 -2
right_child=4 2 3 -5 -6 -7
leaf_value=-0.097529012486005998 -0.041506460012775137 0.029551712797639462 -0.0082727681172151887 -0.084476429984833179 0.030837332387439798 0.054696850965407738
leaf_weight=102 411 640 5118 146 1852 186
leaf_count=102 411 640 5118 146 1852 186
internal_value=0.000395719 -0.00786498 -0.00615361 -0.0105425 0.0206041 -0.0111263
internal_weight=8455 6006 5904 5264 2449 597
internal_count=8455 6006 5904 5264 2449 597
is_linear=0
shrinkage=0.03


Tree=185
num_leaves=7
num_cat=0
split_feature=1 18 23 2 15 12
split_gain=2171.03 1573.17 1457.29 1366.63 969.098 958.908
threshold=-54.903788350535926 1.2402894170566632 -0.35650041697454932 -0.92356609383777866 -1.9276033486203981 -0.865511199104394
decision_type=2 2 2 2 2 2
left_child=2 3 -1 -2 -4 -5
right_child=1 -3 4 5 -6 -7
leaf_value=0.014925370999182168 0.095278988240941151 0.10753334380311073 -0.10664128630626492 -0.058635047889021158 -0.030243293770320069 0.0054464482603495635
leaf_weight=648 138 129 154 209 2006 5210
leaf_count=648 138 129 154 209 2006 5210
internal_value=-0.00282231 0.00783669 -0.0243573 0.00533333 -0.0361565 0.0028715
internal_weight=8494 5686 2808 5557 2160 5419
internal_count=8494 5686 2808 5557 2160 5419
is_linear=0
shrinkage=0.03


Tree=186
num_leaves=7
num_cat=0
split_feature=37 35 27 9 10 15
split_gain=2447.95 1147.34 1047.1 1986.33 1157.91 976.395
threshold=4.7749040587885982 0.13776620982578561 0.016884548400172918 0.22006997789629426 -0.8665868878666475 -1.3927420328658748
decision_type=2 2 2 2 2 2
left_child=2 5 4 -4 -1 -2
right_child=1 -3 3 -5 -6 -7
leaf_value=0.066872637705441482 -0.051141944075463887 0.022976718748778741 0.13315765245585906 0.029671738787559028 -0.019062006449188654 -0.0091608084145961572
leaf_weight=178 544 902 195 955 556 5079
leaf_count=178 544 902 195 955 556 5079
internal_value=0.000441416 -0.00826277 0.0304718 0.048216 0.00239645 -0.0133059
internal_weight=8409 6525 1884 1150 734 5623
internal_count=8409 6525 1884 1150 734 5623
is_linear=0
shrinkage=0.03


Tree=187
num_leaves=7
num_cat=0
split_feature=1 1 33 34 16 31
split_gain=1565.29 1190.83 1020.33 1252.26 1005.79 1004.72
threshold=-462.3252624652672 875.62082862528803 0.11467953711605121 -0.0030574657059442576 -0.046322847088751971 -0.21221957232486424
decision_type=2 2 2 2 2 2
left_child=-1 2 5 4 -4 -2
right_child=1 -3 3 -5 -6 -7
leaf_value=-0.058010779672025711 -0.057771299283052309 0.080615258648207316 -0.088916341562162743 0.060752381091655851 0.022848931252956388 -0.00074643401055198054
leaf_weight=397 280 161 100 506 204 6769
leaf_count=397 280 161 100 506 204 6769
internal_value=-0.000614908 0.00229496 0.000590081 0.0322648 -0.0155768 -0.0030902
internal_weight=8417 8020 7859 810 304 7049
internal_count=8417 8020 7859 810 304 7049
is_linear=0
shrinkage=0.03


Tree=188
num_leaves=7
num_cat=0
split_feature=35 1 22 16 36 8
split_gain=1690.03 1241.03 1081.99 1052.46 855.396 854.981
threshold=-0.084867476310064 573.87692084080425 -0.12113625505092904 -1.4148460785564176 5.8622086995319824 0.25475690103566578
decision_type=2 2 2 2 2 2
left_child=3 -2 4 -1 -3 -5
right_child=1 2 -4 5 -6 -7
leaf_value=-0.097491407264379937 0.0036586136257260901 0.050541330051483278 0.070083656127431559 -0.0085883000469025843 -0.053768796204030508 -0.068085390781738836
leaf_weight=147 5658 124 494 1656 140 241
leaf_count=147 5658 124 494 1656 140 241
internal_value=0.000951914 0.00852263 0.0443091 -0.0227379 -0.00471818 -0.0164644
internal_weight=8460 6416 758 2044 264 1897
internal_count=8460 6416 758 2044 264 1897
is_linear=0
shrinkage=0.03


Tree=189
num_leaves=7
num_cat=0
split_feature=30 16 37 18 13 12
split_gain=1695.35 1292.62 1063.6 1061 1134.72 976.27
threshold=-0.065076050916513653 1.7886278280411945 5.1328485759866682 0.10067057692369616 10.069763721737095 0.6106089128611828
decision_type=2 2 2 2 10 2
left_child=-1 2 -2 4 -4 -6
right_child=1 -3 3 -5 5 -7
leaf_value=-0.022213374632127147 0.023914464708369363 0.094770995957874943 0.0039849936337379883 -0.018744165345630368 0.13090625893502006 0.010396914286109117
leaf_weight=2207 2015 142 1873 1930 116 120
leaf_count=2207 2015 142 1873 1930 116 120
internal_value=0.000305572 0.00834963 0.00616963 -0.00272021 0.011963 0.0725439
internal_weight=8403 6196 6054 4039 2109 236
internal_count=8403 6196 6054 4039 2109 236
is_linear=0
shrinkage=0.03


Tree=190
num_leaves=7
num_cat=0
split_feature=32 30 1 36 4 36
split_gain=1971.07 1274.52 1182.04 794.329 878.85 1104.84
threshold=1.8141622182577224 -0.037072924093942972 -77.35464562006824 5.5510178349084196 0.34242904295006049 6.391078890228977
decision_type=2 2 2 2 2 2
left_child=1 -1 -2 -4 -5 -6
right_child=2 -3 3 4 5 -7
leaf_value=-0.022206938883503502 -0.047188183141510874 0.0040069048182811767 0.076621973114040273 0.08242195778733985 -0.054156980050327888 0.045104571414467332
leaf_weight=2560 124 4756 464 147 181 204
leaf_count=2560 124 4756 464 147 181 204
internal_value=0.000505484 -0.00518358 0.0373843 0.0482778 0.022599 -0.0017509
internal_weight=8436 7316 1120 996 532 385
internal_count=8436 7316 1120 996 532 385
is_linear=0
shrinkage=0.03


Tree=191
num_leaves=7
num_cat=0
split_feature=15 21 34 25 21 23
split_gain=1457.78 923.092 859.875 1035.65 832.491 1128.46
threshold=0.44916166163169235 0.07272758940875719 0.0082424595539914488 -2.1882339342266142 -0.11186868218494243 -0.002324274934583509
decision_type=2 2 2 2 2 2
left_child=1 2 3 -1 -5 -6
right_child=-2 -3 -4 4 5 -7
leaf_value=-0.098899045199035626 0.016997668658732992 -0.065706522677625917 0.014201023081919516 0.0062174741741346006 -0.040037038788911399 0.0062878721094370739
leaf_weight=114 3129 235 1365 1512 1285 742
leaf_count=114 3129 235 1365 1512 1285 742
internal_value=0.000817924 -0.00883368 -0.00604486 -0.0136282 -0.0106105 -0.0231318
internal_weight=8382 5253 5018 3653 3539 2027
internal_count=8382 5253 5018 3653 3539 2027
is_linear=0
shrinkage=0.03


Tree=192
num_leaves=7
num_cat=0
split_feature=29 38 17 4 28 19
split_gain=1537.92 1088.12 1156.09 1471.55 1078.17 1313.86
threshold=1.0901818433269259 1.0000000180025095e-35 0.66525591368013026 0.94197243270249331 -1.6363784357905427 -0.5991085396127559
decision_type=2 2 2 2 2 2
left_child=4 2 -2 -4 -1 -6
right_child=1 -3 3 -5 5 -7
leaf_value=-0.048972323516849423 0.06699278826203342 -0.057359305978437559 -0.020273382399786023 0.048430305239262193 0.077808825984264224 -0.0046695568987739598
leaf_weight=470 556 123 554 550 169 6011
leaf_count=470 556 123 554 550 169 6011
internal_value=0.000980881 0.0256419 0.0320986 0.0140815 -0.00565981 -0.00229202
internal_weight=8433 1783 1660 1104 6650 6180
internal_count=8433 1783 1660 1104 6650 6180
is_linear=0
shrinkage=0.03


Tree=193
num_leaves=7
num_cat=0
split_feature=35 15 1 22 24 31
split_gain=1714.06 1257.38 988.155 1478.84 955.888 913.903
threshold=-0.084867476310064 -1.6586962420114981 -266.53473075149071 -0.19847164698452613 0.12077146914492533 -0.039365397832499725
decision_type=2 2 2 2 2 2
left_child=1 -1 3 -2 -4 -3
right_child=2 5 4 -5 -6 -7
leaf_value=-0.083692670451398471 0.036063127107420635 0.0074029865275820686 0.01305114992929831 -0.066809182947244097 -0.036467919335365293 -0.035357071545812579
leaf_weight=274 183 832 5533 359 365 962
leaf_count=274 183 832 5533 359 365 962
internal_value=-0.00128291 -0.0249771 0.00635266 -0.0320515 0.0099301 -0.0155952
internal_weight=8508 2068 6440 542 5898 1794
internal_count=8508 2068 6440 542 5898 1794
is_linear=0
shrinkage=0.03


Tree=194
num_leaves=7
num_cat=0
split_feature=36 7 20 15 20 27
split_gain=1310.18 1605.99 1102.97 897.763 850.076 913.088
threshold=6.7393359271010906 2.4283638559134997 0.27404523451120089 -1.4504639578870098 -0.21017049930605738 -1.2886884899173798
decision_type=2 2 2 2 2 2
left_child=1 3 -2 4 5 -1
right_child=2 -3 -4 -5 -6 -7
leaf_value=-0.052869516112391025 0.0065296521589140047 0.089359588244786625 0.062430838932294723 -0.0050001614672081657 -0.093225575472908814 0.055652770043816413
leaf_weight=176 925 146 476 6403 198 102
leaf_count=176 925 146 476 6403 198 102
internal_value=-0.000553683 -0.0058447 0.0258303 -0.0079921 -0.0473077 -0.0125022
internal_weight=8426 7025 1401 6879 476 278
internal_count=8426 7025 1401 6879 476 278
is_linear=0
shrinkage=0.03


Tree=195
num_leaves=7
num_cat=0
split_feature=1 21 27 21 22 32
split_gain=1771.08 1547.76 1189.91 1246.22 1074 1545.23
threshold=802.57073967256395 -0.080437758750429939 -0.12771663772591471 -0.24443525299786281 -0.0086634199320306266 -1.1128661623344742
decision_type=2 2 2 2 2 2
left_child=2 -2 3 -1 -5 -6
right_child=1 -3 -4 4 5 -7
leaf_value=0.01695895550246148 -0.0017463136132573709 0.14250393146818335 0.011694038767338405 -0.03904420094327312 0.059224219240119912 -0.02301718633883355
leaf_weight=979 118 144 4775 1467 284 674
leaf_count=979 118 144 4775 1467 284 674
internal_value=0.0045498 0.0798606 0.00204277 -0.0114902 -0.022998 0.00172331
internal_weight=8441 262 8179 3404 2425 958
internal_count=8441 262 8179 3404 2425 958
is_linear=0
shrinkage=0.03


Tree=196
num_leaves=7
num_cat=0
split_feature=18 12 19 32 31 17
split_gain=1641.44 1119.22 875.221 991.571 942.773 934.393
threshold=1.2402894170566632 -0.61788627815249997 -0.40615952954589274 1.7895743601992598 0.07536311371565875 0.8224496833806163
decision_type=2 2 2 2 2 2
left_child=1 -1 -3 5 -5 -4
right_child=-2 2 3 4 -6 -7
leaf_value=-0.025383178162670453 0.10083176800576241 0.058524622058871531 -0.00015776134566504015 0.0092667329813026483 0.074430742801204042 -0.036263727518944015
leaf_weight=1668 128 228 4689 730 267 738
leaf_count=1668 128 228 4689 730 267 738
internal_value=-0.00179017 -0.00348812 0.00203197 -6.09093e-05 0.0272837 -0.00512536
internal_weight=8448 8320 6652 6424 997 5427
internal_count=8448 8320 6652 6424 997 5427
is_linear=0
shrinkage=0.03


Tree=197
num_leaves=7
num_cat=0
split_feature=1 22 22 2 35 14
split_gain=1550.64 1125.79 1028.45 904.444 785.178 817.326
threshold=-266.53473075149071 -0.20546647861060044 0.015848067266784196 -1.1197287671442029 -0.053732784706665294 -1.0558628611967864
decision_type=2 2 2 2 2 10
left_child=1 3 -3 -1 -2 -6
right_child=4 2 -4 -5 5 -7
leaf_value=-0.044363854285877413 -0.014230634274565494 -0.076986644196078965 0.0043594736548275056 0.039955465093511958 0.066774325442295973 0.0056640692233915881
leaf_weight=194 1938 560 184 251 195 5136
leaf_count=194 1938 560 184 251 195 5136
internal_value=-0.00313459 -0.0347444 -0.0570778 0.0030289 0.00207649 0.00802023
internal_weight=8458 1189 744 445 7269 5331
internal_count=8458 1189 744 445 7269 5331
is_linear=0
shrinkage=0.03


Tree=198
num_leaves=7
num_cat=0
split_feature=30 37 9 24 15 31
split_gain=1422.04 1436.18 992.631 959.436 1147.88 1120.45
threshold=-0.022426110150579073 5.310736838221497 -1.2292724303709315 0.011390665105371796 0.58735611755509898 -0.052386709621270622
decision_type=2 2 2 2 2 2
left_child=2 -2 -1 5 -5 -4
right_child=1 -3 3 4 -6 -7
leaf_value=-0.063894652253186163 0.030169439114534513 -0.0021130606356274994 0.016386168610809222 -0.061231975442572528 0.04349413863446374 -0.026274554970306022
leaf_weight=320 2053 3107 1424 499 108 893
leaf_count=320 2053 3107 1424 499 108 893
internal_value=0.000987043 0.0107646 -0.0145508 -0.00895124 -0.0421957 -9.80479e-05
internal_weight=8404 5160 3244 2924 607 2317
internal_count=8404 5160 3244 2924 607 2317
is_linear=0
shrinkage=0.03


Tree=199
num_leaves=7
num_cat=0
split_feature=18 37 18 12 24 2
split_gain=1627.28 1249.6 1160.42 1335.69 1148.65 981.291
threshold=0.87368978992676616 4.9380581778699986 0.091604465342492239 -0.81016721204507658 0.025766475220075098 -0.94513822194807895
decision_type=2 2 2 2 2 2
left_child=1 -1 3 -3 -2 -5
right_child=4 2 -4 5 -6 -7
leaf_value=0.015936048583170926 0.024718545702477872 -0.035313057407464786 -0.027470020987548412 0.074711266899857798 0.13039001885621299 0.0045145308874069397
leaf_weight=2014 393 757 2385 183 114 2538
leaf_count=2014 393 757 2385 183 114 2538
internal_value=-0.00102085 -0.00439951 -0.0114002 -0.000333376 0.0505415 0.00949187
internal_weight=8384 7877 5863 3478 507 2721
internal_count=8384 7877 5863 3478 507 2721
is_linear=0
shrinkage=0.03


Tree=200
num_leaves=7
num_cat=0
split_feature=32 35 36 12 2 16
split_gain=1200.39 1045.79 1068.03 833.692 847.968 1158.65
threshold=1.8141622182577224 -0.088892723760159095 6.7667674199628722 -0.16574944933444724 0.6968971652789796 1.3168583486318315
decision_type=2 2 2 2 2 2
left_child=1 2 -1 -2 -5 -6
right_child=3 -3 -4 4 5 -7
leaf_value=-0.030443223832289399 -0.025857699303107971 0.0022033449296739748 0.058137634105252141 0.07658809846068082 -0.016716001185317988 0.068924637868811811
leaf_weight=1669 199 5590 123 355 348 227
leaf_count=1669 199 5590 123 355 348 227
internal_value=0.000218058 -0.00419956 -0.0240743 0.028886 0.0407505 0.0176937
internal_weight=8511 7382 1792 1129 930 575
internal_count=8511 7382 1792 1129 930 575
is_linear=0
shrinkage=0.03


Tree=201
num_leaves=7
num_cat=0
split_feature=15 37 1 32 35 17
split_gain=1724.53 1231.61 1378.77 945.307 1061.7 1064.96
threshold=-1.4206227761253978 5.6472105679022233 682.12869958043996 -2.2385873271637631 0.082115531688826668 1.148216590379912
decision_type=2 2 2 2 2 2
left_child=-1 2 3 -2 -5 -6
right_child=1 -3 -4 4 5 -7
leaf_value=-0.046746108788698178 0.079490159954265005 -0.0051899987441013616 0.083139590400716529 -0.0040911774963736155 0.041674932639893296 -0.056656921505928035
leaf_weight=601 173 4297 266 1960 1020 101
leaf_count=601 173 4297 266 1960 1020 101
internal_value=0.00179813 0.00558535 0.0187167 0.0132118 0.00924511 0.0323928
internal_weight=8418 7817 3520 3254 3081 1121
internal_count=8418 7817 3520 3254 3081 1121
is_linear=0
shrinkage=0.03


Tree=202
num_leaves=7
num_cat=0
split_feature=32 30 34 33 34 32
split_gain=1342.28 1034.06 1104.49 1020.45 1518.85 875.591
threshold=1.9053805874027565 -0.12622867530555629 -0.019748399335631706 -0.0086151663741021178 0.00024862974542967485 -2.3242651024424439
decision_type=2 2 2 2 2 2
left_child=1 2 -1 -4 -5 -3
right_child=-2 5 3 4 -6 -7
leaf_value=0.020424447367684197 0.031290838322402897 0.043441581216359888 -0.090301813559387531 -0.075339001877182121 0.036673831567933704 -0.0036054176451858818
leaf_weight=250 1018 368 330 208 209 6115
leaf_count=250 1018 368 330 208 209 6115
internal_value=-0.000855651 -0.0052666 -0.0335497 -0.0516446 -0.0196542 -0.000872057
internal_weight=8498 7480 997 747 417 6483
internal_count=8498 7480 997 747 417 6483
is_linear=0
shrinkage=0.03


Tree=203
num_leaves=7
num_cat=0
split_feature=18 12 19 33 31 20
split_gain=1454.19 1085.03 996.197 842.854 837.406 836.071
threshold=1.2402894170566632 -1.0641846238901704 -0.57080294126295705 0.11467953711605121 -0.15534930200704786 -0.85681770977744498
decision_type=2 2 2 2 2 2
left_child=1 5 -3 4 -4 -1
right_child=-2 2 3 -5 -6 -7
leaf_value=0.030806732917241508 0.10272580963220786 0.081463550916489422 -0.033827230361996016 0.033781035825475224 0.0039438706070219279 -0.04906147486743672
leaf_weight=141 122 143 568 763 6131 566
leaf_count=141 122 143 568 763 6131 566
internal_value=0.00393132 0.00235956 0.00567877 0.00411937 0.000695658 -0.0329255
internal_weight=8434 8312 7605 7462 6699 707
internal_count=8434 8312 7605 7462 6699 707
is_linear=0
shrinkage=0.03


Tree=204
num_leaves=7
num_cat=0
split_feature=1 19 32 21 24 21
split_gain=1748.51 1206.66 1084.58 1268.84 1038.75 932.582
threshold=54.705938407302661 -0.21803923139535039 1.9053805874027565 -0.054062162800057607 0.12077146914492533 0.0070869005696401425
decision_type=2 2 2 2 2 2
left_child=-1 -2 4 -4 -3 -5
right_child=1 2 3 5 -6 -7
leaf_value=-0.015657002727362986 0.058591082227967606 0.0036252966235913579 0.0017774991208583451 0.12168776975999422 -0.064047256363641239 0.025453643079545046
leaf_weight=3854 436 3201 411 194 208 175
leaf_count=3854 436 3201 411 194 208 175
internal_value=-0.000754736 0.0116703 0.00665875 0.0383311 -0.000678992 0.0779241
internal_weight=8479 4625 4189 780 3409 369
internal_count=8479 4625 4189 780 3409 369
is_linear=0
shrinkage=0.03


Tree=205
num_leaves=7
num_cat=0
split_feature=30 21 34 33 32 32
split_gain=1286.54 1100.59 1155.71 1552.19 1072.33 850.514
threshold=-0.035549229908394264 -0.013186588470727114 -0.0011312561825454236 -0.0056940403811229874 -0.52579653840735041 2.2208433140547132
decision_type=2 2 2 2 2 2
left_child=1 -1 -3 -4 -5 -2
right_child=5 2 3 4 -6 -7
leaf_value=-0.0025734077725454128 0.0048378151109159037 -0.074790195558995284 -0.064805061939696318 -0.041342114273120054 0.075807347532619931 0.045208312535791044
leaf_weight=1935 4983 473 246 100 192 509
leaf_count=1935 4983 473 246 100 192 509
internal_value=7.86859e-05 -0.0158842 -0.0410855 -0.0106289 0.0356472 0.00865473
internal_weight=8438 2946 1011 538 292 5492
internal_count=8438 2946 1011 538 292 5492
is_linear=0
shrinkage=0.03


Tree=206
num_leaves=7
num_cat=0
split_feature=32 36 20 25 35 21
split_gain=1535.12 1196.21 1114.86 1059.73 1043.04 965.832
threshold=1.8432882981377843 6.6100226439425702 -0.077782596280192171 -0.3707747312249256 -0.079616593916089218 -0.018313954429155725
decision_type=2 2 2 2 2 2
left_child=1 4 -3 -4 -1 -2
right_child=5 2 3 -5 -6 -7
leaf_value=-0.030232066757258053 0.011492835938232018 -0.010651746096162052 0.10711396072038211 0.024121561549214084 -0.0024118289612893276 0.069533977249918652
leaf_weight=1731 690 683 162 764 4005 407
leaf_count=1731 690 683 162 764 4005 407
internal_value=0.000524747 -0.00443311 0.0183521 0.03963 -0.0108454 0.0334604
internal_weight=8442 7345 1609 926 5736 1097
internal_count=8442 7345 1609 926 5736 1097
is_linear=0
shrinkage=0.03


Tree=207
num_leaves=7
num_cat=0
split_feature=12 36 31 11 32 36
split_gain=1295.54 890.561 1173.1 854.841 841.333 1223.47
threshold=-0.61788627815249997 6.6100226439425702 0.040866044236938674 -1.2030322671577272 1.9379157533055487 5.5510178349084196
decision_type=2 2 2 2 2 2
left_child=-1 3 -3 -2 -5 -6
right_child=1 2 -4 4 5 -7
leaf_value=-0.026212927231131496 0.044926689822157778 0.0015769965003374674 0.055044451793522915 -0.010421528680054876 0.057868761676841532 -0.020811893381178379
leaf_weight=1625 314 892 621 4256 409 302
leaf_count=1625 314 892 621 4256 409 302
internal_value=-0.00223644 0.0035284 0.0237397 -0.00229603 -0.00536559 0.0246237
internal_weight=8419 6794 1513 5281 4967 711
internal_count=8419 6794 1513 5281 4967 711
is_linear=0
shrinkage=0.03


Tree=208
num_leaves=7
num_cat=0
split_feature=12 4 33 33 24 35
split_gain=1311.16 1295.15 877.265 741.473 684.768 685.378
threshold=-0.81016721204507658 -0.72603602826336588 0.06259400322247595 -0.173721084520985 0.14217379873165628 0.21735171265631911
decision_type=2 2 2 2 2 2
left_child=2 -2 -1 -3 5 -5
right_child=1 3 -4 4 -6 -7
leaf_value=-0.042560429500606442 0.068387440043566852 0.05146073037065392 0.024414566919360666 -0.0010441671753526588 -0.044901605048263911 0.036533092518758241
leaf_weight=942 261 248 209 6017 287 461
leaf_count=942 261 248 209 6017 287 461
internal_value=-0.000685567 0.00403459 -0.0302935 0.00154563 -0.000357474 0.00168217
internal_weight=8425 7274 1151 7013 6765 6478
internal_count=8425 7274 1151 7013 6765 6478
is_linear=0
shrinkage=0.03


Tree=209
num_leaves=7
num_cat=0
split_feature=1 37 33 33 22 18
split_gain=1455.23 855.802 882.502 783.168 721.833 1031.24
threshold=400.89422768781509 4.9938224302714262 -0.099167580816181031 -0.016608491719755817 -0.18137263803758705 0.44531943857950124
decision_type=2 2 2 2 2 2
left_child=4 3 -3 -2 5 -1
right_child=1 2 -4 -5 -6 -7
leaf_value=0.015432766926394746 0.010100638359661929 0.083263788088446561 -0.0012568237677417844 0.081044646993691669 -0.013674837221094001 -0.037517069079772085
leaf_weight=2014 232 116 943 356 4343 386
leaf_count=2014 232 116 943 356 4343 386
internal_value=-0.000208003 0.024985 0.00869362 0.0536901 -0.00638937 0.00679633
internal_weight=8390 1647 1059 588 6743 2400
internal_count=8390 1647 1059 588 6743 2400
is_linear=0
shrinkage=0.03


Tree=210
num_leaves=7
num_cat=0
split_feature=33 35 1 9 14 31
split_gain=1091.06 1027.64 1025.97 764.258 1515.3 836.546
threshold=-0.13907372532277837 -0.26366988245597461 310.41839767110486 0.56724807357982299 0.36222680993848622 -0.010777753351483848
decision_type=2 2 2 2 8 2
left_child=2 -2 -1 -3 -5 -6
right_child=1 3 -4 4 5 -7
leaf_value=0.01799426130637401 -0.063212934767126069 -0.0070554924085880029 0.11415154514271159 0.092442012556008438 -0.025247275531000403 0.017961143739701344
leaf_weight=466 237 5432 119 191 549 1440
leaf_count=466 237 5432 119 191 549 1440
internal_value=-2.45726e-05 -0.00298999 0.0391442 -0.00103447 0.0139321 0.0059682
internal_weight=8434 7849 585 7612 2180 1989
internal_count=8434 7849 585 7612 2180 1989
is_linear=0
shrinkage=0.03


Tree=211
num_leaves=7
num_cat=0
split_feature=1 36 21 24 29 6
split_gain=1525.13 986.856 888.084 1132.29 1150.73 874.449
threshold=-108.8908468767754 2.249904835165133 -0.28970883482410187 0.075389202096605976 -1.340488508024533 -0.76116500826847566
decision_type=2 2 2 2 2 2
left_child=2 -2 -1 -4 -5 -3
right_child=1 5 3 4 -6 -7
leaf_value=0.010888066594824962 0.051456242886565202 0.047557928186314276 -0.042240887543159022 -0.031876886826753617 0.091469310519418534 0.00085661162528618965
leaf_weight=572 414 377 1462 140 116 5345
leaf_count=572 414 377 1462 140 116 5345
internal_value=-0.00050837 0.00729084 -0.021347 -0.0320804 0.0253519 0.00401118
internal_weight=8426 6136 2290 1718 256 5722
internal_count=8426 6136 2290 1718 256 5722
is_linear=0
shrinkage=0.03


Tree=212
num_leaves=7
num_cat=0
split_feature=30 37 30 20 39 36
split_gain=1312.86 1035.43 981.444 1126.49 1247.18 944.344
threshold=-0.037072924093942972 4.9732735209982879 0.039532182313516372 0.23539637336223515 1.0000000180025095e-35 4.2696729980286863
decision_type=2 2 2 2 2 2
left_child=-1 2 5 -4 -5 -2
right_child=1 -3 3 4 -6 -7
leaf_value=-0.016942523959624655 0.034344354367801054 -0.00079399572901137072 0.020418245298531621 0.14424481457885122 0.02271863319344454 -0.024268264978881116
leaf_weight=2881 526 3758 426 182 133 450
leaf_count=2881 526 3758 426 182 133 450
internal_value=-0.000583471 0.00804002 0.0272677 0.0530574 0.0952116 0.00734804
internal_weight=8356 5475 1717 741 315 976
internal_count=8356 5475 1717 741 315 976
is_linear=0
shrinkage=0.03


Tree=213
num_leaves=7
num_cat=0
split_feature=31 7 36 20 27 41
split_gain=1179.92 939.727 1070.28 1198.11 844.066 808.163
threshold=-0.25872291820661059 2.4283638559134997 6.6100226439425702 -0.0099861693877103357 -1.2886884899173798 1.0000000180025095e-35
decision_type=2 2 2 2 2 2
left_child=-1 2 4 -4 -2 -6
right_child=1 -3 3 -5 5 -7
leaf_value=-0.075225939658103563 -0.047722476542012407 0.067664132354940676 -0.0080649566185062357 0.041390639228317989 0.0026348042658251767 -0.020667305953743706
leaf_weight=188 444 165 829 925 3944 2017
leaf_count=188 444 165 829 925 3944 2017
internal_value=-0.00284679 -0.00112379 -0.00259602 0.018103 -0.00828381 -0.00527125
internal_weight=8512 8324 8159 1754 6405 5961
internal_count=8512 8324 8159 1754 6405 5961
is_linear=0
shrinkage=0.03


Tree=214
num_leaves=7
num_cat=0
split_feature=18 36 31 36 5 1
split_gain=1320.56 940.96 816.398 776.465 995.332 1315.88
threshold=1.2402894170566632 2.249904835165133 -0.25872291820661059 5.1561734468561555 -0.39967982245469375 -129.9207699418192
decision_type=2 2 2 2 2 2
left_child=1 -1 -3 -4 5 -5
right_child=-2 2 3 4 -6 -7
leaf_value=0.036608014460626906 0.090982853863388294 -0.065012118342541614 -0.019302316996919186 -0.0060431754879799399 -0.0041557209763112765 0.05466637002497074
leaf_weight=524 130 186 1945 609 4403 666
leaf_count=524 130 186 1945 609 4403 666
internal_value=-0.000391547 -0.00192439 -0.00455351 -0.00299509 0.00261507 0.0258473
internal_weight=8463 8333 7809 7623 5678 1275
internal_count=8463 8333 7809 7623 5678 1275
is_linear=0
shrinkage=0.03


Tree=215
num_leaves=7
num_cat=0
split_feature=29 2 34 21 14 37
split_gain=1314.84 1184.32 731.023 1194.7 1284.63 1253.41
threshold=-0.63794956539663639 -0.57463544021336699 -0.0042046122044730799 -0.21051499092036033 0.93823414760403812 6.3071868642287745
decision_type=2 2 2 2 10 2
left_child=-1 -2 -3 4 -4 -5
right_child=1 2 3 5 -6 -7
leaf_value=-0.020252564941548964 0.055801691815077541 -0.01268815558328472 0.0032647068087481358 0.032502460407756763 -0.068003929891913631 -0.012644416305885095
leaf_weight=2165 405 1772 894 2125 295 741
leaf_count=2165 405 1772 894 2125 295 741
internal_value=-0.000165936 0.00683344 0.00334017 0.0103584 -0.0148373 0.0208264
internal_weight=8397 6232 5827 4055 1189 2866
internal_count=8397 6232 5827 4055 1189 2866
is_linear=0
shrinkage=0.03


Tree=216
num_leaves=7
num_cat=0
split_feature=36 1 36 32 23 24
split_gain=1404.09 2051.3 1119.21 1218.63 771.23 1204.47
threshold=2.249904835165133 160.01998357559674 6.6100226439425702 1.7895743601992598 -0.002324274934583509 -0.29669785822961187
decision_type=2 2 2 2 2 2
left_child=1 -1 3 4 -2 -6
right_child=2 -3 -4 -5 5 -7
leaf_value=-0.019441607213038805 -0.024346885292845774 0.094906502923074246 0.015293419636123511 0.022483348025584247 -0.070689103185507141 0.010674180293195848
leaf_weight=252 3683 303 1800 808 176 1359
leaf_count=252 3683 303 1800 808 176 1359
internal_value=-0.002117 0.0435611 -0.00540784 -0.0116065 -0.0169182 0.000948077
internal_weight=8381 555 7826 6026 5218 1535
internal_count=8381 555 7826 6026 5218 1535
is_linear=0
shrinkage=0.03


Tree=217
num_leaves=7
num_cat=0
split_feature=30 22 22 37 15 20
split_gain=1364.69 914.373 885.361 840.607 824.586 780.877
threshold=-0.021298029930656683 -0.24278903316515291 -0.67708038171291651 4.9732735209982879 0.7710203838862576 0.05455116318651803
decision_type=2 2 2 2 2 2
left_child=1 2 -1 5 -5 -2
right_child=3 -3 -4 4 -6 -7
leaf_value=-0.030983408308077238 0.0069123888681465722 -0.022900923840857172 0.029964776706269805 -0.0072646829176659577 0.023127787693151023 0.048452825353735018
leaf_weight=300 753 2346 690 2253 1236 887
leaf_count=300 753 2346 690 2253 1236 887
internal_value=0.00218637 -0.0127269 0.0113705 0.0118921 0.00353737 0.0295372
internal_weight=8465 3336 990 5129 3489 1640
internal_count=8465 3336 990 5129 3489 1640
is_linear=0
shrinkage=0.03


Tree=218
num_leaves=7
num_cat=0
split_feature=15 19 1 22 9 20
split_gain=1393.56 1293.99 1111.4 1224.17 893.615 849.222
threshold=-1.4206227761253978 -0.40615952954589274 573.87692084080425 -0.11867217870853226 -1.2292724303709315 -0.76939680147211476
decision_type=2 2 2 2 2 2
left_child=5 -2 4 -4 -3 -1
right_child=1 2 3 -5 -6 -7
leaf_value=0.02894553276849544 0.053222403050544334 -0.077567117247073089 -0.01376554429391879 0.063714440716158227 0.0001477165033727017 -0.059142925413440406
leaf_weight=117 475 126 281 503 6383 476
leaf_count=117 475 126 281 503 6383 476
internal_value=0.00236775 0.00577113 0.00261193 0.0361206 -0.00147335 -0.0415711
internal_weight=8361 7768 7293 784 6509 593
internal_count=8361 7768 7293 784 6509 593
is_linear=0
shrinkage=0.03


Tree=219
num_leaves=7
num_cat=0
split_feature=18 21 24 29 36 33
split_gain=1055.2 971.169 881.481 871.606 749.769 741.425
threshold=0.85507102516804612 0.068258063072879779 0.053415095377038195 1.5631243752789712 5.5664324555418956 -0.1165524739104622
decision_type=2 2 2 2 2 2
left_child=1 5 3 -2 -5 -1
right_child=2 -3 -4 4 -6 -7
leaf_value=0.030389734045954561 0.081321248117979472 -0.048866040254789557 0.11761858994039621 0.044618629681713436 -0.044318116369797156 -0.0017558065930491113
leaf_weight=704 144 354 100 143 183 6748
leaf_count=704 144 354 100 143 183 6748
internal_value=0.00188171 -0.00101775 0.040922 0.0224932 -0.00513913 0.00131768
internal_weight=8376 7806 570 470 326 7452
internal_count=8376 7806 570 470 326 7452
is_linear=0
shrinkage=0.03


Tree=220
num_leaves=7
num_cat=0
split_feature=1 19 33 9 17 23
split_gain=1044.43 1275.89 834.353 906.991 974.776 1782.53
threshold=-271.49378283378877 -0.43922193949618432 -0.13907372532277837 0.56724807357982299 0.46113877171604584 -0.51557041221000288
decision_type=2 2 2 2 2 2
left_child=-1 -2 -3 -4 -5 -6
right_child=1 2 3 4 5 -7
leaf_value=-0.026964854038657789 0.05792293512981718 0.042026435997039438 -0.0098374074897328804 0.044100432582702992 -0.075682980353251481 0.01422447702325111
leaf_weight=1160 359 403 4355 656 224 1297
leaf_count=1160 359 403 4355 656 224 1297
internal_value=-0.000650546 0.00356553 0.000672296 -0.00193944 0.0138329 0.000575816
internal_weight=8454 7294 6935 6532 2177 1521
internal_count=8454 7294 6935 6532 2177 1521
is_linear=0
shrinkage=0.03


Tree=221
num_leaves=7
num_cat=0
split_feature=16 37 22 29 29 25
split_gain=1454.07 942.293 1041.5 951.891 812.353 950.27
threshold=1.6454665125574797 4.6774800307930642 0.0059977889473297871 1.4451187273575383 1.1282371939521958 1.8562685969001675
decision_type=2 2 2 2 2 2
left_child=1 2 3 -1 -3 -6
right_child=-2 4 -4 -5 5 -7
leaf_value=0.01363206111642532 0.075342490947560264 -0.011484584757839004 0.057859872317381114 -0.068296675770543519 0.033452693004559761 -0.029508210867517076
leaf_weight=1115 218 5365 435 134 803 285
leaf_count=1115 218 5365 435 134 803 285
internal_value=0.000620389 -0.00147153 0.0184469 0.00436962 -0.00669001 0.0168416
internal_weight=8355 8137 1684 1249 6453 1088
internal_count=8355 8137 1684 1249 6453 1088
is_linear=0
shrinkage=0.03


Tree=222
num_leaves=7
num_cat=0
split_feature=12 18 9 27 36 35
split_gain=1358.32 1110.3 1078.01 1281.74 1076.16 994.882
threshold=-0.90247788288475805 0.78026244949045065 1.1235668625472091 0.83488092671686509 5.2548844000372066 0.062410306000532004
decision_type=2 2 2 2 2 2
left_child=-1 2 3 -2 -3 -5
right_child=1 4 -4 5 -6 -7
leaf_value=-0.034623322784205796 -0.0019948411039730522 0.095974861623649044 -0.042476348760244476 0.012497941881544242 0.013866445785964221 0.084230579321039015
leaf_weight=955 5567 202 498 463 459 273
leaf_count=955 5567 202 498 463 459 273
internal_value=-0.00112922 0.00319802 -0.000433774 0.00295003 0.040015 0.0398777
internal_weight=8417 7462 6801 6303 661 736
internal_count=8417 7462 6801 6303 661 736
is_linear=0
shrinkage=0.03


Tree=223
num_leaves=7
num_cat=0
split_feature=15 37 24 26 5 13
split_gain=951.057 1195.59 2075.12 1009.3 1023.69 792.959
threshold=0.44916166163169235 6.0390628155997765 -0.27855297674068891 0.80922250060031342 1.1266934155998569 -19.587626069901422
decision_type=2 2 2 2 2 8
left_child=5 2 3 -2 -5 -1
right_child=1 -3 -4 4 -6 -7
leaf_value=-0.084293412407942581 0.021231914385218001 -0.0093985492633876823 0.046658047715999539 -0.13100155353224996 -0.011793040693910033 -0.0039441000792558569
leaf_weight=103 229 1127 1494 106 152 5180
leaf_count=103 229 1127 1494 106 152 5180
internal_value=0.00207836 0.0152198 0.0292021 -0.0242097 -0.0638308 -0.00566693
internal_weight=8391 3108 1981 487 258 5283
internal_count=8391 3108 1981 487 258 5283
is_linear=0
shrinkage=0.03


Tree=224
num_leaves=7
num_cat=0
split_feature=1 3 12 23 18 2
split_gain=848.714 1089.44 984.838 888.901 1053.74 920.732
threshold=-44.279275030331284 -0.52284488559623787 -0.93755004324573865 -0.14072758183874443 0.85507102516804612 -0.26830666791906271
decision_type=2 2 2 2 2 2
left_child=-1 -2 -3 4 5 -4
right_child=1 2 3 -5 -6 -7
leaf_value=-0.01323285161282515 0.050617970281029837 -0.07842722164993067 0.047763012901706967 0.015186051494529189 0.044283656673127871 -0.02654177869949563
leaf_weight=2881 458 121 157 2989 261 1541
leaf_count=2881 458 121 157 2989 261 1541
internal_value=-5.78482e-05 0.00682124 0.0027722 0.00491205 -0.0107613 -0.019432
internal_weight=8408 5527 5069 4948 1959 1698
internal_count=8408 5527 5069 4948 1959 1698
is_linear=0
shrinkage=0.03


Tree=225
num_leaves=7
num_cat=0
split_feature=32 32 36 32 1 3
split_gain=781.063 994.485 807.096 977.399 879.707 759.904
threshold=1.7895743601992598 1.7179473553517897 5.772996334337213 -0.13727207126707142 -462.3252624652672 -0.7110081111314398
decision_type=2 2 2 2 2 2
left_child=1 2 3 5 -4 -1
right_child=-2 -3 4 -5 -6 -7
leaf_value=0.0094478292283731082 0.023816313814387813 -0.092159360744736407 -0.058333121493720171 0.0047470160806466748 0.011318264838934682 -0.037950730301573095
leaf_weight=387 1155 100 161 1637 3636 1359
leaf_count=387 1155 100 161 1637 3636 1359
internal_value=0.00100823 -0.00263807 -0.00126481 -0.0119026 0.00821945 -0.0274509
internal_weight=8435 7280 7180 3383 3797 1746
internal_count=8435 7280 7180 3383 3797 1746
is_linear=0
shrinkage=0.03


Tree=226
num_leaves=7
num_cat=0
split_feature=21 12 2 33 23 33
split_gain=1290.35 1139.52 1193.38 929.616 1053.69 961.746
threshold=0.056333756876117906 -0.43747110491655322 -0.57463544021336699 -0.173721084520985 -0.42757691027195438 0.0036138021897761112
decision_type=2 2 2 2 2 2
left_child=1 -1 -3 -4 5 -5
right_child=-2 2 3 4 -6 -7
leaf_value=-0.017379906214809313 -0.045852304473657048 0.062528546812882738 0.0701765312848147 -0.057205063139063941 0.0090034785021196623 0.0041583550646070652
leaf_weight=2014 531 339 182 446 4446 461
leaf_count=2014 531 339 182 446 4446 461
internal_value=-0.00103145 0.00204001 0.00871668 0.00531406 0.00298202 -0.0263107
internal_weight=8419 7888 5874 5535 5353 907
internal_count=8419 7888 5874 5535 5353 907
is_linear=0
shrinkage=0.03


Tree=227
num_leaves=7
num_cat=0
split_feature=1 33 34 16 36 17
split_gain=996.18 795.169 671.347 874.91 621.753 734.567
threshold=-664.03069053082902 0.11467953711605121 -0.0025306251323968056 0.73823630987425604 6.7393359271010906 0.46965538392867945
decision_type=2 2 2 2 2 2
left_child=-1 4 3 -3 -2 -6
right_child=1 2 -4 -5 5 -7
leaf_value=-0.084932730957865715 -0.0048777332104437436 -0.039487481172147544 0.047877359123034702 0.063550719916820528 0.035797187678004036 -0.012954053079348897
leaf_weight=110 6273 218 573 100 776 424
leaf_count=110 6273 218 573 100 776 424
internal_value=0.000892944 0.00212177 0.0287458 -0.00613587 -0.00108677 0.018607
internal_weight=8474 8364 891 318 7473 1200
internal_count=8474 8364 891 318 7473 1200
is_linear=0
shrinkage=0.03


Tree=228
num_leaves=7
num_cat=0
split_feature=18 31 21 33 35 35
split_gain=1282.69 1054.57 905.72 1131.52 707.284 1094.68
threshold=1.2402894170566632 -0.25872291820661059 0.056333756876117906 -0.20434170858483472 -0.086480225640031452 -0.11667451162090851
decision_type=2 2 2 2 2 2
left_child=1 -1 3 -3 5 -5
right_child=-2 2 -4 4 -6 -7
leaf_value=-0.066756706320657958 0.091063403866507783 0.077574801580472419 -0.037271180981071191 -0.00048553681556278702 0.0077619723653521277 -0.0572035934221393
leaf_weight=195 133 177 483 1238 5802 397
leaf_count=195 133 177 483 1238 5802 397
internal_value=0.00197908 0.000442236 0.00214094 0.00468668 0.00285011 -0.0145215
internal_weight=8425 8292 8097 7614 7437 1635
internal_count=8425 8292 8097 7614 7437 1635
is_linear=0
shrinkage=0.03


Tree=229
num_leaves=7
num_cat=0
split_feature=31 9 21 33 1 7
split_gain=1457.87 790.006 1238.09 938.798 803.807 1363.01
threshold=-0.27427975927965492 0.5773079132388742 -0.30629875657745792 0.075477563632408304 -40.586140778431506 0.12822036234214637
decision_type=2 2 2 2 2 2
left_child=-1 2 -2 -3 -4 -6
right_child=1 3 4 -5 5 -7
leaf_value=-0.09024765547122475 0.018459158290752304 0.0029013136375313558 -0.028349624231548059 0.047813810859124763 0.019817765790220911 -0.023157862525279755
leaf_weight=159 1335 1733 2031 543 1226 1426
leaf_count=159 1335 1733 2031 543 1226 1426
internal_value=-0.00301876 -0.00123987 -0.0069333 0.0137787 -0.0141959 -0.00329073
internal_weight=8453 8294 6018 2276 4683 2652
internal_count=8453 8294 6018 2276 4683 2652
is_linear=0
shrinkage=0.03


Tree=230
num_leaves=7
num_cat=0
split_feature=32 9 26 22 23 8
split_gain=889.365 752.899 914.019 1190.78 941.256 663.434
threshold=1.7895743601992598 -0.25296195022386347 0.10869119398908435 0.023112916371509359 -0.015016327892057606 -0.28922392160527988
decision_type=2 2 2 2 2 2
left_child=5 -2 -3 4 -4 -1
right_child=1 2 3 -5 -6 -7
leaf_value=0.0078518417903522698 -0.040795550184260156 0.09302189677148251 -0.029146882799582031 0.073524185644374004 0.051419751653595573 -0.011270031966033701
leaf_weight=2472 135 175 412 242 179 4769
leaf_count=2472 135 175 412 242 179 4769
internal_value=-0.000849544 0.0236254 0.0325692 0.0189163 -0.00429559 -0.0047402
internal_weight=8384 1143 1008 833 591 7241
internal_count=8384 1143 1008 833 591 7241
is_linear=0
shrinkage=0.03


Tree=231
num_leaves=7
num_cat=0
split_feature=31 32 3 36 36 16
split_gain=868.185 868.209 1088.06 1469.15 1314.74 1117.82
threshold=-0.25872291820661059 -0.13727207126707142 -0.45295157204934794 5.8215644129176907 3.0677824455408698 0.5744425629654254
decision_type=2 2 2 2 2 2
left_child=-1 2 -2 4 -4 -6
right_child=1 -3 3 -5 5 -7
leaf_value=-0.059255343066829745 0.015196785216623876 0.011951372051162468 0.040382935271180913 0.0023494990551800785 -0.070558317436793819 0.020406891507272786
leaf_weight=194 1225 4643 135 1276 816 138
leaf_count=194 1225 4643 135 1276 816 138
internal_value=0.00188523 0.00339607 -0.00767109 -0.0195301 -0.0449549 -0.0573246
internal_weight=8427 8233 3590 2365 1089 954
internal_count=8427 8233 3590 2365 1089 954
is_linear=0
shrinkage=0.03


Tree=232
num_leaves=7
num_cat=0
split_feature=31 18 36 1 31 30
split_gain=966.682 851.375 647.51 1141.59 736.225 1344.52
threshold=-0.27427975927965492 1.2402894170566632 2.249904835165133 166.03944349525071 -0.050696431816729483 -0.037072924093942972
decision_type=2 2 2 2 2 2
left_child=-1 2 3 -2 -4 -6
right_child=1 -3 4 -5 5 -7
leaf_value=-0.069768745893171072 -0.013224669520961307 0.074971211704802004 0.012240088654538033 0.073000426486198755 -0.040528050222080496 -0.0008469511235934164
leaf_weight=163 259 131 2357 280 925 4318
leaf_count=163 259 131 2357 280 925 4318
internal_value=0.000417694 0.00188365 0.000616719 0.0320814 -0.00165401 -0.00791154
internal_weight=8433 8270 8139 539 7600 5243
internal_count=8433 8270 8139 539 7600 5243
is_linear=0
shrinkage=0.03


Tree=233
num_leaves=7
num_cat=0
split_feature=37 12 20 23 34 13
split_gain=1114.86 904.232 952.957 825.798 817.031 671.406
threshold=4.8713658868283671 -0.90247788288475805 -0.81683971340677275 -0.37668376010151255 0.065154739898144118 14.004725394402064
decision_type=2 2 2 2 2 10
left_child=-1 2 -2 -4 5 -3
right_child=1 4 3 -5 -6 -7
leaf_value=0.018936502468377695 0.023272509608025613 -0.0092473336766567583 0.001677700797950036 -0.075864631982680356 0.05923345848208382 0.01795767941936003
leaf_weight=2072 180 4406 171 432 179 992
leaf_count=2072 180 4406 171 432 179 992
internal_value=-0.000121824 -0.00635074 -0.0363263 -0.0542064 -0.00208475 -0.00422386
internal_weight=8432 6360 783 603 5577 5398
internal_count=8432 6360 783 603 5577 5398
is_linear=0
shrinkage=0.03


Tree=234
num_leaves=7
num_cat=0
split_feature=29 36 33 6 12 19
split_gain=1014.47 785.049 894.972 1162.91 1225.84 816.626
threshold=-2.4110196849497232 2.249904835165133 -0.1165524739104622 -1.6569104366232565 -0.61788627815249997 -0.19368075585090891
decision_type=2 2 2 2 2 2
left_child=-1 -2 -3 -4 -5 -6
right_child=1 2 3 4 5 -7
leaf_value=-0.070077031567692752 0.036244505249556941 0.030504154530595025 0.069898003794770833 -0.034030946075081309 0.030850629829822375 -0.0043505309221121211
leaf_weight=170 549 743 177 1150 663 4988
leaf_count=170 549 743 177 1150 663 4988
internal_value=0.000382247 0.00191351 -0.000571313 -0.00391907 -0.00594001 -0.000173376
internal_weight=8440 8270 7721 6978 6801 5651
internal_count=8440 8270 7721 6978 6801 5651
is_linear=0
shrinkage=0.03


Tree=235
num_leaves=7
num_cat=0
split_feature=31 33 36 36 22 37
split_gain=1074.76 1235.14 1070.24 915.3 1071.36 1041.44
threshold=-0.15168833185932762 -0.1165524739104622 3.8176519431297078 6.698884197138546 0.0037033841947365104 5.2806591939842535
decision_type=2 2 2 2 2 2
left_child=-1 -2 -3 4 -4 -6
right_child=1 2 3 -5 5 -7
leaf_value=-0.034380521143717258 0.038398388630476753 0.029674178245488816 -0.020225516533743795 0.015933450009273105 0.048130764493130543 -0.011433293773141791
leaf_weight=836 719 804 3811 1245 446 621
leaf_count=836 719 804 3811 1245 446 621
internal_value=-0.00229519 0.00125329 -0.00265204 -0.0069382 -0.0127963 0.0136799
internal_weight=8482 7646 6927 6123 4878 1067
internal_count=8482 7646 6927 6123 4878 1067
is_linear=0
shrinkage=0.03


Tree=236
num_leaves=7
num_cat=0
split_feature=18 13 3 29 32 15
split_gain=882.047 685.695 948.413 1295.32 648.141 618.035
threshold=1.2402894170566632 -19.587626069901422 -0.55787119567048016 -0.63794956539663639 -1.6681397359602192 -0.53898782346565388
decision_type=2 8 2 2 2 2
left_child=1 -1 3 5 -5 -3
right_child=-2 2 -4 4 -6 -7
leaf_value=-0.075240892956131386 0.073762378654309679 0.0147331065758494 -0.0057333155866730115 0.12858126787202698 0.041357351538830342 -0.043424163065098512
leaf_weight=104 130 776 6838 102 300 198
leaf_count=104 130 776 6838 102 300 198
internal_value=-0.000915417 -0.00216971 -0.00115417 0.021479 0.0660725 0.00258943
internal_weight=8448 8318 8214 1376 402 974
internal_count=8448 8318 8214 1376 402 974
is_linear=0
shrinkage=0.03


Tree=237
num_leaves=7
num_cat=0
split_feature=1 23 36 26 26 32
split_gain=940.814 1033.72 910.403 918.794 1463.64 893.795
threshold=-44.279275030331284 -0.35650041697454932 5.9952067579627961 -0.16449418302754457 -0.63265437688153436 -2.4069252595357029
decision_type=2 2 2 2 2 2
left_child=1 -1 -3 4 -4 -2
right_child=5 2 3 -5 -6 -7
leaf_value=0.01688888111846162 0.076231704746874476 -0.039750420661768669 -0.027484944477145157 -0.043767460771807334 0.068607212520194957 0.0033946687901470329
leaf_weight=674 146 1422 270 279 283 5470
leaf_count=674 146 1422 270 279 283 5470
internal_value=-0.0017674 -0.0155253 -0.0252497 -0.000288204 0.0220358 0.00542036
internal_weight=8544 2928 2254 832 553 5616
internal_count=8544 2928 2254 832 553 5616
is_linear=0
shrinkage=0.03


Tree=238
num_leaves=7
num_cat=0
split_feature=13 18 24 26 21 37
split_gain=1174.88 906.949 870.126 997.564 677.848 949.747
threshold=-19.587626069901422 1.2402894170566632 0.14217379873165628 -0.36884996868836628 0.010083690006069897 6.0390628155997765
decision_type=8 2 2 2 2 2
left_child=-1 2 4 -4 -2 -6
right_child=1 -3 3 -5 5 -7
leaf_value=-0.094018512341225977 0.0069767313862229051 0.076754640222837525 0.026452493249950273 -0.070873080285086584 0.0035064328214766817 -0.049321523884396701
leaf_weight=106 6586 134 132 291 795 487
leaf_count=106 6586 134 132 291 795 487
internal_value=0.000807678 0.00211079 0.000813379 -0.0405925 0.00308814 -0.016788
internal_weight=8531 8425 8291 423 7868 1282
internal_count=8531 8425 8291 423 7868 1282
is_linear=0
shrinkage=0.03


Tree=239
num_leaves=7
num_cat=0
split_feature=18 1 37 28 3 9
split_gain=1028.4 559.451 708.1 914.873 685.862 754.145
threshold=1.3200130979596716 -462.3252624652672 5.5073599362801708 -1.4695799024998613 -0.55787119567048016 -1.2292724303709315
decision_type=2 2 2 2 2 2
left_child=1 2 -1 -4 -3 -6
right_child=-2 4 3 -5 5 -7
leaf_value=-0.089813509561742347 0.089360347532534162 0.020235718931788407 -0.049581908391440638 0.057701902659767761 -0.081336140246795752 -0.0028204310117204566
leaf_weight=134 102 1220 172 108 102 6575
leaf_count=134 102 1220 172 108 102 6575
internal_value=-0.000941722 -0.00215605 -0.035727 -0.00763822 -0.000353137 -0.0041397
internal_weight=8413 8311 414 280 7897 6677
internal_count=8413 8311 414 280 7897 6677
is_linear=0
shrinkage=0.03


Tree=240
num_leaves=7
num_cat=0
split_feature=35 32 22 37 17 23
split_gain=895.234 745.508 1010.4 1222.57 705.421 1248.29
threshold=-0.26366988245597461 2.0984182318808169 -0.010945952295558845 4.9732735209982879 0.37472202535973315 -0.37668376010151255
decision_type=2 2 2 2 2 2
left_child=-1 4 -3 -4 -2 -6
right_child=1 2 3 -5 5 -7
leaf_value=-0.054113126536244595 0.0062239097818439374 0.0031325789011970779 0.1315227949704714 0.014449579353133837 -0.05837984682905753 -0.002787324605466485
leaf_weight=244 5154 497 147 170 443 1846
leaf_count=244 5154 497 147 170 443 1846
internal_value=0.00136464 0.00306751 0.0301435 0.0711009 6.98947e-05 -0.0137535
internal_weight=8501 8257 814 317 7443 2289
internal_count=8501 8257 814 317 7443 2289
is_linear=0
shrinkage=0.03


Tree=241
num_leaves=7
num_cat=0
split_feature=35 1 21 32 6 33
split_gain=871.539 1000.73 1041.05 998.749 1108.1 912.077
threshold=-0.084867476310064 -284.91001132841126 -0.28970883482410187 -0.019033916018784177 0.26295540971978398 -0.13907372532277837
decision_type=2 2 2 2 2 2
left_child=3 2 -2 4 -1 -3
right_child=1 5 -4 -5 -6 -7
leaf_value=-0.025015661996828281 0.031000187176872383 0.055425110972271513 -0.063242113245891296 0.0059344512669194955 -0.12116536026502528 0.0063857881766455158
leaf_weight=969 144 354 339 950 113 5569
leaf_count=969 144 354 339 950 113 5569
internal_value=0.000569009 0.00600118 -0.0350861 -0.0165018 -0.0360748 0.0094052
internal_weight=8438 6406 483 2032 1082 5923
internal_count=8438 6406 483 2032 1082 5923
is_linear=0
shrinkage=0.03


Tree=242
num_leaves=7
num_cat=0
split_feature=27 34 10 1 16 1
split_gain=1020.31 746.362 1086.1 950.928 873.579 877.784
threshold=-1.8658257179280067 -0.0030574657059442576 -0.95375544434204229 875.62082862528803 -0.82705639877758386 -54.903788350535926
decision_type=2 2 2 2 2 2
left_child=-1 2 -2 4 -3 -6
right_child=1 3 -4 -5 5 -7
leaf_value=-0.069339032087644401 -0.053092474840177255 0.047496602677642052 -0.0010320148630383137 0.089433230489940577 -0.016732477185227124 0.01207559623956744
leaf_weight=166 414 454 2417 123 1289 3556
leaf_count=166 414 454 2417 123 1289 3556
internal_value=0.00214018 0.00366008 -0.00880532 0.0101729 0.00816811 0.0043926
internal_weight=8419 8253 2831 5422 5299 4845
internal_count=8419 8253 2831 5422 5299 4845
is_linear=0
shrinkage=0.03


Tree=243
num_leaves=7
num_cat=0
split_feature=33 37 36 30 9 1
split_gain=948.343 860.537 987.891 971.119 1161.34 922.111
threshold=-0.13907372532277837 4.8713658868283671 4.886575525404063 0.076934452366031428 0.52788781013349662 823.3784385102457
decision_type=2 2 2 2 2 2
left_child=-1 5 3 4 -3 -2
right_child=1 2 -4 -5 -6 -7
leaf_value=0.035259448595727098 0.007702221589351777 -0.036426527062611229 -0.0038807981405058461 -0.086876876537821127 0.046149240818340327 0.097119723444635223
leaf_weight=575 1895 765 4677 242 182 100
leaf_count=575 1895 765 4677 242 182 100
internal_value=-0.00159478 -0.00433189 -0.0101178 -0.0344144 -0.0202402 0.0126463
internal_weight=8436 7861 5866 1189 947 1995
internal_count=8436 7861 5866 1189 947 1995
is_linear=0
shrinkage=0.03


Tree=244
num_leaves=7
num_cat=0
split_feature=1 24 9 9 25 35
split_gain=1018.22 1003.56 1008.91 1022.32 827.623 696.619
threshold=573.87692084080425 -0.27855297674068891 1.1235668625472091 1.877523345272772 1.6945144606810272 0.10631667881220755
decision_type=2 2 2 2 2 2
left_child=4 -2 -3 -4 5 -1
right_child=1 2 3 -5 -6 -7
leaf_value=-0.0060911915151531633 -0.02564535531305789 0.094890688296114453 -0.023200436731850779 0.085618658706545822 -0.05333606335446011 0.01803352207220971
leaf_weight=6098 196 257 212 110 282 1298
leaf_count=6098 196 257 212 110 282 1298
internal_value=-0.000474379 0.0320721 0.051714 0.015433 -0.00379699 -0.00183866
internal_weight=8453 775 579 322 7678 7396
internal_count=8453 775 579 322 7678 7396
is_linear=0
shrinkage=0.03


Tree=245
num_leaves=7
num_cat=0
split_feature=12 12 23 14 1 41
split_gain=781.372 584.394 566.246 715.916 738.168 641.887
threshold=-0.61788627815249997 -0.70469594338036778 0.070346409843085989 -0.61120380032780053 -284.91001132841126 1.0000000180025095e-35
decision_type=2 2 2 8 2 2
left_child=1 -1 3 -2 -5 -6
right_child=2 -3 -4 4 5 -7
leaf_value=-0.0094725692034764598 0.047634556988715361 -0.060134150638202537 0.032850393559494463 -0.041523261376111759 0.010566217133919285 -0.011326644056837401
leaf_weight=1410 301 231 634 337 3766 1761
leaf_count=1410 301 231 634 337 3766 1761
internal_value=0.0015925 -0.0169251 0.00608018 0.00327843 0.000924409 0.00358291
internal_weight=8440 1641 6799 6165 5864 5527
internal_count=8440 1641 6799 6165 5864 5527
is_linear=0
shrinkage=0.03


Tree=246
num_leaves=7
num_cat=0
split_feature=32 32 1 8 34 21
split_gain=950.622 1019.89 923.867 1066.81 1273.83 1059.78
threshold=1.7895743601992598 1.6164857148226157 -77.35464562006824 0.32648937053502908 -0.0026844881636165492 -0.21442997426631483
decision_type=2 2 2 2 2 2
left_child=1 -1 -2 -4 -5 -6
right_child=2 -3 3 4 5 -7
leaf_value=-0.002120711395729506 -0.047722254829655447 -0.064887362577917662 0.089065619473715857 -0.045469262587585456 -0.023558689198073218 0.06641253650557763
leaf_weight=7041 129 231 239 204 160 396
leaf_count=7041 129 231 239 204 160 396
internal_value=-0.000216285 -0.00420091 0.025283 0.0350896 0.0171793 0.0405627
internal_weight=8400 7272 1128 999 760 556
internal_count=8400 7272 1128 999 760 556
is_linear=0
shrinkage=0.03


Tree=247
num_leaves=7
num_cat=0
split_feature=20 15 2 6 13 2
split_gain=881.702 926.771 1068.12 953.192 1269.31 849.32
threshold=0.060189271381615651 -1.6586962420114981 -0.47961561746245823 -0.41000777954340989 4.6130608903498276 0.46430843461212729
decision_type=2 2 2 2 10 2
left_child=5 -2 -3 4 -4 -1
right_child=1 2 3 -5 -6 -7
leaf_value=-0.00046058173334706889 -0.069065184193663295 0.063370752588221654 0.00014907799984222104 0.015857188603621074 -0.12017782828347248 -0.036810898553178192
leaf_weight=3693 110 372 279 3233 100 676
leaf_count=3693 110 372 279 3233 100 676
internal_value=0.00321142 0.0131989 0.0156375 0.01056 -0.0338727 -0.00615616
internal_weight=8463 4094 3984 3612 379 4369
internal_count=8463 4094 3984 3612 379 4369
is_linear=0
shrinkage=0.03


Tree=248
num_leaves=7
num_cat=0
split_feature=36 31 4 17 31 27
split_gain=1108.85 1187.83 857.439 1341.08 818.803 674.359
threshold=2.249904835165133 0.038529824328096533 0.77735437099594695 1.1257079726177039 0.044452066228405175 0.79954571860592571
decision_type=2 2 2 2 2 2
left_child=-1 -2 4 -4 -3 -6
right_child=1 2 3 -5 5 -7
leaf_value=0.039335884024174164 -0.013069670958237726 0.073647549996266562 0.10935977567688218 -0.0039117558621443241 -0.008076640589018063 0.028149486282000355
leaf_weight=562 4859 137 180 185 1883 602
leaf_count=562 4859 137 180 185 1883 602
internal_value=-0.000992628 -0.00392771 0.0109377 0.0533748 0.00484977 0.000776916
internal_weight=8408 7846 2987 365 2622 2485
internal_count=8408 7846 2987 365 2622 2485
is_linear=0
shrinkage=0.03


Tree=249
num_leaves=7
num_cat=0
split_feature=34 16 34 37 21 23
split_gain=704.325 1219.93 1255.81 1241.86 1012.18 1178.52
threshold=-0.0020490343076587157 0.10700524493145973 0.013559425668166892 5.7252164247697896 0.0037136108194959212 0.10483593153900758
decision_type=2 2 2 2 2 2
left_child=4 -2 3 -3 -1 -6
right_child=1 2 -4 -5 5 -7
leaf_value=-0.0045316177403281737 0.018784016197493314 0.029742490614345609 -0.038263446850916309 -0.020925433270286856 -0.062973311657494882 0.043661205372528024
leaf_weight=2450 2646 884 912 839 564 104
leaf_count=2450 2646 884 912 839 564 104
internal_value=-0.0022454 0.00442932 -0.0100018 0.0050918 -0.0135285 -0.0459724
internal_weight=8399 5281 2635 1723 3118 668
internal_count=8399 5281 2635 1723 3118 668
is_linear=0
shrinkage=0.03


end of trees

feature_importances:
edge_rec_ppd=332
elo_diff=210
edge_sr_early=81
edge_rec_sr=50
a_qb_exp_db_log=46
x_pass_a=45
edge_sr_rush=44
x_pass_h=42
edge_st_net=42
l4_edge_epa=38
edge_epa=37
edge_sr=37
x_rush_h=35
edge_rec_epa=35
h_qb_exp_db_log=35
x_rush_a=34
edge_expl=33
eff_pts_raw=31
qb_exp_edge=31
edge_fg_value=30
edge_epa_rush=29
edge_rec_epa_rush=25
l2_edge_epa=23
qb_delta_edge=19
edge_expl_pass=17
edge_prior_ppd=16
edge_prior_epa=15
edge_expl_rush=14
edge_sr_pd=12
edge_prior_epa_pass=11
edge_rec_epa_pass=9
match_mix_edge=8
edge_sr_3rd=7
edge_prior_sr=5
edge_epa_pass=5
edge_sr_pass=5
edge_prior_epa_rush=4
qb_unsettled_any=3
qb_missing_any=2
home_field=1
h_qb_changed=1
a_qb_changed=1

parameters:
[boosting: gbdt]
[objective: huber]
[metric: huber]
[tree_learner: serial]
[device_type: cpu]
[data_sample_strategy: bagging]
[data: ]
[valid: ]
[num_iterations: 250]
[learning_rate: 0.03]
[num_leaves: 7]
[num_threads: 1]
[seed: 20260927]
[deterministic: 1]
[force_col_wise: 0]
[force_row_wise: 1]
[histogram_pool_size: -1]
[max_depth: -1]
[min_data_in_leaf: 100]
[min_sum_hessian_in_leaf: 0.001]
[bagging_fraction: 0.8]
[pos_bagging_fraction: 1]
[neg_bagging_fraction: 1]
[bagging_freq: 1]
[bagging_seed: 20260927]
[bagging_by_query: 0]
[feature_fraction: 0.7]
[feature_fraction_bynode: 1]
[feature_fraction_seed: 20260927]
[extra_trees: 0]
[extra_seed: 2444]
[early_stopping_round: 0]
[early_stopping_min_delta: 0]
[first_metric_only: 0]
[max_delta_step: 0]
[lambda_l1: 0]
[lambda_l2: 10]
[linear_lambda: 0]
[min_gain_to_split: 0]
[drop_rate: 0.1]
[max_drop: 50]
[skip_drop: 0.5]
[xgboost_dart_mode: 0]
[uniform_drop: 0]
[drop_seed: 16765]
[top_rate: 0.2]
[other_rate: 0.1]
[min_data_per_group: 100]
[max_cat_threshold: 32]
[cat_l2: 10]
[cat_smooth: 10]
[max_cat_to_onehot: 4]
[top_k: 20]
[monotone_constraints: ]
[monotone_constraints_method: basic]
[monotone_penalty: 0]
[feature_contri: ]
[forcedsplits_filename: ]
[refit_decay_rate: 0.9]
[cegb_tradeoff: 1]
[cegb_penalty_split: 0]
[cegb_penalty_feature_lazy: ]
[cegb_penalty_feature_coupled: ]
[path_smooth: 0]
[interaction_constraints: ]
[verbosity: -1]
[saved_feature_importance_type: 0]
[use_quantized_grad: 0]
[num_grad_quant_bins: 4]
[quant_train_renew_leaf: 0]
[stochastic_rounding: 1]
[linear_tree: 0]
[max_bin: 255]
[max_bin_by_feature: ]
[min_data_in_bin: 3]
[bin_construct_sample_cnt: 200000]
[data_random_seed: 5108]
[is_enable_sparse: 1]
[enable_bundle: 1]
[use_missing: 1]
[zero_as_missing: 0]
[feature_pre_filter: 1]
[pre_partition: 0]
[two_round: 0]
[header: 0]
[label_column: ]
[weight_column: ]
[group_column: ]
[ignore_column: ]
[categorical_feature: ]
[forcedbins_filename: ]
[precise_float_parser: 0]
[parser_config_file: ]
[objective_seed: 12956]
[num_class: 1]
[is_unbalance: 0]
[scale_pos_weight: 1]
[sigmoid: 1]
[boost_from_average: 1]
[reg_sqrt: 0]
[alpha: 14]
[fair_c: 1]
[poisson_max_delta_step: 0.7]
[tweedie_variance_power: 1.5]
[lambdarank_truncation_level: 30]
[lambdarank_norm: 1]
[label_gain: ]
[lambdarank_position_bias_regularization: 0]
[eval_at: ]
[multi_error_top_k: 1]
[auc_mu_weights: ]
[num_machines: 1]
[local_listen_port: 12400]
[time_out: 120]
[machine_list_filename: ]
[machines: ]
[gpu_platform_id: -1]
[gpu_device_id: -1]
[gpu_device_id_list: ]
[gpu_use_dp: 0]
[num_gpu: 1]

end of parameters

pandas_categorical:null
