tree
version=v4
num_class=1
num_tree_per_iteration=1
label_index=0
max_feature_idx=41
objective=huber
feature_names=home_field elo_diff edge_prior_epa edge_prior_epa_pass edge_prior_epa_rush edge_prior_sr edge_prior_ppd edge_epa edge_epa_pass edge_epa_rush edge_sr edge_sr_pass edge_sr_rush eff_pts_raw match_mix_edge edge_sr_early edge_sr_pd edge_sr_3rd edge_expl edge_expl_pass edge_expl_rush x_pass_h x_pass_a x_rush_h x_rush_a edge_rec_epa edge_rec_epa_pass edge_rec_epa_rush edge_rec_sr edge_rec_ppd l4_edge_epa l2_edge_epa edge_st_net edge_fg_value qb_delta_edge qb_exp_edge h_qb_exp_db_log a_qb_exp_db_log h_qb_changed a_qb_changed qb_missing_any qb_unsettled_any
feature_infos=[0:1] [-1067.8629383980472:1542.6797252715346] [-2.8775260301544758:4.0437986886130375] [-2.9586801526997468:3.7409787576749229] [-2.1976000864324097:3.3610396008045029] [-2.629694522293923:3.8934796890162366] [-3.8216676225295494:5.7568705713900261] [-4.8838534365921902:4.8645641061903824] [-3.0656827976436833:3.7409787576749229] [-3.5345914355945762:4.1778995541607102] [-3.7770465738878891:5.0264293025136677] [-4.0134739995970099:4.1382427786012057] [-3.0939347268825586:4.0012605606358971] [-44.08698041635872:54.120117968959377] [-3.1718561142790693:3.8553032873838635] [-3.8560953623909282:5.0702007497336545] [-2.8980669796772975:3.3244088050615215] [-3.1066156359366897:3.3474861368874849] [-2.014483108243752:2.2628465378586546] [-1.3460481684893364:1.7584255816933354] [-2.9993196475517316:2.8980136922633739] [-3.3682776163316017:0.87696287028961772] [-2.4956455469299712:1.0271971660929529] [-3.3923338795023632:1.9320678346216029] [-3.5468645568999868:1.5112174835754908] [-5.5252623748890741:5.2971052591854626] [-3.1493017262357981:4.0940224029341508] [-4.1509293944586032:4.8063504101438523] [-4.269233672278812:5.8370602659408979] [-5.4681868872573087:5.7748021926493731] [-0.51301711123161531:0.47149563485808899] [-0.55930961759421771:0.54852290420266381] [-5.8036553255216266:7.3443033373239297] [-0.55415043724312463:0.49620862401201876] [-0.41057761219043953:0.50955442142238594] [-0.60562534915281074:0.58342769406075312] [0:7.7231200922663312] [0:7.7314920292456843] [0:1] [0:1] [0:1] [0:1]
tree_sizes=743 761 767 769 766 771 771 765 764 768 762 763 770 766 766 773 765 766 766 765 767 768 777 769 771 770 761 768 767 769 761 763 769 773 776 768 772 764 773 772 768 770 767 770 769 770 774 770 775 771 771 757 769 767 770 770 770 774 775 769 778 770 774 775 765 762 771 756 775 768 765 771 771 770 771 767 768 764 768 777 761 767 777 775 775 778 770 760 772 774 766 761 770 771 778 780 778 771 769 771 775 770 774 776 770 779 781 764 773 770 771 767 777 774 772 764 778 771 774 777 770 779 784 770 775 780 773 765 780 775 776 781 776 771 773 780 777 787 772 782 771 779 776 773 785 773 777 774 776 777 776 782 769 783 769 775 771 762 781 776 783 778 769 772 771 783 778 772 774 770 772 776 784 776 770 786 781 772 785 768 773 777 771 766 790 780 771 777 772 783 778 784 777 776 765 775 783 780 779 777 769 780 779 770 775 786 777 780 778 776 778 772 772 775 776 785 777 779 772 773 786 775 769 783 779 782 775 772 775 780 763 778 781 786 782 770 772 773 776 772 762 774 785 782 764 785 761 777 778 776

Tree=0
num_leaves=7
num_cat=0
split_feature=29 29 29 29 29 29
split_gain=279777 42628.9 36984.8 6470.53 5455.24 5135.78
threshold=0.09960648004369943 1.1459911778019283 -0.91114618569062644 0.60772031880855737 1.5875866626339077 -0.21727814488232647
decision_type=2 2 2 2 2 2
left_child=2 3 -1 -2 -3 -4
right_child=1 4 5 -5 -6 -7
leaf_value=3.8525271796501568 4.1862282625108209 4.3524407663700622 4.0038318487145839 4.2813742002068009 4.4708940154947427 4.0928824809703173
leaf_weight=1623 1355 662 1614 1240 1026 933
leaf_count=1623 1355 662 1614 1240 1026 933
internal_value=4.13886 4.30897 3.96416 4.23206 4.42596 4.03614
internal_weight=8453 4283 4170 2595 1688 2547
internal_count=8453 4283 4170 2595 1688 2547
is_linear=0
shrinkage=1


Tree=1
num_leaves=7
num_cat=0
split_feature=25 7 7 6 25 7
split_gain=244505 38454.3 33198.8 6614.01 4774.15 4432.79
threshold=0.16054050665426392 0.92658954132863103 -0.60733218430362246 0.20745508629651824 -1.5512453260100871 1.3845778216407945
decision_type=2 2 2 2 2 2
left_child=2 3 4 -2 -1 -3
right_child=1 5 -4 -5 -6 -7
leaf_value=-0.32656919572693088 0.019055020024633856 0.20978178409127626 -0.083362946261949233 0.12268816711642429 -0.21777722934056748 0.31148675634261264
leaf_weight=576 949 840 2315 1337 1422 962
leaf_count=576 949 840 2315 1337 1422 962
internal_value=-0.00385579 0.16218 -0.161241 0.0799367 -0.250611 0.265496
internal_weight=8401 4088 4313 2286 1998 1802
internal_count=8401 4088 4313 2286 1998 1802
is_linear=0
shrinkage=0.03


Tree=2
num_leaves=7
num_cat=0
split_feature=25 7 7 6 13 7
split_gain=239378 36114.8 35018.4 5887.71 5091.14 4120.31
threshold=0.16054050665426392 0.92658954132863103 -0.64708423848817131 0.28387958158741139 17.79862644001388 -0.17856389201300113
decision_type=2 2 2 2 8 2
left_child=2 3 -1 -2 -3 -4
right_child=1 4 5 -5 -6 -7
leaf_value=-0.25525218312505393 0.030172054245930533 0.20310508502621047 -0.11686243905982362 0.12622340758590109 0.31116595992006851 -0.036626562221168439
leaf_weight=1903 1074 842 1328 1245 947 1034
leaf_count=1903 1074 842 1328 1245 947 1034
internal_value=-0.00249902 0.160745 -0.159742 0.0820596 0.261718 -0.0820405
internal_weight=8373 4108 4265 2319 1789 2362
internal_count=8373 4108 4265 2319 1789 2362
is_linear=0
shrinkage=0.03


Tree=3
num_leaves=7
num_cat=0
split_feature=25 1 1 7 7 7
split_gain=230800 42823.2 35185.3 7949.44 7095.33 5854.5
threshold=0.16054050665426392 379.51269700500876 -156.5830561186788 0.55898394002385854 -0.35570009913980138 -0.64708423848817131
decision_type=2 2 2 2 2 2
left_child=2 3 5 -2 -4 -1
right_child=1 -3 4 -5 -6 -7
leaf_value=-0.29256028864791683 0.016777034360088292 0.27074498266635616 -0.13990068770628869 0.12579460744611726 -0.038116347617067135 -0.16769180157263552
leaf_weight=1299 1152 1699 1121 1259 1378 526
leaf_count=1299 1152 1699 1121 1259 1378 526
internal_value=-0.00499123 0.155784 -0.157817 0.0739894 -0.0841503 -0.257681
internal_weight=8434 4110 4324 2411 2499 1825
internal_count=8434 4110 4324 2411 2499 1825
is_linear=0
shrinkage=0.03


Tree=4
num_leaves=7
num_cat=0
split_feature=29 29 29 29 29 29
split_gain=253642 42171 32583.9 9608.61 5385.61 2575.31
threshold=0.09960648004369943 1.4692516248387515 -0.99490080622934551 0.66907997211363901 -0.23991813934575779 -1.5504643872550374
decision_type=2 2 2 2 2 2
left_child=2 3 5 -2 -4 -1
right_child=1 -3 4 -5 -6 -7
leaf_value=-0.3292505424198196 0.046211348012742084 0.31118468292076185 -0.1379392153522212 0.15259685111730306 -0.049847453571444184 -0.23716934127480752
leaf_weight=687 1509 1187 1778 1564 985 765
leaf_count=687 1509 1187 1778 1564 985 765
internal_value=-0.00314164 0.159923 -0.167935 0.100675 -0.106828 -0.282691
internal_weight=8475 4260 4215 3073 2763 1452
internal_count=8475 4260 4215 3073 2763 1452
is_linear=0
shrinkage=0.03


Tree=5
num_leaves=7
num_cat=0
split_feature=29 29 29 29 29 29
split_gain=243268 39588.8 32166.1 10136.5 4493.89 3409.22
threshold=0.09960648004369943 1.4952333692603299 -0.93044713675040736 0.60772031880855737 -0.2534724643379303 -1.5504643872550374
decision_type=2 2 2 2 2 2
left_child=2 3 5 -2 -4 -1
right_child=1 -3 4 -5 -6 -7
leaf_value=-0.32613635947242442 0.036291468135859296 0.30481559910353012 -0.1318710441176123 0.14613900685875145 -0.050243419577583361 -0.22812021010451397
leaf_weight=683 1333 1156 1577 1763 1013 913
leaf_count=683 1333 1156 1577 1763 1013 913
internal_value=-0.00402307 0.155622 -0.166169 0.0991127 -0.100261 -0.271835
internal_weight=8438 4252 4186 3096 2590 1596
internal_count=8438 4252 4186 3096 2590 1596
is_linear=0
shrinkage=0.03


Tree=6
num_leaves=7
num_cat=0
split_feature=29 29 29 29 29 29
split_gain=230993 39211.6 34499.1 11174.4 4158.44 3133.18
threshold=0.10813831217115964 1.4692516248387515 -0.91114618569062644 0.60772031880855737 -0.55507672013404152 -1.5504643872550374
decision_type=2 2 2 2 2 2
left_child=2 3 5 -2 -4 -1
right_child=1 -3 4 -5 -6 -7
leaf_value=-0.32063686991314461 0.028482493338166572 0.29974224235206387 -0.15007470760930558 0.14521684071029434 -0.067457386755714971 -0.22694829968119956
leaf_weight=693 1298 1171 793 1719 1850 934
leaf_count=693 1298 1171 793 1719 1850 934
internal_value=-0.00511302 0.153009 -0.160193 0.0952544 -0.092718 -0.268569
internal_weight=8458 4188 4270 3017 2643 1627
internal_count=8458 4188 4270 3017 2643 1627
is_linear=0
shrinkage=0.03


Tree=7
num_leaves=7
num_cat=0
split_feature=29 29 29 29 15 29
split_gain=238829 43073.5 27032.7 8724 3774.53 3755.08
threshold=0.030965769977010529 1.2804942228903884 -0.89366952018216017 0.56990314805314468 -0.082416911351049435 2.0114643151311804
decision_type=2 2 2 2 2 2
left_child=2 3 -1 -2 -4 -3
right_child=1 5 4 -5 -6 -7
leaf_value=-0.2638096740847245 0.029551820432691247 0.23386369309800217 -0.13566682275536443 0.13145512756779318 -0.056602516810302261 0.34117948459583913
leaf_weight=1652 1460 851 1389 1575 926 613
leaf_count=1652 1460 851 1389 1575 926 613
internal_value=-0.00183111 0.14764 -0.171292 0.0826921 -0.104421 0.280808
internal_weight=8466 4499 3967 3035 2315 1464
internal_count=8466 4499 3967 3035 2315 1464
is_linear=0
shrinkage=0.03


Tree=8
num_leaves=7
num_cat=0
split_feature=25 25 25 6 25 13
split_gain=198239 33507.6 28525.6 8022.78 5260.78 3647.34
threshold=0.16054050665426392 1.1822399770750496 -0.60701098072693405 0.35154557007397363 -1.441321177064576 17.79862644001388
decision_type=2 2 2 2 2 8
left_child=2 3 4 -2 -1 -3
right_child=1 5 -4 -5 -6 -7
leaf_value=-0.29129882070039631 0.026744088586560574 0.19499193519146507 -0.066740534498357568 0.13190004898283089 -0.18611634001159388 0.30479640729972068
leaf_weight=697 1181 511 2161 1468 1413 896
leaf_count=697 1181 511 2161 1468 1413 896
internal_value=-0.00133725 0.148681 -0.143818 0.0852954 -0.222072 0.266575
internal_weight=8327 4056 4271 2649 2110 1407
internal_count=8327 4056 4271 2649 2110 1407
is_linear=0
shrinkage=0.03


Tree=9
num_leaves=7
num_cat=0
split_feature=29 29 29 29 10 29
split_gain=227377 39022.1 30638.5 6287.75 4956.93 4472.73
threshold=0.09960648004369943 1.0901818433269259 -0.79686637035678853 1.5875866626339077 0.32716122802268327 -1.5504643872550374
decision_type=2 2 2 2 2 2
left_child=2 4 5 -3 -2 -1
right_child=1 3 -4 -5 -6 -7
leaf_value=-0.31326859176246175 0.026685845655418386 0.18640448375313173 -0.085530735520529699 0.30562321835541001 0.11180095397725451 -0.21051269197652067
leaf_weight=673 1136 759 2321 1042 1356 1222
leaf_count=673 1136 759 2321 1042 1356 1222
internal_value=-0.00287868 0.15063 -0.159178 0.256687 0.0732622 -0.248459
internal_weight=8509 4293 4216 1801 2492 1895
internal_count=8509 4293 4216 1801 2492 1895
is_linear=0
shrinkage=0.03


Tree=10
num_leaves=7
num_cat=0
split_feature=7 1 1 7 10 7
split_gain=190121 34546.3 32111.8 9320.87 5405.21 5140.26
threshold=0.25188067527199715 -202.83973367628593 379.51269700500876 -0.35570009913980138 1.1402359543081502 0.55898394002385854
decision_type=2 2 2 2 2 2
left_child=1 -1 5 -3 -4 -2
right_child=2 3 4 -5 -6 -7
leaf_value=-0.24391720517601478 0.01646253923549245 -0.13043422514994957 0.1923225363335031 -0.026191091857002472 0.30530438565681567 0.11350680324195478
leaf_weight=1572 807 1362 825 1780 879 1261
leaf_count=1572 807 1362 825 1780 879 1261
internal_value=-0.00258861 -0.129491 0.155929 -0.0716491 0.252045 0.0758985
internal_weight=8486 4714 3772 3142 1704 2068
internal_count=8486 4714 3772 3142 1704 2068
is_linear=0
shrinkage=0.03


Tree=11
num_leaves=7
num_cat=0
split_feature=25 25 1 1 1 28
split_gain=193090 35117 32225.5 8115.06 6676.17 5765.04
threshold=0.24923739724594016 -0.60701098072693405 385.03185341013938 -271.49378283378877 34.7667902816221 1.2327574409398061
decision_type=2 2 2 2 2 2
left_child=1 3 -2 -1 -3 -4
right_child=2 4 5 -5 -6 -7
leaf_value=-0.28815852651751833 0.079188185686948895 -0.10081867520971083 0.19116134143592253 -0.16711274527203646 -0.0023650442086500562 0.30943459603264423
leaf_weight=924 2148 1307 775 1223 1172 881
leaf_count=924 2148 1307 775 1223 1172 881
internal_value=-0.00167154 -0.131744 0.156438 -0.220301 -0.0544691 0.255563
internal_weight=8430 4626 3804 2147 2479 1656
internal_count=8430 4626 3804 2147 2479 1656
is_linear=0
shrinkage=0.03


Tree=12
num_leaves=7
num_cat=0
split_feature=29 29 29 27 29 29
split_gain=202114 35560.5 28704.2 5950.4 4964.07 4027.46
threshold=0.09960648004369943 1.3197648206154067 -0.99490080622934551 0.51947592123027386 -0.38510501496219945 2.0114643151311804
decision_type=2 2 2 2 2 2
left_child=2 3 -1 -2 -4 -3
right_child=1 5 4 -5 -6 -7
leaf_value=-0.25561834845982601 0.048091368838205292 0.2183240692146704 -0.13056416081184069 0.13509832962346224 -0.049207527237006193 0.33047792324079917
leaf_weight=1451 1716 784 1366 1216 1363 601
leaf_count=1451 1716 784 1366 1216 1363 601
internal_value=0.000379799 0.144189 -0.148133 0.0845127 -0.0902586 0.269012
internal_weight=8497 4317 4180 2932 2729 1385
internal_count=8497 4317 4180 2932 2729 1385
is_linear=0
shrinkage=0.03


Tree=13
num_leaves=7
num_cat=0
split_feature=29 29 29 29 29 29
split_gain=189601 36179.1 29678.3 5920.19 4864.51 3871.75
threshold=0.09960648004369943 1.3197648206154067 -0.79686637035678853 0.59505668524625832 -1.489325372893014 2.0114643151311804
decision_type=2 2 2 2 2 2
left_child=2 3 4 -2 -1 -3
right_child=1 5 -4 -5 -6 -7
leaf_value=-0.29853325190938806 0.030257141082526726 0.21403343210655501 -0.074478618597937626 0.11644248600054362 -0.19349533262934568 0.3249499469046071
leaf_weight=730 1328 762 2288 1574 1120 597
leaf_count=730 1328 762 2288 1574 1120 597
internal_value=-0.00277189 0.137534 -0.147231 0.0772421 -0.236325 0.264776
internal_weight=8399 4261 4138 2902 1850 1359
internal_count=8399 4261 4138 2902 1850 1359
is_linear=0
shrinkage=0.03


Tree=14
num_leaves=7
num_cat=0
split_feature=25 1 1 10 28 13
split_gain=174481 35363.1 29893.9 6751.52 6287.86 5472.97
threshold=0.16054050665426392 379.51269700500876 -182.51025435665835 -0.47269803587586584 1.2327574409398061 13.191172996532599
decision_type=2 2 2 2 2 10
left_child=2 5 -1 -4 -3 -2
right_child=1 4 3 -5 -6 -7
leaf_value=-0.23634088806027864 0.036220522934699129 0.17670644131903018 -0.13358061487527273 -0.035663513306027496 0.29551445777942481 0.1470359693302605
leaf_weight=1647 1853 854 1032 1645 891 506
leaf_count=1647 1853 854 1032 1645 891 506
internal_value=-0.00326484 0.136675 -0.136094 -0.0737678 0.238708 0.0605105
internal_weight=8428 4104 4324 2677 1745 2359
internal_count=8428 4104 4324 2677 1745 2359
is_linear=0
shrinkage=0.03


Tree=15
num_leaves=7
num_cat=0
split_feature=29 29 29 29 15 29
split_gain=180179 36877.4 27419.3 6022.55 4405.23 4279.2
threshold=0.3104712682130697 -0.65620630803875579 1.4952333692603299 -1.3744249818097953 0.34704595168584879 -0.090423878954469974
decision_type=2 2 2 2 2 2
left_child=1 3 4 -1 -2 -3
right_child=2 5 -4 -5 -6 -7
leaf_value=-0.27860484019608306 0.044154138552590406 -0.08318287802326628 0.2771066487570007 -0.17266903438129513 0.1276940297616409 -0.0063144798389607173
leaf_weight=880 886 1493 1122 1269 1651 1154
leaf_count=880 886 1493 1122 1269 1651 1154
internal_value=-0.00423264 -0.125089 0.154087 -0.217138 0.0988072 -0.0498208
internal_weight=8455 4796 3659 2149 2537 2647
internal_count=8455 4796 3659 2149 2537 2647
is_linear=0
shrinkage=0.03


Tree=16
num_leaves=7
num_cat=0
split_feature=29 29 29 28 29 1
split_gain=184015 32415.4 29364.5 5908.95 5560.61 3536.07
threshold=0.17672283184543328 1.4692516248387515 -0.975345538030857 0.23341170625709126 -0.1783306278205912 239.19743072273255
decision_type=2 2 2 2 2 2
left_child=2 3 -1 -2 -4 -5
right_child=1 -3 4 5 -6 -7
leaf_value=-0.24574999035287193 0.020880001590642554 0.27405562407597522 -0.11157268463934397 0.068469421101401209 -0.02417604542928433 0.14851908378526865
leaf_weight=1476 848 1181 1884 891 1012 1204
leaf_count=1476 848 1181 1884 891 1012 1204
internal_value=-0.00175202 0.141826 -0.1372 0.088015 -0.0812204 0.114961
internal_weight=8496 4124 4372 2943 2896 2095
internal_count=8496 4124 4372 2943 2896 2095
is_linear=0
shrinkage=0.03


Tree=17
num_leaves=7
num_cat=0
split_feature=25 7 7 25 10 25
split_gain=155755 28094.2 25395.2 5358.56 5213.97 4023.07
threshold=0.16054050665426392 0.92658954132863103 -0.64708423848817131 -1.441321177064576 1.9293231933237291 0.64291077555396259
decision_type=2 2 2 2 2 2
left_child=2 5 3 -1 -3 -2
right_child=1 4 -4 -5 -6 -7
leaf_value=-0.27360443119940003 0.032714055815411855 0.19431600479424588 -0.059479753134869383 -0.16538201941945418 0.32816063426419556 0.11466893531038178
leaf_weight=693 1444 1433 2426 1223 352 862
leaf_count=693 1444 1433 2426 1223 352 862
internal_value=0.000662924 0.133321 -0.124346 -0.205742 0.222391 0.0637122
internal_weight=8433 4091 4342 1916 1785 2306
internal_count=8433 4091 4342 1916 1785 2306
is_linear=0
shrinkage=0.03


Tree=18
num_leaves=7
num_cat=0
split_feature=29 29 29 29 29 29
split_gain=173778 31867.3 27063.4 5090.48 5020.21 3311.33
threshold=0.15930550568987611 1.3197648206154067 -0.79686637035678853 0.56990314805314468 -1.5504643872550374 2.0114643151311804
decision_type=2 2 2 2 2 2
left_child=2 3 4 -2 -1 -3
right_child=1 5 -4 -5 -6 -7
leaf_value=-0.28499712198848154 0.030337844529368368 0.21168434045577139 -0.06559218403093213 0.11403291255646678 -0.17770726147234917 0.31469970958285615
leaf_weight=663 1097 792 2469 1645 1206 589
leaf_count=663 1097 792 2469 1645 1206 589
internal_value=0.00119069 0.140475 -0.131209 0.0807807 -0.217081 0.257567
internal_weight=8461 4123 4338 2742 1869 1381
internal_count=8461 4123 4338 2742 1869 1381
is_linear=0
shrinkage=0.03


Tree=19
num_leaves=7
num_cat=0
split_feature=29 29 29 29 29 29
split_gain=165507 30944 25414.8 6038.57 4300.65 3468.37
threshold=0.09960648004369943 1.4692516248387515 -0.975345538030857 0.60772031880855737 -0.21727814488232647 -1.5504643872550374
decision_type=2 2 2 2 2 2
left_child=2 3 5 -2 -4 -1
right_child=1 -3 4 -5 -6 -7
leaf_value=-0.28286192240113883 0.033255044264863226 0.26143275436118024 -0.10433355285962996 0.11816636565278198 -0.024326699390973337 -0.1845183824283278
leaf_weight=692 1345 1189 1801 1736 919 808
leaf_count=692 1345 1189 1801 1736 919 808
internal_value=0.000445207 0.131971 -0.132637 0.0813261 -0.07749 -0.23146
internal_weight=8490 4270 4220 3081 2720 1500
internal_count=8490 4270 4220 3081 2720 1500
is_linear=0
shrinkage=0.03


Tree=20
num_leaves=7
num_cat=0
split_feature=25 1 1 15 28 13
split_gain=148657 31215.8 26408.7 5987.47 5727.53 4365.28
threshold=0.16054050665426392 385.03185341013938 -198.13041811573791 -0.35126488916778581 1.2150352960468427 14.004725394402064
decision_type=2 2 2 2 2 8
left_child=2 5 -1 -4 -3 -2
right_child=1 4 3 -5 -6 -7
leaf_value=-0.22063889387607197 0.038023039247010233 0.16572390831765146 -0.11188149805534893 -0.023413414883446858 0.28040287624931948 0.13860153410367027
leaf_weight=1575 1928 822 1339 1420 883 481
leaf_count=1575 1928 822 1339 1420 883 481
internal_value=-0.000484501 0.128522 -0.122956 -0.0665978 0.226404 0.0585953
internal_weight=8448 4114 4334 2759 1705 2409
internal_count=8448 4114 4334 2759 1705 2409
is_linear=0
shrinkage=0.03


Tree=21
num_leaves=7
num_cat=0
split_feature=29 29 29 15 29 15
split_gain=156122 33513 20093.5 5972.27 3486.54 3262.59
threshold=0.018573166020018704 1.3197648206154067 -1.0130348414713757 0.32607355047383313 2.0114643151311804 -0.11346080010144219
decision_type=2 2 2 2 2 2
left_child=2 3 -1 -2 -3 -4
right_child=1 4 5 -5 -6 -7
leaf_value=-0.22967339539170886 0.014915285088988043 0.1949561257815958 -0.11591187817442473 0.099206172029462247 0.29917710353980709 -0.045170455259275641
leaf_weight=1430 1319 791 1516 1777 587 985
leaf_count=1430 1319 791 1516 1777 587 985
internal_value=-0.00245792 0.118616 -0.140207 0.0634591 0.241188 -0.0883417
internal_weight=8405 4474 3931 3096 1378 2501
internal_count=8405 4474 3931 3096 1378 2501
is_linear=0
shrinkage=0.03


Tree=22
num_leaves=7
num_cat=0
split_feature=29 29 29 29 29 29
split_gain=150984 30061.9 23759.4 5795.25 5744.94 2069.43
threshold=0.15930550568987611 1.4952333692603299 -0.65620630803875579 0.60772031880855737 -1.5504643872550374 -0.13575523107520623
decision_type=2 2 2 2 2 2
left_child=2 3 4 -2 -1 -4
right_child=1 -3 5 -5 -6 -7
leaf_value=-0.26955700217133771 0.026026072332978597 0.25796861138118449 -0.077888782535497428 0.11196312096106752 -0.16032456406497389 -0.017390168273922917
leaf_weight=669 1179 1161 1278 1780 1468 853
leaf_count=669 1179 1161 1278 1780 1468 853
internal_value=-0.000223523 0.129162 -0.125133 0.0779249 -0.195617 -0.0538666
internal_weight=8388 4120 4268 2959 2137 2131
internal_count=8388 4120 4268 2959 2137 2131
is_linear=0
shrinkage=0.03


Tree=23
num_leaves=7
num_cat=0
split_feature=29 29 29 1 29 29
split_gain=142998 29684.6 24676.8 6051.33 4223.14 3790.69
threshold=0.1459648570039177 1.4952333692603299 -0.91114618569062644 372.96551429919845 -0.21727814488232647 -1.5504643872550374
decision_type=2 2 2 2 2 2
left_child=2 3 5 -2 -4 -1
right_child=1 -3 4 -5 -6 -7
leaf_value=-0.26879847688472536 0.051607107025486619 0.25603318623168575 -0.093484528762516395 0.14944698197170228 -0.016790071334286054 -0.16959101204313928
leaf_weight=660 2204 1162 1632 767 1074 935
leaf_count=660 2204 1162 1632 767 1074 935
internal_value=0.00217774 0.128035 -0.11878 0.0772823 -0.0632187 -0.212061
internal_weight=8434 4133 4301 2971 2706 1595
internal_count=8434 4133 4301 2971 2706 1595
is_linear=0
shrinkage=0.03


Tree=24
num_leaves=7
num_cat=0
split_feature=29 29 29 27 29 29
split_gain=139946 31408.4 16569.5 5234.57 4444.94 3001.58
threshold=1.0000000180025095e-35 1.3197648206154067 -1.0503179018524118 0.51947592123027386 2.0114643151311804 -0.63794956539663639
decision_type=2 2 2 2 2 2
left_child=2 3 -1 -2 -3 -4
right_child=1 4 5 -5 -6 -7
leaf_value=-0.21782313869084283 0.029556031275316606 0.18214084548799436 -0.13318759762419913 0.10866461710438453 0.29775542802199467 -0.062571840418881905
leaf_weight=1336 1911 790 825 1244 580 1660
leaf_count=1336 1911 790 825 1244 580 1660
internal_value=0.000662324 0.113436 -0.132836 0.0609929 0.23289 -0.0864556
internal_weight=8346 4525 3821 3155 1370 2485
internal_count=8346 4525 3821 3155 1370 2485
is_linear=0
shrinkage=0.03


Tree=25
num_leaves=7
num_cat=0
split_feature=29 29 29 29 27 1
split_gain=138695 25935.4 21084.8 5366.7 3845.25 3825.5
threshold=0.3104712682130697 -0.99490080622934551 1.5875866626339077 -0.2534724643379303 0.55939816466592829 -462.3252624652672
decision_type=2 2 2 2 2 2
left_child=1 5 4 -3 -2 -1
right_child=2 3 -4 -5 -6 -7
leaf_value=-0.29852489161626516 0.056536527858745876 -0.099648330993675968 0.25138019152246982 -0.023193366674524828 0.12964750086380314 -0.18235902291874612
leaf_weight=387 1431 1721 1016 1596 1217 1056
leaf_count=387 1431 1721 1016 1596 1217 1056
internal_value=-0.0028677 -0.10957 0.135673 -0.0630417 0.0904991 -0.215354
internal_weight=8424 4760 3664 3317 2648 1443
internal_count=8424 4760 3664 3317 2648 1443
is_linear=0
shrinkage=0.03


Tree=26
num_leaves=7
num_cat=0
split_feature=29 29 29 29 10 29
split_gain=138204 28245.4 22292.4 6200.06 4853.83 3190.9
threshold=0.15930550568987611 1.3197648206154067 -0.63794956539663639 -1.489325372893014 0.2535998733611397 2.0114643151311804
decision_type=2 2 2 2 2 2
left_child=2 4 3 -1 -2 -3
right_child=1 5 -4 -5 -6 -7
leaf_value=-0.25757209162094763 0.01239560320426884 0.19172931360810841 -0.048866920625012571 -0.14705405218667889 0.098043509858548886 0.29156798534409839
leaf_weight=725 900 788 2167 1415 1769 594
leaf_count=725 900 788 2167 1415 1769 594
internal_value=0.00114193 0.126768 -0.117037 -0.18552 0.0693167 0.236427
internal_weight=8358 4051 4307 2140 2669 1382
internal_count=8358 4051 4307 2140 2669 1382
is_linear=0
shrinkage=0.03


Tree=27
num_leaves=7
num_cat=0
split_feature=29 29 29 29 29 28
split_gain=130517 26658.6 21879.1 6358.58 6241.74 4604.28
threshold=0.1372424362176575 1.1282371939521958 -0.65620630803875579 -1.5504643872550374 2.0114643151311804 0.082194263555786976
decision_type=2 2 2 2 2 2
left_child=2 5 3 -1 -3 -2
right_child=1 4 -4 -5 -6 -7
leaf_value=-0.26085503727530551 -0.014763660757654359 0.16417711448210681 -0.048784445835595699 -0.1477303160529497 0.2886478834252667 0.078284006071704257
leaf_weight=681 641 1122 2132 1495 586 1847
leaf_count=681 641 1122 2132 1495 586 1847
internal_value=-0.00157815 0.117367 -0.117434 -0.184165 0.208314 0.0543484
internal_weight=8504 4196 4308 2176 1708 2488
internal_count=8504 4196 4308 2176 1708 2488
is_linear=0
shrinkage=0.03


Tree=28
num_leaves=7
num_cat=0
split_feature=29 29 29 25 29 13
split_gain=120707 29035.8 17019.6 6204.54 4219.16 1829.23
threshold=0.030965769977010529 1.5875866626339077 -1.3744249818097953 0.64291077555396259 -0.65620630803875579 26.703765165574328
decision_type=2 2 2 2 2 8
left_child=2 3 -1 -2 -4 -3
right_child=1 5 4 -5 -6 -7
leaf_value=-0.23715643871055148 0.027163361742395566 0.21921350825921604 -0.12951780887064746 0.10773267451226802 -0.057244713351182544 0.32833109649873915
leaf_weight=874 1826 757 1242 1632 1808 242
leaf_count=874 1826 757 1242 1632 1808 242
internal_value=0.000211143 0.106928 -0.120964 0.065389 -0.0870023 0.248638
internal_weight=8381 4457 3924 3458 3050 999
internal_count=8381 4457 3924 3458 3050 999
is_linear=0
shrinkage=0.03


Tree=29
num_leaves=7
num_cat=0
split_feature=25 10 7 7 25 25
split_gain=113926 28083.1 14536.6 8135.57 3617.08 2750.91
threshold=0.44594223299611463 -0.95375544434204229 1.1812887521582398 -0.17856389201300113 2.207392782874257 -1.4659172695607436
decision_type=2 2 2 2 2 2
left_child=1 5 -2 -3 -4 -1
right_child=2 3 4 -5 -6 -7
leaf_value=-0.26418938986174129 0.086108233700878362 -0.090551639399873804 0.18282161161416291 -0.0053817922027185675 0.30431795370814047 -0.16559642755771009
leaf_weight=580 1971 2108 948 1931 332 609
leaf_count=580 1971 2108 948 1931 332 609
internal_value=-0.00127342 -0.0879363 0.137933 -0.0499468 0.216449 -0.215493
internal_weight=8479 5228 3251 4039 1280 1189
internal_count=8479 5228 3251 4039 1280 1189
is_linear=0
shrinkage=0.03


Tree=30
num_leaves=7
num_cat=0
split_feature=29 1 29 29 28 1
split_gain=116129 29266.9 14201.3 5574.54 5282.89 2873.91
threshold=-0.035912144760886097 422.30818107086742 -1.1136584633455693 0.59505668524625832 1.2327574409398061 -462.3252624652672
decision_type=2 2 2 2 2 2
left_child=2 3 5 -2 -3 -1
right_child=1 4 -4 -5 -6 -7
leaf_value=-0.2756007591841626 0.012461555900238033 0.14641666015347279 -0.079113899895066883 0.092626701824337937 0.2619680708731621 -0.16928356200586875
leaf_weight=374 1650 712 2547 1478 833 848
leaf_count=374 1650 712 2547 1478 833 848
internal_value=0.00375017 0.10358 -0.119971 0.0505146 0.210001 -0.203795
internal_weight=8442 4673 3769 3128 1545 1222
internal_count=8442 4673 3769 3128 1545 1222
is_linear=0
shrinkage=0.03


Tree=31
num_leaves=7
num_cat=0
split_feature=25 7 7 25 15 13
split_gain=110739 22840.2 20784.2 5120.69 4406.17 4093.18
threshold=0.16054050665426392 1.1640931222361497 -0.64708423848817131 -1.493264420187794 0.32607355047383313 21.403556030836789
decision_type=2 2 2 2 2 8
left_child=2 4 3 -1 -2 -3
right_child=1 5 -4 -5 -6 -7
leaf_value=-0.24624404815651665 0.013938306469052772 0.16539522330201153 -0.044907970030246977 -0.14047307813801724 0.091989793994706248 0.27766772098525022
leaf_weight=652 1034 767 2394 1300 1766 559
leaf_count=652 1034 767 2394 1300 1766 559
internal_value=0.00111276 0.11229 -0.104452 -0.176877 0.0633187 0.21445
internal_weight=8472 4126 4346 1952 2800 1326
internal_count=8472 4126 4346 1952 2800 1326
is_linear=0
shrinkage=0.03


Tree=32
num_leaves=7
num_cat=0
split_feature=29 29 29 29 28 15
split_gain=111339 23508 20223.3 6280.38 3537.42 2215
threshold=0.3104712682130697 -0.65620630803875579 1.5875866626339077 -1.5504643872550374 0.21396931082361825 -0.64616589719287576
decision_type=2 2 2 2 2 2
left_child=1 3 4 -1 -2 -3
right_child=2 5 -4 -5 -6 -7
leaf_value=-0.2506854469425161 0.012646954016659882 -0.094891397959092655 0.23329346362314937 -0.13647785322353292 0.095353664682659309 -0.024406543857628242
leaf_weight=644 604 488 1029 1495 2069 2134
leaf_count=644 604 488 1029 1495 2069 2134
internal_value=-0.00242341 -0.0982878 0.120797 -0.171869 0.0767818 -0.0378357
internal_weight=8463 4761 3702 2139 2673 2622
internal_count=8463 4761 3702 2139 2673 2622
is_linear=0
shrinkage=0.03


Tree=33
num_leaves=7
num_cat=0
split_feature=1 1 1 28 28 15
split_gain=94074.6 23441.9 18393.1 7382.88 5651.16 5052.81
threshold=160.01998357559674 -198.13041811573791 461.16377661255211 0.27338323097085498 -0.37461866103262459 -1.1428266390466917
decision_type=2 2 2 2 2 2
left_child=1 5 3 -2 -3 -1
right_child=2 4 -4 -5 -6 -7
leaf_value=-0.24269483900430358 -0.0070923549044484167 -0.086797530179035493 0.2090949965711304 0.10680570085824956 -0.0051841458901074793 -0.13176698103533058
leaf_weight=623 786 1219 1297 1454 2020 1035
leaf_count=623 786 1219 1297 1454 2020 1035
internal_value=0.00183383 -0.0832526 0.119539 0.0669858 -0.036072 -0.174654
internal_weight=8434 4897 3537 2240 3239 1658
internal_count=8434 4897 3537 2240 3239 1658
is_linear=0
shrinkage=0.03


Tree=34
num_leaves=7
num_cat=0
split_feature=25 25 10 25 10 25
split_gain=98609.7 19380.8 18011.5 5001.4 4986.42 3122.35
threshold=0.16054050665426392 1.1450406134489313 -0.95375544434204229 -0.60701098072693405 1.9293231933237291 0.68816666488275302
decision_type=2 2 2 2 2 2
left_child=2 5 -1 -4 -3 -2
right_child=1 4 3 -5 -6 -7
leaf_value=-0.19955019938191676 0.029363875626818151 0.15953661259616678 -0.11397055500848753 -0.034294787201606211 0.29208757530862128 0.096793943489506637
leaf_weight=1155 1537 1130 1068 2113 355 1039
leaf_count=1155 1537 1130 1068 2113 355 1039
internal_value=0.000868609 0.106963 -0.0985145 -0.0613187 0.192966 0.0568301
internal_weight=8397 4061 4336 3181 1485 2576
internal_count=8397 4061 4336 3181 1485 2576
is_linear=0
shrinkage=0.03


Tree=35
num_leaves=7
num_cat=0
split_feature=29 29 29 1 1 12
split_gain=106063 19406.9 19256.4 6758.39 3654.85 2355.54
threshold=0.27178376724418624 1.5875866626339077 -0.65620630803875579 -462.3252624652672 427.37093987150223 0.68774639571703022
decision_type=2 2 2 2 2 2
left_child=2 4 3 -1 -2 -4
right_child=1 -3 5 -5 -6 -7
leaf_value=-0.27190989362770945 0.059453110057875298 0.23150449455502534 -0.045479912770852386 -0.13278714968591651 0.14271340181533826 0.057635673304511741
leaf_weight=392 2146 1021 2269 1752 613 210
leaf_count=392 2146 1021 2269 1752 613 210
internal_value=0.00255853 0.120257 -0.0937292 -0.159368 0.0784006 -0.0365484
internal_weight=8403 3780 4623 2144 2759 2479
internal_count=8403 3780 4623 2144 2759 2479
is_linear=0
shrinkage=0.03


Tree=36
num_leaves=7
num_cat=0
split_feature=29 29 29 29 29 15
split_gain=102802 22707.2 15587.9 4561.5 3841.57 2353.97
threshold=0.09960648004369943 1.5875866626339077 -1.1786175719824479 0.66907997211363901 -0.2534724643379303 0.081186693989446973
decision_type=2 2 2 2 2 2
left_child=2 3 -1 -2 -4 -5
right_child=1 -3 4 5 -6 -7
leaf_value=-0.19812262318057036 0.028195924553726836 0.22998918831830745 -0.091925251830988569 0.012680502793227787 -0.020045394966881829 0.11323297748974291
leaf_weight=1142 1514 996 2005 246 1012 1517
leaf_count=1142 1514 996 2005 246 1012 1517
internal_value=0.00195921 0.105182 -0.10409 0.0666637 -0.0679603 0.0993531
internal_weight=8432 4273 4159 3277 3017 1763
internal_count=8432 4273 4159 3277 3017 1763
is_linear=0
shrinkage=0.03


Tree=37
num_leaves=7
num_cat=0
split_feature=29 29 29 29 29 15
split_gain=97539.9 18519 17799.9 5375.92 2930.38 2923.18
threshold=0.3104712682130697 -0.65620630803875579 1.4952333692603299 -1.5504643872550374 2.0114643151311804 0.39630787271327517
decision_type=2 2 2 2 2 2
left_child=1 3 5 -1 -4 -2
right_child=2 -3 4 -5 -6 -7
leaf_value=-0.2243012116523323 0.030312668480846836 -0.034199923804145875 0.15852680143657935 -0.12004586077501153 0.26214505068800825 0.097458091051502826
leaf_weight=672 943 2572 532 1469 607 1575
leaf_count=672 943 2572 532 1469 607 1575
internal_value=0.00145568 -0.0886778 0.117541 -0.153659 0.215548 0.0725313
internal_weight=8370 4713 3657 2141 1139 2518
internal_count=8370 4713 3657 2141 1139 2518
is_linear=0
shrinkage=0.03


Tree=38
num_leaves=7
num_cat=0
split_feature=29 29 29 15 29 1
split_gain=98341.4 21160.1 15718.6 4369.01 4213.51 3735.28
threshold=0.1372424362176575 1.5875866626339077 -1.3744249818097953 -0.22707709564137316 -0.63794956539663639 239.19743072273255
decision_type=2 2 2 2 2 2
left_child=2 3 -1 -2 -4 -5
right_child=1 -3 4 5 -6 -7
leaf_value=-0.21351627776042087 -0.02458047568396746 0.22251088349501616 -0.11243092079513242 0.039175308765560829 -0.043672026053052461 0.11003358370989069
leaf_weight=872 417 1017 1328 1209 2060 1538
leaf_count=872 417 1017 1328 1209 2060 1538
internal_value=0.000822918 0.104059 -0.100505 0.0654035 -0.0708751 0.0791029
internal_weight=8441 4181 4260 3164 3388 2747
internal_count=8441 4181 4260 3164 3388 2747
is_linear=0
shrinkage=0.03


Tree=39
num_leaves=7
num_cat=0
split_feature=29 29 29 1 10 1
split_gain=91877.1 23454 13001.7 5973.37 3393.26 2661.84
threshold=0.56990314805314468 -0.65620630803875579 2.0114643151311804 -462.3252624652672 -0.21720734261245145 385.03185341013938
decision_type=2 2 2 2 2 2
left_child=1 3 5 -1 -3 -2
right_child=2 4 -4 -5 -6 -7
leaf_value=-0.25517591984997334 0.071241133055555989 -0.063916362813254121 0.25791622627877497 -0.12509432198314108 0.00026626731772615874 0.13537017558466655
leaf_weight=398 1302 1137 595 1744 2096 1121
leaf_count=398 1302 1137 595 1744 2096 1121
internal_value=0.000753639 -0.0735893 0.132963 -0.150338 -0.0224333 0.101345
internal_weight=8393 5375 3018 2142 3233 2423
internal_count=8393 5375 3018 2142 3233 2423
is_linear=0
shrinkage=0.03


Tree=40
num_leaves=7
num_cat=0
split_feature=25 1 1 13 12 1
split_gain=85849.3 18875.8 18698.7 4772.02 4379.71 4143.41
threshold=0.24923739724594016 385.03185341013938 -198.13041811573791 21.403556030836789 -0.43747110491655322 -462.3252624652672
decision_type=2 2 2 8 2 2
left_child=2 -2 5 -3 -4 -1
right_child=1 3 4 -5 -6 -7
leaf_value=-0.25268405585903808 0.048122355639679322 0.14675427872781441 -0.09122370979467509 0.26050504761118159 -0.01591752151572166 -0.13806630433691888
leaf_weight=403 2143 1141 1050 509 2035 1163
leaf_count=403 2143 1141 1050 509 2035 1163
internal_value=0.00143896 0.107211 -0.0848656 0.183203 -0.0417604 -0.168979
internal_weight=8444 3793 4651 1650 3085 1566
internal_count=8444 3793 4651 1650 3085 1566
is_linear=0
shrinkage=0.03


Tree=41
num_leaves=7
num_cat=0
split_feature=29 29 29 29 13 28
split_gain=89174.4 18355.1 17357 4510.51 3164.75 2288.05
threshold=0.3104712682130697 -1.2628674695833793 1.4952333692603299 -0.38510501496219945 23.795301930493103 0.27338323097085498
decision_type=2 2 2 2 8 2
left_child=1 -1 5 -3 -4 -2
right_child=2 3 4 -5 -6 -7
leaf_value=-0.1990861753701752 0.018732221898579947 -0.089489863838824402 0.16541617484470664 -0.023554005634032926 0.27626673218029646 0.082481948298456384
leaf_weight=1017 707 1815 773 1932 392 1844
leaf_count=1017 707 1815 773 1932 392 1844
internal_value=-0.000776179 -0.0866197 0.109214 -0.0556457 0.204749 0.0649561
internal_weight=8480 4764 3716 3747 1165 2551
internal_count=8480 4764 3716 3747 1165 2551
is_linear=0
shrinkage=0.03


Tree=42
num_leaves=7
num_cat=0
split_feature=7 1 1 10 15 15
split_gain=77436.1 22284.4 11993.7 4928.75 4789.36 4313.14
threshold=0.48194381094804378 -182.51025435665835 422.30818107086742 -1.3810114865588721 -0.22707709564137316 1.8213376752993
decision_type=2 2 2 2 2 2
left_child=1 3 -2 -1 -3 -4
right_child=2 4 5 -5 -6 -7
leaf_value=-0.23909724542556024 0.068292802366100386 -0.060996564575684635 0.15294939261272505 -0.12181166620101291 0.0070249074880514937 0.27398517571003345
leaf_weight=457 1610 1690 1001 1237 2057 395
leaf_count=457 1610 1690 1001 1237 2057 395
internal_value=0.00277864 -0.0647095 0.124745 -0.15467 -0.0237353 0.188902
internal_weight=8447 5441 3006 1694 3747 1396
internal_count=8447 5441 3006 1694 3747 1396
is_linear=0
shrinkage=0.03


Tree=43
num_leaves=7
num_cat=0
split_feature=29 29 29 15 29 1
split_gain=76468.7 21680.2 11683.5 4439.95 3935.99 2721.79
threshold=0.58305469121489917 -0.975345538030857 2.0114643151311804 -0.35126488916778581 -2.4110196849497232 422.30818107086742
decision_type=2 2 2 2 2 2
left_child=1 4 5 -3 -1 -2
right_child=2 3 -4 -5 -6 -7
leaf_value=-0.2945746202532083 0.06895149996016324 -0.069940394688272414 0.24304633114362961 -0.0040001069145337506 -0.14217307007700047 0.13512239425152636
leaf_weight=178 1521 1418 591 2582 1266 923
leaf_count=178 1521 1418 591 2582 1266 923
internal_value=0.00361276 -0.0636296 0.124041 -0.0274921 -0.162856 0.0943904
internal_weight=8479 5444 3035 4000 1444 2444
internal_count=8479 5444 3035 4000 1444 2444
is_linear=0
shrinkage=0.03


Tree=44
num_leaves=7
num_cat=0
split_feature=1 1 1 28 1 15
split_gain=74463.7 20887.6 12300.3 4919.98 4835.66 4383.34
threshold=54.705938407302661 422.30818107086742 -284.91001132841126 0.45945482619068895 761.27316799336734 0.38651676278282165
decision_type=2 2 2 2 2 2
left_child=2 3 -1 -2 -3 -4
right_child=1 4 5 -5 -6 -7
leaf_value=-0.18206052706169107 0.0012322473811942178 0.14241252254329359 -0.080990468288834772 0.077619456961806124 0.27625901610068065 0.013702801687480963
leaf_weight=1076 1655 1227 2268 1392 318 542
leaf_count=1076 1655 1227 2268 1392 318 542
internal_value=0.000353599 0.0820625 -0.0961627 0.0362689 0.171561 -0.062742
internal_weight=8478 4592 3886 3047 1545 2810
internal_count=8478 4592 3886 3047 1545 2810
is_linear=0
shrinkage=0.03


Tree=45
num_leaves=7
num_cat=0
split_feature=10 1 1 10 7 9
split_gain=71234.8 19919.4 16044.6 5601.46 3594.84 3183.19
threshold=0.33733975832045343 -129.9207699418192 417.08250621374526 -0.95375544434204229 2.2058971604097288 -0.30644168847398362
decision_type=2 2 2 2 2 2
left_child=1 3 -2 -1 -4 -3
right_child=2 5 4 -5 -6 -7
leaf_value=-0.20183666431711153 0.053222491129598939 -0.063132201868114662 0.16032392088885794 -0.098847367811867676 0.28942382629316554 0.0016420032671288641
leaf_weight=860 2022 1052 1107 1137 256 1911
leaf_count=860 2022 1052 1107 1137 256 1911
internal_value=0.00135831 -0.0709996 0.10728 -0.143984 0.186503 -0.0214908
internal_weight=8345 4960 3385 1997 1363 2963
internal_count=8345 4960 3385 1997 1363 2963
is_linear=0
shrinkage=0.03


Tree=46
num_leaves=7
num_cat=0
split_feature=25 10 10 6 7 15
split_gain=68784.3 15299 12932.1 5575.8 3397.16 2177.77
threshold=0.16054050665426392 1.0312192332873713 -0.95375544434204229 1.8128188558664384 -0.44624081114142194 0.32607355047383313
decision_type=2 2 2 2 2 2
left_child=2 5 -1 -3 -4 -2
right_child=1 3 4 -5 -6 -7
leaf_value=-0.16861832050177966 0.0090545194336014347 0.12341595604672362 -0.088673107927208811 0.25296303177030571 -0.02557907059426431 0.064579340263913709
leaf_weight=1185 1058 1064 1333 435 1822 1597
leaf_count=1185 1058 1064 1333 435 1822 1597
internal_value=-0.00104436 0.0861111 -0.0844707 0.162437 -0.0524325 0.0425701
internal_weight=8494 4154 4340 1499 3155 2655
internal_count=8494 4154 4340 1499 3155 2655
is_linear=0
shrinkage=0.03


Tree=47
num_leaves=7
num_cat=0
split_feature=29 29 29 29 29 29
split_gain=71240.7 16454.6 15710.6 3995.86 2539.23 2349.66
threshold=0.3104712682130697 1.5148470084613546 -1.2628674695833793 -0.23991813934575779 2.8181725707147933 -2.4110196849497232
decision_type=2 2 2 2 2 2
left_child=2 -2 5 -4 -3 -1
right_child=1 4 3 -5 -6 -7
leaf_value=-0.284720482411144 0.057021488582787307 0.17297137462507312 -0.074237598964464732 -0.011076832618060625 0.30717189302667974 -0.15665587928962232
leaf_weight=169 2580 922 2172 1543 166 863
leaf_count=169 2580 922 2172 1543 166 863
internal_value=-0.000469683 0.0986833 -0.0771315 -0.0481044 0.196058 -0.180159
internal_weight=8415 3668 4747 3715 1088 1032
internal_count=8415 3668 4747 3715 1088 1032
is_linear=0
shrinkage=0.03


Tree=48
num_leaves=7
num_cat=0
split_feature=29 29 29 29 29 15
split_gain=69893.6 18266.9 11735.7 4465.84 2937.63 2535.7
threshold=0.56990314805314468 -0.975345538030857 1.9730695491087717 -0.079583526732254842 -2.2974493358254651 0.69192574347762903
decision_type=2 2 2 2 2 2
left_child=1 4 5 -3 -1 -2
right_child=2 3 -4 -5 -6 -7
leaf_value=-0.26146189978413908 0.047874804421968342 -0.059344878015277026 0.23045981475486882 0.0050560439950610159 -0.13507344126574686 0.11133883363600018
leaf_weight=199 1011 2144 627 1759 1296 1356
leaf_count=199 1011 2144 627 1759 1296 1356
internal_value=-0.000257588 -0.0647071 0.11577 -0.030382 -0.153523 0.0845473
internal_weight=8392 5398 2994 3903 1495 2367
internal_count=8392 5398 2994 3903 1495 2367
is_linear=0
shrinkage=0.03


Tree=49
num_leaves=7
num_cat=0
split_feature=29 29 1 29 15 22
split_gain=73203.9 22851.6 10652 4351.65 2883.62 3247.92
threshold=-0.055487007248265711 1.5875866626339077 -284.91001132841126 0.66907997211363901 -1.3590824401401937 -0.19561950973744538
decision_type=2 2 2 2 2 2
left_child=2 3 4 -2 -1 -6
right_child=1 -3 -4 -5 5 -7
leaf_value=-0.2432694088622131 0.014184216193549926 0.20376249402507421 -0.064251915035260398 0.079797310960919257 -0.044493637345109756 -0.18232279510362379
leaf_weight=383 1945 1044 2669 1708 241 459
leaf_count=383 1945 1044 2669 1708 241 459
internal_value=0.00179389 0.0806432 -0.0968668 0.0449964 -0.175921 -0.136165
internal_weight=8449 4697 3752 3653 1083 700
internal_count=8449 4697 3752 3653 1083 700
is_linear=0
shrinkage=0.03


Tree=50
num_leaves=7
num_cat=0
split_feature=1 1 1 10 12 15
split_gain=61705.8 17321.8 11172.5 5743.42 4238.19 3997.17
threshold=54.705938407302661 400.89422768781509 -284.91001132841126 1.5791326831142671 0.15257972231864972 -0.35126488916778581
decision_type=2 2 2 2 2 2
left_child=2 4 -1 -3 -2 -4
right_child=1 3 5 -5 -6 -7
leaf_value=-0.166953174481351 -0.0069355731376582325 0.11581312321830108 -0.090962562773928224 0.23790620686618011 0.0658946747696567 -0.018963668180280984
leaf_weight=1061 1268 1119 1297 525 1646 1494
leaf_count=1061 1268 1119 1297 525 1646 1494
internal_value=0.00380932 0.0784349 -0.0844682 0.156005 0.0342879 -0.0526274
internal_weight=8410 4558 3852 1644 2914 2791
internal_count=8410 4558 3852 1644 2914 2791
is_linear=0
shrinkage=0.03


Tree=51
num_leaves=7
num_cat=0
split_feature=1 10 1 1 28 1
split_gain=61994.2 17971.3 10549.7 4560.79 3700.36 3669.06
threshold=54.705938407302661 1.0312192332873713 -271.49378283378877 573.87692084080425 -1.4695799024998613 823.3784385102457
decision_type=2 2 2 2 2 2
left_child=2 3 4 -2 -1 -3
right_child=1 5 -4 -5 -6 -7
leaf_value=-0.23625630195472247 0.024930576700354642 0.14204903241467154 -0.0555343296950912 0.16138607806709271 -0.1205500606986014 0.2834933243492288
leaf_weight=414 2944 1208 2725 229 724 199
leaf_count=414 2944 1208 2725 229 724 199
internal_value=0.000466014 0.0750505 -0.0879274 0.0352549 -0.164335 0.163914
internal_weight=8443 4580 3863 3173 1138 1407
internal_count=8443 4580 3863 3173 1138 1407
is_linear=0
shrinkage=0.03


Tree=52
num_leaves=7
num_cat=0
split_feature=29 29 29 1 28 1
split_gain=60438.9 17949.9 11295 5158.89 2292.26 2259.25
threshold=0.60772031880855737 -0.63794956539663639 1.9327252490140101 -462.3252624652672 -0.11545083385473977 406.04529902068651
decision_type=2 2 2 2 2 2
left_child=1 3 5 -1 -3 -2
right_child=2 4 -4 -5 -6 -7
leaf_value=-0.21987210243284977 0.055295483398531665 -0.04129450152206493 0.22240306291751619 -0.099447702148525871 0.0088311699622450144 0.11727092261786533
leaf_weight=395 1335 1386 655 1784 1987 910
leaf_count=395 1335 1386 655 1784 1987 910
internal_value=0.00268152 -0.0552802 0.113457 -0.122182 -0.0118272 0.0808256
internal_weight=8452 5552 2900 2179 3373 2245
internal_count=8452 5552 2900 2179 3373 2245
is_linear=0
shrinkage=0.03


Tree=53
num_leaves=7
num_cat=0
split_feature=1 1 28 28 25 1
split_gain=57675.8 16968 10713.9 4635.69 4382.83 3679.63
threshold=54.705938407302661 406.04529902068651 -0.78985027602304925 0.23341170625709126 2.207392782874257 -428.95230268919534
decision_type=2 2 2 2 2 2
left_child=2 3 5 -2 -3 -1
right_child=1 4 -4 -5 -6 -7
leaf_value=-0.23013341012158137 -0.017165924672505273 0.12228593020188346 -0.045795913956371836 0.059136661533249882 0.24976099260811563 -0.11988280893060872
leaf_weight=377 1232 1339 2298 1691 306 1154
leaf_count=377 1232 1339 2298 1691 306 1154
internal_value=-0.0013254 0.0705897 -0.0870805 0.0270274 0.147364 -0.148349
internal_weight=8397 4568 3829 2923 1645 1531
internal_count=8397 4568 3829 2923 1645 1531
is_linear=0
shrinkage=0.03


Tree=54
num_leaves=7
num_cat=0
split_feature=29 29 29 1 13 1
split_gain=57756.2 18662.3 9468.68 3661.86 2952 2405.01
threshold=-0.079583526732254842 1.3197648206154067 -1.489325372893014 823.3784385102457 9.9465881021851867 -44.279275030331284
decision_type=2 2 2 2 8 2
left_child=2 4 -1 -3 -2 -4
right_child=1 3 5 -5 -6 -7
leaf_value=-0.18489908625449261 0.010144151250168661 0.13706847850313145 -0.085259208092646102 0.27196095852141683 0.068242920357095657 -0.027742841496205626
leaf_weight=747 2261 1145 1887 225 1201 1019
leaf_count=747 2261 1145 1887 225 1201 1019
internal_value=-0.000276427 0.0677209 -0.0901591 0.161033 0.0304377 -0.0652552
internal_weight=8485 4832 3653 1370 3462 2906
internal_count=8485 4832 3653 1370 3462 2906
is_linear=0
shrinkage=0.03


Tree=55
num_leaves=7
num_cat=0
split_feature=29 29 29 29 23 28
split_gain=56329.1 15095.9 8654.03 4468.14 2108.18 2012.82
threshold=-0.079583526732254842 1.1099226174110834 -1.489325372893014 2.0114643151311804 -0.55175247554782059 -0.96239734615806194
decision_type=2 2 2 2 2 2
left_child=2 -2 -1 4 -3 -4
right_child=1 3 5 -5 -6 -7
leaf_value=-0.17985126086727618 0.026418654522251724 -0.0010295168757438659 -0.10942233609206117 0.20593658659043604 0.11777775550849245 -0.051007460900668877
leaf_weight=750 3023 155 711 575 994 2197
leaf_count=750 3023 155 711 575 994 2197
internal_value=-0.00112588 0.0669917 -0.089464 0.137573 0.10188 -0.0656158
internal_weight=8405 4747 3658 1724 1149 2908
internal_count=8405 4747 3658 1724 1149 2908
is_linear=0
shrinkage=0.03


Tree=56
num_leaves=7
num_cat=0
split_feature=29 29 1 29 29 29
split_gain=56940.2 13071.9 12695.8 3148 3143.89 2677.49
threshold=0.33708133304938109 -1.0130348414713757 573.87692084080425 1.0901818433269259 -2.4110196849497232 -0.2534724643379303
decision_type=2 2 2 2 2 2
left_child=1 4 3 -2 -1 -3
right_child=2 5 -4 -5 -6 -7
leaf_value=-0.26211385844506885 0.037737990021757775 -0.058778253589421257 0.19869030858217393 0.1037596622188629 -0.1230534307458114 -0.0059422914663306552
leaf_weight=169 1776 1772 783 1034 1241 1679
leaf_count=169 1776 1772 783 1034 1241 1679
internal_value=0.00208518 -0.0647993 0.0925025 0.0623139 -0.141449 -0.0331636
internal_weight=8454 4861 3593 2810 1410 3451
internal_count=8454 4861 3593 2810 1410 3451
is_linear=0
shrinkage=0.03


Tree=57
num_leaves=7
num_cat=0
split_feature=29 29 29 29 29 15
split_gain=56936 15440.1 9038.01 3149.35 3136.26 2454.28
threshold=0.66907997211363901 -0.79686637035678853 1.9327252490140101 -2.4110196849497232 -0.035912144760886097 0.44916166163169235
decision_type=2 2 2 2 2 2
left_child=1 3 5 -1 -3 -2
right_child=2 4 -4 -5 -6 -7
leaf_value=-0.25050267385809044 0.02626315860979651 -0.046551491557476746 0.20791754643749694 -0.11176412811010261 0.0075562727607629328 0.10023293079345426
leaf_weight=161 560 1934 663 1687 1908 1523
leaf_count=161 560 1934 663 1687 1908 1523
internal_value=6.24449e-06 -0.0541233 0.111958 -0.125134 -0.0197308 0.0805672
internal_weight=8436 5690 2746 1848 3842 2083
internal_count=8436 5690 2746 1848 3842 2083
is_linear=0
shrinkage=0.03


Tree=58
num_leaves=7
num_cat=0
split_feature=29 29 1 29 1 21
split_gain=52592.6 14861.9 8355.97 5010.48 3188.24 2107.15
threshold=-0.079583526732254842 1.9327252490140101 -462.3252624652672 0.66907997211363901 -54.903788350535926 -0.29481993764943853
decision_type=2 2 2 2 2 2
left_child=2 3 -1 -2 5 -4
right_child=1 -3 4 -5 -6 -7
leaf_value=-0.21243377303023164 0.011069064739305374 0.19532889228879172 -0.035028068970139471 0.077494087627458588 -0.026974620225032279 -0.1058024796361758
leaf_weight=400 2037 679 507 2049 1129 1655
leaf_count=400 2037 679 507 2049 1129 1655
internal_value=0.000556075 0.0663456 -0.0843266 0.044487 -0.0681596 -0.0894432
internal_weight=8456 4765 3691 4086 3291 2162
internal_count=8456 4765 3691 4086 3291 2162
is_linear=0
shrinkage=0.03


Tree=59
num_leaves=7
num_cat=0
split_feature=29 29 29 29 29 6
split_gain=52560.6 15923.1 7120.15 4277.84 3516.32 1790.74
threshold=0.70612358180467572 -1.0503179018524118 2.0114643151311804 -0.13575523107520623 -2.4110196849497232 2.1223977816328072
decision_type=2 2 2 2 2 2
left_child=1 4 -2 -3 -1 -4
right_child=2 3 5 -5 -6 -7
leaf_value=-0.26002703504806213 0.081875786671378098 -0.053730622061548355 0.14156747877597808 0.0051591786245922125 -0.11939139543766422 0.25494672626331444
leaf_weight=188 2061 2169 314 2260 1187 290
leaf_count=188 2061 2169 314 2260 1187 290
internal_value=-0.00092557 -0.0515591 0.109128 -0.0237368 -0.140359 0.19927
internal_weight=8469 5804 2665 4429 1375 604
internal_count=8469 5804 2665 4429 1375 604
is_linear=0
shrinkage=0.03


Tree=60
num_leaves=7
num_cat=0
split_feature=28 10 13 13 25 23
split_gain=49437.8 10149.5 9572.1 3861.77 2132.41 2096.52
threshold=0.21396931082361825 -0.95375544434204229 21.403556030836789 10.069763721737095 -0.42695590598989303 -0.42757691027195438
decision_type=2 2 8 10 2 2
left_child=1 -1 3 -2 -3 -5
right_child=2 4 -4 5 -6 -7
leaf_value=-0.14369642535178895 0.022333021568807544 -0.069640155888762406 0.18584223051262064 0.015213465955995377 -0.020837921840558823 0.1022370229669109
leaf_weight=1173 1559 1378 609 305 1952 1452
leaf_count=1173 1559 1378 609 305 1952 1452
internal_value=-0.000378975 -0.0681448 0.0773417 0.0569162 -0.041181 0.0873021
internal_weight=8428 4503 3925 3316 3330 1757
internal_count=8428 4503 3925 3316 3330 1757
is_linear=0
shrinkage=0.03


Tree=61
num_leaves=7
num_cat=0
split_feature=29 29 1 15 1 28
split_gain=44979.4 14119.5 9149.46 3857.65 2965.43 2244.3
threshold=0.09960648004369943 2.0114643151311804 -462.3252624652672 -0.060965026690223946 239.19743072273255 0.26170572689828886
decision_type=2 2 2 2 2 2
left_child=2 4 -1 -4 -2 -6
right_child=1 -3 3 -5 5 -7
leaf_value=-0.20315513642504809 0.015782463575876499 0.2045829143137648 -0.07313308164901379 -0.0072323859489518043 0.012007011923285292 0.086896349660044905
leaf_weight=398 1514 597 2641 1148 463 1669
leaf_count=398 1514 597 2641 1148 463 1669
internal_value=0.00173867 0.0704944 -0.0679386 -0.0532379 0.048039 0.0707648
internal_weight=8430 4243 4187 3789 3646 2132
internal_count=8430 4243 4187 3789 3646 2132
is_linear=0
shrinkage=0.03


Tree=62
num_leaves=7
num_cat=0
split_feature=29 29 28 27 24 29
split_gain=44013 12611.2 7934.3 3682.46 3113.95 2253.65
threshold=0.09960648004369943 2.0114643151311804 -0.96239734615806194 0.57958187078741175 -0.36658026975112828 -0.86001655561695955
decision_type=2 2 2 2 2 2
left_child=2 3 -1 -2 -4 -6
right_child=1 -3 4 -5 5 -7
leaf_value=-0.12738971830840565 0.021667886692474648 0.19882179537516528 0.024558576605887839 0.081804887177620439 -0.10419949184424153 -0.036262321773301812
leaf_weight=1317 2017 580 561 1685 588 1740
leaf_count=1317 2017 580 561 1685 588 1740
internal_value=0.00224657 0.0698707 -0.0666019 0.0491864 -0.0385469 -0.053794
internal_weight=8488 4282 4206 3702 2889 2328
internal_count=8488 4282 4206 3702 2889 2328
is_linear=0
shrinkage=0.03


Tree=63
num_leaves=7
num_cat=0
split_feature=29 1 29 29 12 22
split_gain=46928.6 12125.1 8162.7 3248.58 3194.88 3329.42
threshold=0.59505668524625832 -198.13041811573791 1.9327252490140101 -0.22871626271626755 -0.81016721204507658 -0.28494096865075214
decision_type=2 2 2 2 2 2
left_child=1 4 -2 -3 -1 -6
right_child=2 3 -4 -5 5 -7
leaf_value=-0.1774480148176211 0.067918176471717329 -0.055450755184472726 0.18736497727070744 2.375725354980837e-05 0.013927190315953651 -0.11631214978723026
leaf_weight=588 2290 1657 664 2209 223 805
leaf_count=588 2290 1657 664 2209 223 805
internal_value=-0.000894053 -0.0528126 0.095309 -0.0238348 -0.121564 -0.0881978
internal_weight=8436 5482 2954 3866 1616 1028
internal_count=8436 5482 2954 3866 1616 1028
is_linear=0
shrinkage=0.03


Tree=64
num_leaves=7
num_cat=0
split_feature=29 29 29 1 29 37
split_gain=41572.4 12883.2 8959.83 4013.29 2842.64 1870.61
threshold=0.56990314805314468 -0.63794956539663639 1.5875866626339077 -462.3252624652672 2.9769761283130731 3.7494348669884658
decision_type=2 2 2 2 2 2
left_child=1 3 5 -1 -4 -2
right_child=2 -3 4 -5 -6 -7
leaf_value=-0.1922623930573088 0.12777302633827142 -0.010772535238052725 0.13880829493988064 -0.085389289850109379 0.28980290129259745 0.040809315602862502
leaf_weight=387 249 3206 894 1808 133 1775
leaf_count=387 249 3206 894 1808 133 1775
internal_value=0.000786101 -0.049198 0.0891416 -0.105019 0.160969 0.0520835
internal_weight=8452 5401 3051 2195 1027 2024
internal_count=8452 5401 3051 2195 1027 2024
is_linear=0
shrinkage=0.03


Tree=65
num_leaves=7
num_cat=0
split_feature=1 1 28 28 1 1
split_gain=37868.6 12537.5 7830.69 3727.1 3251.11 2419.95
threshold=54.705938407302661 573.87692084080425 -0.92371949091305494 0.32109097163104411 -462.3252624652672 823.3784385102457
decision_type=2 2 2 2 2 2
left_child=2 3 4 -2 -1 -3
right_child=1 5 -4 -5 -6 -7
leaf_value=-0.21634928824953162 -0.0019602570262773392 0.1269325429806655 -0.039950051249406697 0.058385802728438713 -0.1026014859899351 0.24766832893914426
leaf_weight=302 1550 540 2542 2258 1014 232
leaf_count=302 1550 540 2542 2258 1014 232
internal_value=-0.00182384 0.0564509 -0.0709714 0.0338819 -0.130139 0.165919
internal_weight=8438 4580 3858 3808 1316 772
internal_count=8438 4580 3858 3808 1316 772
is_linear=0
shrinkage=0.03


Tree=66
num_leaves=7
num_cat=0
split_feature=29 29 29 29 29 30
split_gain=40295.3 13534.1 7357.3 4804.72 2425.7 1911.43
threshold=-0.10052305850939734 1.0901818433269259 -1.9319257315617369 2.8181725707147933 -1.0503179018524118 -0.070569280036090629
decision_type=2 2 2 2 2 2
left_child=2 5 -1 -3 -4 -2
right_child=1 3 4 -5 -6 -7
leaf_value=-0.1988297066904488 -0.032062901614513598 0.10712255285572962 -0.098507397168238045 0.27733186710299101 -0.041737451464862851 0.030678067958480073
leaf_weight=374 516 1597 983 161 2233 2610
leaf_count=374 516 1597 983 161 2233 2610
internal_value=0.00180287 0.0578425 -0.0743849 0.124191 -0.0593413 0.0202524
internal_weight=8474 4884 3590 1758 3216 3126
internal_count=8474 4884 3590 1758 3216 3126
is_linear=0
shrinkage=0.03


Tree=67
num_leaves=7
num_cat=0
split_feature=1 26 1 1 10 15
split_gain=37433 12510.4 7590.85 4489.53 3138.14 3102.69
threshold=54.705938407302661 1.274257636993728 -312.64593927786171 400.89422768781509 1.9293231933237291 -1.3590824401401937
decision_type=2 2 2 2 2 2
left_child=2 3 5 -2 -3 -1
right_child=1 4 -4 -5 -6 -7
leaf_value=-0.2119368766462606 0.014879518504370479 0.11321771862977575 -0.045262140312290804 0.08576193342521761 0.2446671756062884 -0.097727221959576838
leaf_weight=361 2797 418 2908 1122 301 592
leaf_count=361 2797 418 2908 1122 301 592
internal_value=-0.000721272 0.0566691 -0.0696294 0.0353396 0.170849 -0.142742
internal_weight=8499 4638 3861 3919 719 953
internal_count=8499 4638 3861 3919 719 953
is_linear=0
shrinkage=0.03


Tree=68
num_leaves=7
num_cat=0
split_feature=29 1 29 28 9 22
split_gain=40018.9 12784.5 6817.97 3344.18 2423.49 1775.75
threshold=0.66907997211363901 -198.13041811573791 2.0114643151311804 -1.5660275520831231 -0.26360374754403132 -0.20546647861060044
decision_type=2 2 2 2 2 2
left_child=1 3 -2 -1 -3 -5
right_child=2 4 -4 5 -6 -7
leaf_value=-0.18653933481302229 0.071542983656360082 -0.044258389230153655 0.18800422344644319 -0.032159825992640813 0.0037060049988903365 -0.11045883465537196
leaf_weight=411 2154 1491 573 385 2570 873
leaf_count=411 2154 1491 573 385 2570 873
internal_value=0.00221847 -0.0427947 0.0966114 -0.112431 -0.0139696 -0.0869387
internal_weight=8457 5730 2727 1669 4061 1258
internal_count=8457 5730 2727 1669 4061 1258
is_linear=0
shrinkage=0.03


Tree=69
num_leaves=7
num_cat=0
split_feature=29 10 29 1 22 1
split_gain=37252.2 11369.7 7122.51 3123.08 2919.47 2829.16
threshold=0.59505668524625832 -0.95375544434204229 2.8181725707147933 -271.49378283378877 -0.20546647861060044 -462.3252624652672
decision_type=2 2 2 2 2 2
left_child=1 5 -2 4 -3 -1
right_child=2 3 -4 -5 -6 -7
leaf_value=-0.21040537008775934 0.073120386992372999 0.023870524650451953 0.2710280315521893 -0.014670347597355657 -0.13342960674847876 -0.10074883758789981
leaf_weight=293 2767 141 166 3743 389 874
leaf_count=293 2767 141 166 3743 389 874
internal_value=-0.00080524 -0.0472489 0.0852043 -0.0244436 -0.0919147 -0.129834
internal_weight=8373 5440 2933 4273 530 1167
internal_count=8373 5440 2933 4273 530 1167
is_linear=0
shrinkage=0.03


Tree=70
num_leaves=7
num_cat=0
split_feature=29 29 7 1 29 24
split_gain=36904.8 9267.76 7295.4 3340.67 2220.03 2051.86
threshold=0.3104712682130697 -1.2391343871910945 2.1221233670098143 385.03185341013938 -2.4110196849497232 -0.19521054238616545
decision_type=2 2 2 2 2 2
left_child=1 4 3 -2 -1 -5
right_child=2 -3 -4 5 -6 -7
leaf_value=-0.23126345280741081 0.032299221868323555 -0.032473048125397468 0.21301669315922239 0.039787707062306735 -0.11155280379088135 0.1167299706841736
leaf_weight=173 1925 3689 292 472 877 1000
leaf_count=173 1925 3689 292 472 877 1000
internal_value=0.000298486 -0.0550403 0.071345 0.0585776 -0.133272 0.0924932
internal_weight=8428 4739 3689 3397 1050 1472
internal_count=8428 4739 3689 3397 1050 1472
is_linear=0
shrinkage=0.03


Tree=71
num_leaves=7
num_cat=0
split_feature=29 29 29 29 27 12
split_gain=32827.1 10058.2 6293.07 3383.52 3190.87 2138.04
threshold=-0.079583526732254842 1.5875866626339077 -2.4110196849497232 2.9769761283130731 0.66634585122080792 -0.81016721204507658
decision_type=2 2 2 2 2 2
left_child=2 4 -1 -3 -2 -4
right_child=1 3 5 -5 -6 -7
leaf_value=-0.23934510073179135 0.010135325054151989 0.11258374577836856 -0.098574055879124531 0.27713356746684598 0.069175596915706752 -0.044264901668705621
leaf_weight=174 2542 868 887 128 1212 2546
leaf_count=174 2542 868 887 128 1212 2546
internal_value=0.000225813 0.0519939 -0.067902 0.136275 0.0293299 -0.0585426
internal_weight=8357 4750 3607 996 3754 3433
internal_count=8357 4750 3607 996 3754 3433
is_linear=0
shrinkage=0.03


Tree=72
num_leaves=7
num_cat=0
split_feature=29 29 29 1 29 1
split_gain=30954.8 11864.1 6809.29 3278.18 2106.45 2084.22
threshold=-0.035912144760886097 2.0114643151311804 -1.3744249818097953 385.03185341013938 -2.4110196849497232 -50.962574274871137
decision_type=2 2 2 2 2 2
left_child=2 3 4 -2 -1 -4
right_child=1 -3 5 -5 -6 -7
leaf_value=-0.23070801320384654 0.017515205304362787 0.17835763606003352 -0.06032612447843512 0.076759624852539607 -0.10946450719448887 -0.0088932581697059466
leaf_weight=165 2899 585 1757 1179 719 1191
leaf_count=165 2899 585 1757 1179 719 1191
internal_value=0.00128056 0.053144 -0.0618039 0.0347894 -0.134422 -0.0396474
internal_weight=8495 4663 3832 4078 884 2948
internal_count=8495 4663 3832 4078 884 2948
is_linear=0
shrinkage=0.03


Tree=73
num_leaves=7
num_cat=0
split_feature=29 29 28 29 37 13
split_gain=33048.1 12187.7 6466.2 3082.36 2262.77 2092.55
threshold=-0.10052305850939734 1.5148470084613546 -1.2157898240431073 2.8181725707147933 3.6762205501217919 10.069763721737095
decision_type=2 2 2 2 2 10
left_child=2 4 -1 -3 -2 -6
right_child=1 3 -4 -5 5 -7
leaf_value=-0.13617857788846133 0.090144720462402461 0.11390658407280078 -0.044525495212339276 0.25347300339738527 -0.0020052929436316503 0.047594318599082551
leaf_weight=935 412 965 2666 170 2079 1201
leaf_count=935 412 965 2666 170 2079 1201
internal_value=3.95608e-05 0.0513072 -0.0686344 0.136842 0.0247133 0.0162455
internal_weight=8428 4827 3601 1135 3692 3280
internal_count=8428 4827 3601 1135 3692 3280
is_linear=0
shrinkage=0.03


Tree=74
num_leaves=7
num_cat=0
split_feature=15 10 10 10 2 27
split_gain=29142.9 8518.74 7323.27 2443.46 1583.16 1560.78
threshold=0.32607355047383313 -1.0110279420313077 1.9293231933237291 1.0312192332873713 1.3717035418418246 0.034067290353296135
decision_type=2 2 2 2 2 2
left_child=1 -1 3 -2 -4 -3
right_child=2 5 4 -5 -6 -7
leaf_value=-0.1201201033755335 0.032532532825458163 -0.039380909374861807 0.095987540832446774 0.087736872127973181 0.23876778190947978 1.5543608667002511e-05
leaf_weight=1069 2063 2412 126 1118 237 1445
leaf_count=1069 2063 2412 126 1118 237 1445
internal_value=0.00158839 -0.0455769 0.0670898 0.0521489 0.19311 -0.0246594
internal_weight=8470 4926 3544 3181 363 3857
internal_count=8470 4926 3544 3181 363 3857
is_linear=0
shrinkage=0.03


Tree=75
num_leaves=7
num_cat=0
split_feature=15 1 1 29 1 23
split_gain=30964.4 8945.35 7922.44 4030.25 3350.08 1531.28
threshold=0.32607355047383313 372.96551429919845 -54.903788350535926 2.9769761283130731 -462.3252624652672 -0.52762736528581045
decision_type=2 2 2 2 2 2
left_child=2 -2 4 5 -1 -3
right_child=1 3 -4 -5 -6 -7
leaf_value=-0.16584281570228596 0.025738543324771448 0.019247578137156583 -0.0091389165652486001 0.27596076954722765 -0.069521204384598814 0.11684121707960209
leaf_weight=385 1963 168 2460 133 2101 1275
leaf_count=385 1963 168 2460 133 2101 1275
internal_value=0.00105606 0.0686987 -0.047385 0.121708 -0.0850429 0.10569
internal_weight=8485 3539 4946 1576 2486 1443
internal_count=8485 3539 4946 1576 2486 1443
is_linear=0
shrinkage=0.03


Tree=76
num_leaves=7
num_cat=0
split_feature=29 29 29 29 15 29
split_gain=27838.9 8978.37 6150.62 3363.51 2320.94 1683.72
threshold=-0.066224701292260033 1.5875866626339077 -1.489325372893014 2.8181725707147933 -0.35126488916778581 -2.4110196849497232
decision_type=2 2 2 2 2 2
left_child=2 4 5 -3 -2 -1
right_child=1 3 -4 -5 -6 -7
leaf_value=-0.22274961539421761 -0.040240605442429613 0.10016123458607044 -0.041648645066273235 0.24600795903130546 0.034919067759418769 -0.11041775377669324
leaf_weight=165 407 838 2945 172 3356 580
leaf_count=165 407 838 2945 172 3356 580
internal_value=0.000385698 0.0481847 -0.0614052 0.127167 0.0267048 -0.137917
internal_weight=8463 4773 3690 1010 3763 745
internal_count=8463 4773 3690 1010 3763 745
is_linear=0
shrinkage=0.03


Tree=77
num_leaves=7
num_cat=0
split_feature=1 1 1 15 28 27
split_gain=29903.4 9455.55 6130.78 3103.92 2766.22 2204.71
threshold=257.7800808193852 -271.49378283378877 573.87692084080425 0.44916166163169235 -1.5660275520831231 0.50053162473117652
decision_type=2 2 2 2 2 2
left_child=1 4 3 -2 -1 -3
right_child=2 5 -4 -5 -6 -7
leaf_value=-0.17663113900596172 0.0059849121981720797 -0.024169820678449541 0.1556568352194084 0.085986562482210538 -0.0756955702928125 0.026036795248875196
leaf_weight=367 679 3637 826 1220 787 995
leaf_count=367 679 3637 826 1220 787 995
internal_value=0.00599889 -0.0325914 0.0877573 0.0575626 -0.109037 -0.0133521
internal_weight=8511 5786 2725 1899 1154 4632
internal_count=8511 5786 2725 1899 1154 4632
is_linear=0
shrinkage=0.03


Tree=78
num_leaves=7
num_cat=0
split_feature=29 29 29 15 29 29
split_gain=26515.5 9278.21 5688.95 2718.47 2278.83 1611.58
threshold=0.56990314805314468 -1.2628674695833793 2.0114643151311804 -0.35126488916778581 -2.4110196849497232 2.8181725707147933
decision_type=2 2 2 2 2 2
left_child=1 4 -2 -3 -1 -4
right_child=2 3 5 -5 -6 -7
leaf_value=-0.21669935716337033 0.055460093097404593 -0.045253721101698854 0.12435245453868826 0.0026029250171617346 -0.094704691425425994 0.24417841307141566
leaf_weight=168 2432 1760 413 2692 832 155
leaf_count=168 2432 1760 413 2692 832 155
internal_value=0.0043659 -0.0350384 0.0758552 -0.0163752 -0.117142 0.16071
internal_weight=8452 5452 3000 4452 1000 568
internal_count=8452 5452 3000 4452 1000 568
is_linear=0
shrinkage=0.03


Tree=79
num_leaves=7
num_cat=0
split_feature=29 1 1 12 29 30
split_gain=28859.2 9534.25 5350.5 2234.31 2160.74 1697.37
threshold=0.66907997211363901 -271.49378283378877 823.3784385102457 -0.44601771347832803 -2.5538904661191926 -0.021298029930656683
decision_type=2 2 2 2 2 2
left_child=1 4 -2 -3 -1 -5
right_child=2 3 -4 5 -6 -7
leaf_value=-0.22465853550160922 0.068874372987986168 -0.048823145325185259 0.21501428264798039 -0.028328599183061944 -0.096278965604480266 0.015529656726925259
leaf_weight=134 2555 1319 241 1346 982 1907
leaf_count=134 2555 1319 241 1346 982 1907
internal_value=0.00344274 -0.0353438 0.0821922 -0.0160474 -0.113552 -0.00264886
internal_weight=8484 5688 2796 4572 1116 3253
internal_count=8484 5688 2796 4572 1116 3253
is_linear=0
shrinkage=0.03


Tree=80
num_leaves=7
num_cat=0
split_feature=29 1 1 29 1 26
split_gain=26728.3 8251.6 7432.81 3478.07 2090.9 1708.03
threshold=0.3104712682130697 573.87692084080425 -462.3252624652672 -0.65620630803875579 823.3784385102457 -0.24824933562593976
decision_type=2 2 2 2 2 2
left_child=2 -2 -1 -4 -3 -5
right_child=1 4 3 5 -6 -7
leaf_value=-0.16545865268016663 0.039111721143998197 0.1127725667429778 -0.064878301407884573 0.022212788567749536 0.22284057671862947 -0.028384547638265475
leaf_weight=406 2896 573 1771 923 236 1678
leaf_count=406 2896 573 1771 923 236 1678
internal_value=0.00266763 0.0630481 -0.0441871 -0.0325734 0.14721 -0.0104131
internal_weight=8483 3705 4778 4372 809 2601
internal_count=8483 3705 4778 4372 809 2601
is_linear=0
shrinkage=0.03


Tree=81
num_leaves=7
num_cat=0
split_feature=10 1 1 28 22 10
split_gain=26215.4 6950.79 6691.38 2252.71 2345.68 2160.98
threshold=0.35782208652282382 431.9817901543999 -271.49378283378877 -1.5660275520831231 -0.20546647861060044 1.9750284562428406
decision_type=2 2 2 2 2 2
left_child=2 -2 3 -1 -5 -3
right_child=1 5 -4 4 -6 -7
leaf_value=-0.16736326531419213 0.031979430418945541 0.099502827823162068 -0.023107291601358826 0.0025155874726128769 -0.11050272944744811 0.19684546847570131
leaf_weight=361 1998 1006 4007 241 513 272
leaf_count=361 1998 1006 4007 241 513 272
internal_value=0.00104005 0.0672002 -0.0413241 -0.106003 -0.0748187 0.121588
internal_weight=8398 3276 5122 1115 754 1278
internal_count=8398 3276 5122 1115 754 1278
is_linear=0
shrinkage=0.03


Tree=82
num_leaves=7
num_cat=0
split_feature=29 10 7 29 29 19
split_gain=22633.1 6974.4 5355.42 2008.95 1700.42 1860.28
threshold=0.66907997211363901 -0.95375544434204229 2.2606813497320686 -2.5538904661191926 -0.975345538030857 -0.38699801609658907
decision_type=2 2 2 2 2 2
left_child=1 3 -2 -1 -3 -6
right_child=2 4 -4 -5 5 -7
leaf_value=-0.21131709607826038 0.057798232101742807 -0.062840430496331368 0.20951219507239083 -0.083953171360894641 0.070889754127249238 -0.014979319477674807
leaf_weight=122 2506 621 221 1054 232 3703
leaf_count=122 2506 621 221 1054 232 3703
internal_value=-0.000179191 -0.0340187 0.0708139 -0.0988365 -0.017108 -0.00974978
internal_weight=8459 5732 2727 1176 4556 3935
internal_count=8459 5732 2727 1176 4556 3935
is_linear=0
shrinkage=0.03


Tree=83
num_leaves=7
num_cat=0
split_feature=29 1 28 7 29 30
split_gain=24165.2 9538.1 5543.52 3632.67 2749.15 2135.88
threshold=-0.079583526732254842 427.37093987150223 -0.96239734615806194 2.4283638559134997 -2.5538904661191926 -0.070569280036090629
decision_type=2 2 2 2 2 2
left_child=2 5 4 -3 -1 -2
right_child=1 3 -4 -5 -6 -7
leaf_value=-0.23485203035755289 -0.037816500212065875 0.092083091511476242 -0.027459510390025612 0.24299787591049771 -0.088880989906733515 0.028645433426543812
leaf_weight=125 506 1352 2356 157 1177 2800
leaf_count=125 506 1352 2356 157 1177 2800
internal_value=0.00292375 0.0470421 -0.0551189 0.109281 -0.104578 0.0183897
internal_weight=8473 4815 3658 1509 1302 3306
internal_count=8473 4815 3658 1509 1302 3306
is_linear=0
shrinkage=0.03


Tree=84
num_leaves=7
num_cat=0
split_feature=29 1 29 12 24 3
split_gain=23101.1 7005.24 6361.3 3017.34 1817.5 1596.75
threshold=0.48742605338428396 -462.3252624652672 2.0413027902601231 -0.61788627815249997 -0.33996816118938239 -0.97771053160927612
decision_type=2 2 2 2 2 2
left_child=1 -1 4 -3 -2 -5
right_child=2 3 -4 5 -6 -7
leaf_value=-0.15825558322696731 -0.0046698270186781889 -0.068823436426292517 0.15104107166854283 0.092437902159988872 0.054795984100190986 -0.018995582657046931
leaf_weight=406 590 1290 578 110 2107 3397
leaf_count=406 590 1290 578 110 2107 3397
internal_value=-0.000814896 -0.0400787 0.0614957 -0.0297682 0.041818 -0.0152475
internal_weight=8478 5203 3275 4797 2697 3507
internal_count=8478 5203 3275 4797 2697 3507
is_linear=0
shrinkage=0.03


Tree=85
num_leaves=7
num_cat=0
split_feature=13 1 1 28 10 23
split_gain=21666.2 8536.7 4207.38 2558.47 2190.97 1890.07
threshold=10.069763721737095 -198.13041811573791 761.27316799336734 -1.6363784357905427 -0.35410797043711895 -0.37668376010151255
decision_type=8 2 2 2 2 2
left_child=1 3 5 -1 -3 -2
right_child=2 4 -4 -5 -6 -7
leaf_value=-0.15961743309437051 0.0025731902423795764 -0.040628183677495315 0.17739367999866898 -0.069175679112796457 0.0049732822847368937 0.07168436370135646
leaf_weight=370 445 1400 296 1242 2890 1789
leaf_count=370 445 1400 296 1242 2890 1789
internal_value=-0.000676659 -0.0321593 0.0726037 -0.0907907 -0.00996819 0.0579906
internal_weight=8432 5902 2530 1612 4290 2234
internal_count=8432 5902 2530 1612 4290 2234
is_linear=0
shrinkage=0.03


Tree=86
num_leaves=7
num_cat=0
split_feature=15 29 29 1 1 29
split_gain=23251 7925.35 6011.44 2812.17 1988.82 1812.88
threshold=0.38651676278282165 2.0114643151311804 -1.3744249818097953 205.36872917689405 -54.903788350535926 -2.4110196849497232
decision_type=2 2 2 2 2 2
left_child=2 3 5 -2 -4 -1
right_child=1 -3 4 -5 -6 -7
leaf_value=-0.19549627555741203 0.0030273816119205442 0.16057655598855758 -0.050882957142059614 0.064554256248465849 -0.0087090757818399315 -0.087171226805623836
leaf_weight=179 1123 586 1650 1646 2569 704
leaf_count=179 1123 586 1650 1646 2569 704
internal_value=-9.4447e-06 0.061229 -0.0403199 0.039702 -0.0252841 -0.111074
internal_weight=8457 3355 5102 2769 4219 883
internal_count=8457 3355 5102 2769 4219 883
is_linear=0
shrinkage=0.03


Tree=87
num_leaves=7
num_cat=0
split_feature=29 29 29 29 37 29
split_gain=21239.5 7995.55 5575.99 2018.71 1839 1766.58
threshold=0.09960648004369943 2.0114643151311804 -1.489325372893014 2.9769761283130731 4.9732735209982879 -2.4110196849497232
decision_type=2 2 2 2 2 2
left_child=2 4 5 -3 -2 -1
right_child=1 3 -4 -5 -6 -7
leaf_value=-0.20878762839048096 0.060960015813557554 0.11323632409292288 -0.033174215271502133 0.25047142958511476 0.014635330993383157 -0.09564058090703792
leaf_weight=168 1104 478 3414 128 2538 567
leaf_count=168 1104 478 3414 128 2538 567
internal_value=-0.00129804 0.0458019 -0.0495161 0.145819 0.0288062 -0.123958
internal_weight=8397 4248 4149 606 3642 735
internal_count=8397 4248 4149 606 3642 735
is_linear=0
shrinkage=0.03


Tree=88
num_leaves=7
num_cat=0
split_feature=15 1 10 29 29 1
split_gain=20398.7 5886.47 4965.67 3356.66 1920.72 1575.38
threshold=0.32607355047383313 367.52818267441222 -1.0305544056191946 2.9769761283130731 -2.4110196849497232 -105.08992278850177
decision_type=2 2 2 2 2 2
left_child=2 -2 4 -3 -1 -4
right_child=1 3 5 -5 -6 -7
leaf_value=-0.18966451618622041 0.022514716752342685 0.086171643721431559 -0.04857801512375267 0.24359592956045401 -0.076380046481336547 -0.0080126127696959152
leaf_weight=159 1967 1433 1286 128 869 2586
leaf_count=159 1967 1433 1286 128 869 2586
internal_value=0.00231385 0.0572282 -0.0372605 0.100549 -0.0955601 -0.021576
internal_weight=8428 3528 4900 1561 1028 3872
internal_count=8428 3528 4900 1561 1028 3872
is_linear=0
shrinkage=0.03


Tree=89
num_leaves=7
num_cat=0
split_feature=1 29 1 29 30 15
split_gain=19370.8 7168.56 4105.09 2799.53 1539.1 1761
threshold=372.96551429919845 -0.63794956539663639 823.3784385102457 -2.4110196849497232 -0.021298029930656683 -0.60826983541196944
decision_type=2 2 2 2 2 2
left_child=1 3 -2 -1 -3 -6
right_child=2 4 -4 -5 5 -7
leaf_value=-0.18229997130376951 0.070211351848900622 -0.023761176090376576 0.20446362391114234 -0.056054575240667717 -0.054169707097686252 0.021346831084874094
leaf_weight=165 1623 1555 230 1980 302 2560
leaf_count=165 1623 1555 230 1980 302 2560
internal_value=0.00249845 -0.0217098 0.0878832 -0.0665666 0.000174874 0.0132174
internal_weight=8415 6562 1853 2145 4417 2862
internal_count=8415 6562 1853 2145 4417 2862
is_linear=0
shrinkage=0.03


Tree=90
num_leaves=7
num_cat=0
split_feature=29 29 29 27 29 32
split_gain=19736.4 7617.74 3201.81 2283.89 1999.51 1707.19
threshold=-0.18808419060240841 2.0910178006425384 -1.5504643872550374 0.57958187078741175 2.9769761283130731 1.4241831569726249
decision_type=2 2 2 2 2 2
left_child=2 3 -1 -2 -3 -5
right_child=1 4 -4 5 -6 -7
leaf_value=-0.11209699789385001 0.010174782227737664 0.10734994398200778 -0.038596485269467906 0.034040956375260438 0.24394536527097227 0.096645098410546776
leaf_weight=665 2739 376 2658 1322 140 560
leaf_count=665 2739 376 2658 1322 140 560
internal_value=0.00328084 0.0401068 -0.0535976 0.0277264 0.148344 0.0530815
internal_weight=8460 5137 3323 4621 516 1882
internal_count=8460 5137 3323 4621 516 1882
is_linear=0
shrinkage=0.03


Tree=91
num_leaves=7
num_cat=0
split_feature=29 29 29 32 9 21
split_gain=18274.4 6593.97 5004.15 2421.55 1595.28 1568.85
threshold=0.60772031880855737 -1.489325372893014 2.9769761283130731 1.9330295046628301 0.54830993659903993 -0.21442997426631483
decision_type=2 2 2 2 2 2
left_child=1 -1 3 -2 -3 -5
right_child=2 4 -4 5 -6 -7
leaf_value=-0.11470452502137049 0.035724234223054069 -0.025897726606959 0.23455467919918135 0.020230169211366646 0.029994944203969871 0.13280761598485907
leaf_weight=758 2177 4303 131 154 506 435
leaf_count=758 2177 4303 131 154 506 435
internal_value=-0.00126202 -0.0330487 0.0597242 0.050629 -0.0199667 0.104202
internal_weight=8464 5567 2897 2766 4809 589
internal_count=8464 5567 2897 2766 4809 589
is_linear=0
shrinkage=0.03


Tree=92
num_leaves=7
num_cat=0
split_feature=29 1 1 9 14 25
split_gain=18011.6 6955.33 3635.33 1858.22 1777.05 1653.56
threshold=-0.21727814488232647 573.87692084080425 -462.3252624652672 0.5773079132388742 0.36222680993848622 -1.4659172695607436
decision_type=2 2 2 2 10 2
left_child=2 3 -1 -2 -5 -4
right_child=1 -3 5 4 -6 -7
leaf_value=-0.13895258724004553 0.0052841958651699541 0.11696305249061192 -0.099181644012106621 0.13232053084985204 0.033871244182619505 -0.033709116019026979
leaf_weight=402 2830 773 400 180 1382 2454
leaf_count=402 2830 773 400 180 1382 2454
internal_value=-0.000248291 0.034566 -0.055411 0.0198312 0.0459858 -0.0431996
internal_weight=8421 5165 3256 4392 1562 2854
internal_count=8421 5165 3256 4392 1562 2854
is_linear=0
shrinkage=0.03


Tree=93
num_leaves=7
num_cat=0
split_feature=29 29 29 29 23 15
split_gain=20303.4 5514.18 5491.01 3071.25 1872.1 1658.05
threshold=0.3104712682130697 2.9769761283130731 -1.3744249818097953 1.1099226174110834 -0.39243345843312932 -0.27925444784937209
decision_type=2 2 2 2 2 2
left_child=2 3 -1 5 -5 -2
right_child=1 -3 -4 4 -6 -7
leaf_value=-0.10888954030093161 -0.053686409613141153 0.23749566455647139 -0.024567076854874047 0.010731926983210939 0.092362308749250777 0.030973175341244323
leaf_weight=839 227 132 3891 316 1315 1746
leaf_count=839 227 132 3891 316 1315 1746
internal_value=0.00153196 0.0537288 -0.0397222 0.0463597 0.0767085 0.0210112
internal_weight=8466 3736 4730 3604 1631 1973
internal_count=8466 3736 4730 3604 1631 1973
is_linear=0
shrinkage=0.03


Tree=94
num_leaves=7
num_cat=0
split_feature=29 29 10 28 23 35
split_gain=17091.9 5352.29 5083.01 1836.61 1803.77 1531.07
threshold=0.60772031880855737 -1.2628674695833793 1.9293231933237291 -1.5660275520831231 -0.046705025691801225 -0.084867476310064
decision_type=2 2 2 2 2 2
left_child=1 3 4 -1 -2 -3
right_child=2 5 -4 -5 -6 -7
leaf_value=-0.14325888610933676 0.020825705612154181 -0.04570089754955866 0.16093041254217297 -0.059191497873236527 0.071383635597213571 -0.0061717319700192834
leaf_weight=394 1463 1199 370 619 1129 3274
leaf_count=394 1463 1199 370 619 1129 3274
internal_value=0.000296452 -0.0310459 0.0582556 -0.0929697 0.043037 -0.0168459
internal_weight=8448 5486 2962 1013 2592 4473
internal_count=8448 5486 2962 1013 2592 4473
is_linear=0
shrinkage=0.03


Tree=95
num_leaves=7
num_cat=0
split_feature=1 7 10 29 21 28
split_gain=15904.2 7229.06 3468.16 3361.11 2211.12 1796.86
threshold=-44.279275030331284 2.4283638559134997 0.34674661080106228 -2.4110196849497232 -0.29481993764943853 -0.020781957087498932
decision_type=2 2 2 2 2 2
left_child=3 2 -2 -1 -5 -6
right_child=1 -3 -4 4 5 -7
leaf_value=-0.18509763600552359 -0.0025463558619583746 0.22127002663092116 0.045953987675210278 0.00028420565214897083 -0.077789265928866869 -0.010422688493891519
leaf_weight=163 2414 163 2934 650 1625 460
leaf_count=163 2414 163 2934 650 1625 460
internal_value=0.000413049 0.0303198 0.0240978 -0.0563681 -0.0480497 -0.0630473
internal_weight=8409 5511 5348 2898 2735 2085
internal_count=8409 5511 5348 2898 2735 2085
is_linear=0
shrinkage=0.03


Tree=96
num_leaves=7
num_cat=0
split_feature=1 12 29 29 30 15
split_gain=17142.3 6775.56 3246.27 2797.41 1900.17 1875.46
threshold=372.96551429919845 -0.61788627815249997 2.9769761283130731 -1.4367793223239558 -0.070569280036090629 0.44916166163169235
decision_type=2 2 2 2 2 2
left_child=1 3 5 -1 -3 -2
right_child=2 4 -4 -5 -6 -7
leaf_value=-0.13002653192630895 0.0097910031917942415 -0.037630721934312564 0.22117128968238831 -0.046882788245822475 0.0048106111028929496 0.085141536521050568
leaf_weight=561 386 1259 128 1062 3763 1326
leaf_count=561 386 1259 128 1062 3763 1326
internal_value=-0.00070141 -0.0231565 0.08008 -0.0762422 -0.00588294 0.068308
internal_weight=8485 6645 1840 1623 5022 1712
internal_count=8485 6645 1840 1623 5022 1712
is_linear=0
shrinkage=0.03


Tree=97
num_leaves=7
num_cat=0
split_feature=13 28 29 23 29 32
split_gain=17477.9 6421.64 4157.38 2294.18 1540.77 1528.84
threshold=10.069763721737095 -0.96239734615806194 2.8181725707147933 -0.37668376010151255 -2.5538904661191926 2.1729288132089608
decision_type=8 2 2 2 2 2
left_child=1 4 3 -2 -1 -5
right_child=2 -3 -4 5 -6 -7
leaf_value=-0.1788612803247045 0.00046102880028774958 -0.0066151045287998226 0.21316962262497124 0.06193633724399189 -0.069845657721370163 0.1354628943054928
leaf_weight=126 470 4557 163 1595 1197 307
leaf_count=126 470 4557 163 1595 1197 307
internal_value=0.00482008 -0.0235722 0.0705105 0.0598534 -0.081492 0.0744506
internal_weight=8415 5880 2535 2372 1323 1902
internal_count=8415 5880 2535 2372 1323 1902
is_linear=0
shrinkage=0.03


Tree=98
num_leaves=7
num_cat=0
split_feature=29 6 15 19 30 14
split_gain=14990.5 5641.48 3601.16 1756.86 1619.06 1342.29
threshold=-0.035912144760886097 1.6806536245817225 -1.4206227761253978 -0.32310387173246974 -0.070569280036090629 2.0653599835522445
decision_type=2 2 2 2 2 8
left_child=2 4 -1 -4 -2 -3
right_child=1 5 3 -5 -6 -7
leaf_value=-0.10879115489320737 -0.025303800386101215 0.096627304763080193 0.016046165705763928 -0.039873787335704104 0.032623014008029312 0.20983249422526895
leaf_weight=596 487 504 626 2521 3556 123
leaf_count=596 487 504 626 2521 3556 123
internal_value=0.00293116 0.0387461 -0.041738 -0.0287346 0.0256002 0.12178
internal_weight=8413 4670 3743 3147 4043 627
internal_count=8413 4670 3743 3147 4043 627
is_linear=0
shrinkage=0.03


Tree=99
num_leaves=7
num_cat=0
split_feature=1 1 29 28 35 22
split_gain=15579.8 5746.42 4345.65 2596.24 1913.79 1730.68
threshold=257.7800808193852 -198.13041811573791 2.0910178006425384 -1.4695799024998613 -0.053732784706665294 -0.20546647861060044
decision_type=2 2 2 2 2 2
left_child=1 3 4 -1 -2 -5
right_child=2 -3 -4 5 -6 -7
leaf_value=-0.1330499272935077 -0.031471246216666471 -0.007511074260588997 0.13925233810671739 0.005844714626456137 0.053285368086457202 -0.073482521648688279
leaf_weight=469 269 4139 515 356 1829 792
leaf_count=469 269 4139 515 356 1829 792
internal_value=0.00126872 -0.0263073 0.0618829 -0.0740779 0.0423204 -0.0490447
internal_weight=8369 5756 2613 1617 2098 1148
internal_count=8369 5756 2613 1617 2098 1148
is_linear=0
shrinkage=0.03


Tree=100
num_leaves=7
num_cat=0
split_feature=13 1 10 16 30 21
split_gain=15137.1 5311.36 4794.21 1654.46 1495.29 1397.74
threshold=8.5810365591762281 823.3784385102457 -0.95375544434204229 1.3457765085043933 -0.069313945424062995 -0.057185214956463122
decision_type=8 2 2 2 2 2
left_child=2 3 -1 -2 -4 -3
right_child=1 5 4 -5 -6 -7
leaf_value=-0.081653486471494049 0.035738846202009567 0.092799933337279261 -0.040851192016378164 0.10758211301965077 -0.0015330179531077577 0.25293619958062968
leaf_weight=1144 2435 101 1206 322 3067 134
leaf_count=1144 2435 101 1206 322 3067 134
internal_value=0.00251836 0.0565697 -0.0273853 0.0444882 -0.0126995 0.190709
internal_weight=8409 2992 5417 2757 4273 235
internal_count=8409 2992 5417 2757 4273 235
is_linear=0
shrinkage=0.03


Tree=101
num_leaves=7
num_cat=0
split_feature=1 1 1 8 15 19
split_gain=15473.7 6326.32 3279.78 1940.33 1915.26 1328.07
threshold=54.705938407302661 573.87692084080425 -462.3252624652672 0.87934410444988342 -0.29938525803897292 -0.22100018205510841
decision_type=2 2 2 2 2 2
left_child=2 3 -1 5 -4 -2
right_child=1 -3 4 -5 -6 -7
leaf_value=-0.12419709186642257 0.062741735723779835 0.11420710624433358 -0.053378329727701561 0.0661093517210221 -0.0084876019037625379 0.0039972678190841856
leaf_weight=395 387 799 1946 712 1528 2729
leaf_count=395 387 799 1946 712 1528 2729
internal_value=0.000966344 0.0379516 -0.0432487 0.021779 -0.0337147 0.0114706
internal_weight=8496 4627 3869 3828 3474 3116
internal_count=8496 4627 3869 3828 3474 3116
is_linear=0
shrinkage=0.03


Tree=102
num_leaves=7
num_cat=0
split_feature=29 1 1 29 22 27
split_gain=14907.5 6569.03 3189.18 2873.16 1993.49 1963.74
threshold=1.0901818433269259 -54.903788350535926 -462.3252624652672 2.9769761283130731 -0.30116883746403783 0.67994272090381402
decision_type=2 2 2 2 2 2
left_child=1 2 -1 -2 -4 -3
right_child=3 5 4 -5 -6 -7
leaf_value=-0.1316751343644276 0.066587140747755735 -0.0049952914923470882 0.0058964754355329907 0.20761631454681528 -0.056816573369678762 0.048051809472786158
leaf_weight=403 1612 3072 608 135 1796 779
leaf_count=403 1612 3072 608 135 1796 779
internal_value=0.000864831 -0.0196207 -0.0544368 0.0786048 -0.040997 0.00583201
internal_weight=8405 6658 2807 1747 2404 3851
internal_count=8405 6658 2807 1747 2404 3851
is_linear=0
shrinkage=0.03


Tree=103
num_leaves=7
num_cat=0
split_feature=1 1 15 15 40 26
split_gain=14137.8 5074.45 3283.34 2702.85 1714.37 1381.56
threshold=257.7800808193852 -462.3252624652672 1.8213376752993 -0.29938525803897292 1.0000000180025095e-35 0.039634541359176101
decision_type=2 2 2 2 2 2
left_child=1 -1 4 -3 -2 -5
right_child=2 3 -4 5 -6 -7
leaf_value=-0.12826689890000437 0.031290763146628604 -0.043646205290196596 0.12827162539878845 0.021041802818351978 0.12045549978240294 -0.019701562380571393
leaf_weight=410 2024 2388 453 1381 207 1613
leaf_count=410 2024 2388 453 1381 207 1613
internal_value=-0.00142213 -0.0277908 0.0553727 -0.0199129 0.0400644 -0.000900961
internal_weight=8476 5792 2684 5382 2231 2994
internal_count=8476 5792 2684 5382 2231 2994
is_linear=0
shrinkage=0.03


Tree=104
num_leaves=7
num_cat=0
split_feature=29 1 29 15 37 22
split_gain=13313.8 5085.57 3442.01 2449.26 1562.93 1432.15
threshold=0.018573166020018704 761.27316799336734 -1.3993877821851253 1.0812711571217981 3.9219243190762363 -0.075527785237922959
decision_type=2 2 2 2 2 2
left_child=2 3 -1 4 -2 -3
right_child=1 5 -4 -5 -6 -7
leaf_value=-0.093141368590598531 0.066113218603880114 0.059141864337499676 -0.025006458764124887 0.062837889800318555 0.003467480483069902 0.19336242827650618
leaf_weight=850 405 124 3038 1178 2639 209
leaf_count=850 405 124 3038 1178 2639 209
internal_value=0.00061799 0.0353878 -0.0401029 0.0262934 0.0119916 0.146564
internal_weight=8443 4555 3888 4222 3044 333
internal_count=8443 4555 3888 4222 3044 333
is_linear=0
shrinkage=0.03


Tree=105
num_leaves=7
num_cat=0
split_feature=15 29 29 29 37 21
split_gain=11684.7 4396.78 3286.21 2214.17 2064.74 1876.9
threshold=0.69192574347762903 -2.4110196849497232 2.8181725707147933 -0.21727814488232647 4.7749040587885982 -0.23589673960782817
decision_type=2 2 2 2 2 2
left_child=1 -1 -2 5 -5 -3
right_child=2 3 -4 4 -6 -7
leaf_value=-0.17216603961349888 0.043087833091556518 0.0003472566457701401 0.17581794800939129 0.042774146245139172 -0.015696386908489724 -0.052334117772830924
leaf_weight=166 2283 842 173 717 2144 2185
leaf_count=166 2283 842 173 717 2144 2185
internal_value=-0.00195034 -0.024339 0.0531124 -0.0198865 -0.000945041 -0.0377272
internal_weight=8510 6054 2456 5888 2861 3027
internal_count=8510 6054 2456 5888 2861 3027
is_linear=0
shrinkage=0.03


Tree=106
num_leaves=7
num_cat=0
split_feature=13 12 29 21 29 32
split_gain=12233.9 4201.59 3389.55 2021.18 1705.64 1391.19
threshold=10.069763721737095 -0.81016721204507658 2.9769761283130731 -0.30629875657745792 -0.18808419060240841 1.9330295046628301
decision_type=8 2 2 2 2 2
left_child=1 -1 5 -3 -5 -2
right_child=2 3 -4 4 -6 -7
leaf_value=-0.078650947157802478 0.032502476231741045 0.025420744024899387 0.19745943839601476 -0.044082459732025223 -0.0041499521361710754 0.088799224289343559
leaf_weight=1088 1914 951 129 1834 2019 497
leaf_count=1088 1914 951 129 1834 2019 497
internal_value=-0.00197049 -0.0256926 0.0529423 -0.0135602 -0.0232224 0.0444263
internal_weight=8432 5892 2540 4804 3853 2411
internal_count=8432 5892 2540 4804 3853 2411
is_linear=0
shrinkage=0.03


Tree=107
num_leaves=7
num_cat=0
split_feature=15 6 28 32 22 33
split_gain=13461.7 3950.27 3529.96 1938.25 1654.58 1571.43
threshold=0.38651676278282165 1.65019493670133 -1.2157898240431073 2.1729288132089608 -0.08953018625954387 -0.11142761771801631
decision_type=2 2 2 2 2 2
left_child=2 3 -1 5 -3 -2
right_child=1 4 -4 -5 -6 -7
leaf_value=-0.081618371516780502 0.099217239315168251 0.060840074291645875 -0.017527239088490566 0.10922892762488104 0.16223413569395412 0.016074479542732133
leaf_weight=941 216 289 4193 256 324 2244
leaf_count=941 216 289 4193 256 324 2244
internal_value=0.00103873 0.0479447 -0.0294102 0.0321753 0.116176 0.023747
internal_weight=8463 3329 5134 2716 613 2460
internal_count=8463 3329 5134 2716 613 2460
is_linear=0
shrinkage=0.03


Tree=108
num_leaves=7
num_cat=0
split_feature=15 29 28 29 32 21
split_gain=11588.4 3335.38 3233.78 1731.45 1699.13 1672.33
threshold=0.32607355047383313 2.0114643151311804 -0.96239734615806194 -2.4110196849497232 2.1069975497726001 -0.20154386355763068
decision_type=2 2 2 2 2 2
left_child=2 4 3 -1 -2 -6
right_child=1 -3 -4 -5 5 -7
leaf_value=-0.15791433704168945 0.020786920773596142 0.10831592050926953 -0.013948295858439718 -0.054944558757821359 -0.011513874099390314 0.1307607154565362
leaf_weight=164 2590 570 3561 1156 102 250
leaf_count=164 2590 570 3561 1156 102 250
internal_value=0.000978894 0.0424695 -0.0289004 -0.0688289 0.0293883 0.0903542
internal_weight=8393 3512 4881 1320 2942 352
internal_count=8393 3512 4881 1320 2942 352
is_linear=0
shrinkage=0.03


Tree=109
num_leaves=7
num_cat=0
split_feature=15 6 28 28 37 5
split_gain=12240.2 4116.04 2432.32 1347.55 1706.28 1320.79
threshold=-0.041207602226232924 2.1223977816328072 -1.6363784357905427 0.88715159719506509 4.7317931335534196 -0.8399348169209423
decision_type=2 2 2 2 2 2
left_child=2 3 -1 4 -2 -4
right_child=1 -3 5 -5 -6 -7
leaf_value=-0.10018770511211608 0.056322744535779908 0.13807586583795897 0.02070488008077849 0.04828461782527621 0.00065291811967448836 -0.035327955730590666
leaf_weight=474 645 317 430 1714 2036 2836
leaf_count=474 645 317 430 1714 2036 2836
internal_value=0.00315489 0.0352861 -0.0373131 0.0275755 0.0142056 -0.02791
internal_weight=8452 4712 3740 4395 2681 3266
internal_count=8452 4712 3740 4395 2681 3266
is_linear=0
shrinkage=0.03


Tree=110
num_leaves=7
num_cat=0
split_feature=28 29 29 1 1 8
split_gain=10513.6 3953.7 3367.27 2167.84 2026.93 1644.95
threshold=0.094855638932108202 2.8181725707147933 -2.4110196849497232 367.52818267441222 -108.8908468767754 -0.28922392160527988
decision_type=2 2 2 2 2 2
left_child=2 3 -1 -2 -4 -6
right_child=1 -3 4 -5 5 -7
leaf_value=-0.15917979406350749 0.013193074982283779 0.1779704952730852 -0.047940578942702754 0.057985262860627336 0.029519205677628745 -0.025334920913977464
leaf_weight=167 2590 160 1854 1555 776 1306
leaf_count=167 2590 160 1854 1555 776 1306
internal_value=0.00328216 0.0359916 -0.0310418 0.030096 -0.0252154 -0.0048464
internal_weight=8408 4305 4103 4145 3936 2082
internal_count=8408 4305 4103 4145 3936 2082
is_linear=0
shrinkage=0.03


Tree=111
num_leaves=7
num_cat=0
split_feature=1 29 29 40 1 15
split_gain=11083.5 5145.89 2663.64 1627.33 1331.89 1315.99
threshold=31.810717329822641 2.0114643151311804 -2.4110196849497232 1.0000000180025095e-35 823.3784385102457 0.81906597691708272
decision_type=2 2 2 2 2 2
left_child=2 3 -1 5 -3 -2
right_child=1 4 -4 -5 -6 -7
leaf_value=-0.15057685998592588 0.0020689744188646508 0.077064802735077764 -0.032171450578956359 0.084823909513769835 0.17432547255726746 0.03878249286429384
leaf_weight=171 2681 391 3460 307 205 1298
leaf_count=171 2681 391 3460 307 205 1298
internal_value=0.00148749 0.0309827 -0.0381459 0.0193632 0.112843 0.0141126
internal_weight=8513 4882 3631 4286 596 3979
internal_count=8513 4882 3631 4286 596 3979
is_linear=0
shrinkage=0.03


Tree=112
num_leaves=7
num_cat=0
split_feature=29 7 29 1 23 1
split_gain=11382.7 4667.6 2995.27 2177.04 1741.36 1482.34
threshold=-0.079583526732254842 2.4283638559134997 -2.4110196849497232 385.03185341013938 -0.53971705102261536 -108.8908468767754
decision_type=2 2 2 2 2 2
left_child=2 3 -1 -2 -5 -4
right_child=1 -3 5 4 -6 -7
leaf_value=-0.15716011466247004 0.0097211816231369003 0.18061029178773363 -0.049398889709663947 -0.037230115831213988 0.063275946440664407 -0.0098931361230405936
leaf_weight=175 3040 170 2051 167 1452 1471
leaf_count=175 3040 170 2051 167 1452 1471
internal_value=0.000297762 0.0306012 -0.0392602 0.0247525 0.0527438 -0.0329736
internal_weight=8526 4829 3697 4659 1619 3522
internal_count=8526 4829 3697 4659 1619 3522
is_linear=0
shrinkage=0.03


Tree=113
num_leaves=7
num_cat=0
split_feature=29 29 29 22 37 29
split_gain=9024.58 4003.46 1948.49 1586.93 1324.57 1203.51
threshold=-0.21727814488232647 2.0114643151311804 -2.5538904661191926 -0.24278903316515291 4.9732735209982879 2.8181725707147933
decision_type=2 2 2 2 2 2
left_child=2 4 -1 -4 -2 -3
right_child=1 5 3 -5 -6 -7
leaf_value=-0.1482247895373924 0.039235944452175257 0.069105976664254234 -0.0023406310281101263 -0.048961785181167998 0.0040597001621793336 0.16952556202415145
leaf_weight=134 1354 422 944 2160 3290 150
leaf_count=134 1354 422 944 2160 3290 150
internal_value=-0.000700815 0.023707 -0.0399706 -0.0348362 0.0143779 0.0979001
internal_weight=8454 5216 3238 3104 4644 572
internal_count=8454 5216 3238 3104 4644 572
is_linear=0
shrinkage=0.03


Tree=114
num_leaves=7
num_cat=0
split_feature=29 1 15 27 1 22
split_gain=12016.3 4392.25 3083.87 1939.3 1344.99 2029.09
threshold=-0.066224701292260033 823.3784385102457 -1.4206227761253978 0.72840995111727713 -44.279275030331284 -0.2298473069445183
decision_type=2 2 2 2 2 2
left_child=2 3 -1 -2 5 -4
right_child=1 -3 4 -5 -6 -7
leaf_value=-0.10021773975554318 0.011840141890617852 0.15601667644036379 0.0086042107720237411 0.052187480372006448 0.0028025215702045477 -0.057445323990226199
leaf_weight=588 2794 243 574 1738 1009 1513
leaf_count=588 2794 243 574 1738 1009 1513
internal_value=0.002876 0.034252 -0.0377744 0.027394 -0.0256306 -0.0393249
internal_weight=8459 4775 3684 4532 3096 2087
internal_count=8459 4775 3684 4532 3096 2087
is_linear=0
shrinkage=0.03


Tree=115
num_leaves=7
num_cat=0
split_feature=28 1 1 12 22 1
split_gain=9485.75 3960.37 3259.48 1608.91 1471.74 1243.66
threshold=0.082194263555786976 573.87692084080425 -462.3252624652672 -0.95830739982288027 -0.12113625505092904 823.3784385102457
decision_type=2 2 2 2 2 2
left_child=2 -2 -1 -4 -3 -6
right_child=1 4 3 -5 5 -7
leaf_value=-0.11000601709602162 0.021846187101200041 0.039387929468982286 -0.062201700054322379 -0.010383483338269484 0.090969690575007478 0.19853628930394296
leaf_weight=387 3557 276 645 3088 338 152
leaf_count=387 3557 276 645 3088 338 152
internal_value=0.00430949 0.0353129 -0.0282282 -0.0194791 0.0967594 0.127641
internal_weight=8443 4323 4120 3733 766 490
internal_count=8443 4323 4120 3733 766 490
is_linear=0
shrinkage=0.03


Tree=116
num_leaves=7
num_cat=0
split_feature=15 1 1 7 12 23
split_gain=10885.2 4046.98 2965.77 1919.21 1778.96 1503.87
threshold=0.44916166163169235 -462.3252624652672 235.20472619930652 2.4283638559134997 -0.61788627815249997 -0.34510263489931575
decision_type=2 2 2 2 2 2
left_child=1 -1 -2 5 -3 -4
right_child=2 4 3 -5 -6 -7
leaf_value=-0.11822167045215694 0.0026993674462492418 -0.049968255586133256 0.00057609379872099143 0.15939682302474975 -0.0095286445244312252 0.067818686702885558
leaf_weight=407 1116 1347 375 165 3539 1477
leaf_count=407 1116 1347 375 165 3539 1477
internal_value=-0.00224282 -0.0284598 0.0419988 0.0636224 -0.0207566 0.0542794
internal_weight=8426 5293 3133 2017 4886 1852
internal_count=8426 5293 3133 2017 4886 1852
is_linear=0
shrinkage=0.03


Tree=117
num_leaves=7
num_cat=0
split_feature=1 1 1 22 15 35
split_gain=9288.65 3534.91 2051.82 1584.13 2536.26 1581.95
threshold=367.52818267441222 -293.57354221415045 823.3784385102457 -0.18842880371060905 -1.0664514600807498 0.10631667881220755
decision_type=2 2 2 2 2 2
left_child=1 3 -2 4 -1 -3
right_child=2 5 -4 -5 -6 -7
leaf_value=-0.076188433905275924 0.046726827579685097 -0.014027342479683121 0.14027146962550488 -0.096271653953752825 0.073312107477246258 0.027694714215344956
leaf_weight=262 1650 4572 237 628 154 986
leaf_count=262 1650 4572 237 628 154 986
internal_value=0.000635705 -0.0161541 0.0591532 -0.0665288 -0.0204227 -0.00658932
internal_weight=8489 6602 1887 1044 416 5558
internal_count=8489 6602 1887 1044 416 5558
is_linear=0
shrinkage=0.03


Tree=118
num_leaves=7
num_cat=0
split_feature=13 28 32 21 29 27
split_gain=9981.46 3726.95 2440.37 1925.95 1667.5 1429.69
threshold=10.069763721737095 -0.96239734615806194 1.9330295046628301 -0.052190365277230012 -2.4110196849497232 0.72840995111727713
decision_type=8 2 2 2 2 2
left_child=1 4 -2 -4 -1 -3
right_child=2 5 3 -5 -6 -7
leaf_value=-0.15551989252812096 0.032847532195595608 -0.015182098508660528 0.048645791801159854 0.1612371128716252 -0.053031321200269398 0.038432883080428325
leaf_weight=158 1958 4081 297 265 1168 493
leaf_count=158 1958 4081 297 265 1168 493
internal_value=-0.000884704 -0.0222295 0.0489796 0.103627 -0.066316 -0.00933207
internal_weight=8420 5900 2520 562 1326 4574
internal_count=8420 5900 2520 562 1326 4574
is_linear=0
shrinkage=0.03


Tree=119
num_leaves=7
num_cat=0
split_feature=10 29 29 37 13 13
split_gain=8646.37 3464.51 2289.96 1656.11 1264.6 1251.78
threshold=0.064256076336158777 2.9769761283130731 -2.4110196849497232 4.9732735209982879 14.004725394402064 0.20087438969828222
decision_type=2 2 2 2 10 10
left_child=2 3 -1 -2 5 -5
right_child=1 -3 -4 4 -6 -7
leaf_value=-0.13463164333878336 0.052300506759213633 0.17414609364544351 -0.026377700905231168 0.079983396415027871 0.040253925347198551 -0.0087743974760025652
leaf_weight=175 1303 134 3929 145 934 1839
leaf_count=175 1303 134 3929 145 934 1839
internal_value=-0.000104823 0.029306 -0.0313098 0.0243072 0.0116712 -0.00191897
internal_weight=8459 4355 4104 4221 2918 1984
internal_count=8459 4355 4104 4221 2918 1984
is_linear=0
shrinkage=0.03


Tree=120
num_leaves=7
num_cat=0
split_feature=9 1 1 35 22 28
split_gain=8831.17 3559.39 2363.73 1802.9 1665.92 2282.71
threshold=0.56724807357982299 -271.49378283378877 823.3784385102457 0.10631667881220755 -0.18842880371060905 -1.3659517957456739
decision_type=2 2 2 2 2 2
left_child=1 4 -2 -3 5 -1
right_child=2 3 -4 -5 -6 -7
leaf_value=-0.08996519418400048 0.038195276725732023 -0.018946673782499063 0.14402177296896679 0.025553504754131665 -0.097628795543270142 0.04459847401488911
leaf_weight=214 2122 3949 201 1024 685 221
leaf_count=214 2122 3949 201 1024 685 221
internal_value=-0.00171714 -0.020693 0.0479301 -0.00975066 -0.0687628 -0.0221347
internal_weight=8416 6093 2323 4973 1120 435
internal_count=8416 6093 2323 4973 1120 435
is_linear=0
shrinkage=0.03


Tree=121
num_leaves=7
num_cat=0
split_feature=15 29 7 27 37 24
split_gain=7804.22 2535.72 2305.28 1783.31 1468.11 1705.89
threshold=0.38651676278282165 -2.4110196849497232 2.4283638559134997 -0.10841324183829956 6.2547894266644208 -0.31140275591150118
decision_type=2 2 2 2 2 2
left_child=1 -1 4 -3 5 -2
right_child=2 3 -4 -5 -6 -7
leaf_value=-0.12776539290493183 -0.0045153927817491099 -0.032883974171277877 0.14170356764887157 0.0039579702251335593 -0.0010443431247107991 0.057677893434899367
leaf_weight=188 512 2945 168 1968 941 1735
leaf_count=188 512 2945 168 1968 941 1735
internal_value=0.000930687 -0.0224302 0.0363996 -0.0181481 0.0304246 0.0435494
internal_weight=8457 5101 3356 4913 3188 2247
internal_count=8457 5101 3356 4913 3188 2247
is_linear=0
shrinkage=0.03


Tree=122
num_leaves=7
num_cat=0
split_feature=28 10 12 37 21 19
split_gain=6638.65 3459.43 2204.88 2092.72 1759.01 1312.94
threshold=0.094855638932108202 2.2560064845125041 -0.81016721204507658 4.9732735209982879 -0.10609506316618224 -0.19363899232965354
decision_type=2 2 2 2 2 2
left_child=2 3 -1 -2 5 -4
right_child=1 -3 4 -5 -6 -7
leaf_value=-0.064113952090670556 0.050668497891035363 0.14598394536986728 0.056476553828413274 0.0045460263911469073 -0.033217505380079615 -0.0094316103508330119
leaf_weight=1113 1280 193 409 2830 1812 769
leaf_count=1113 1280 193 409 2830 1812 769
internal_value=-0.000985978 0.0250192 -0.0282533 0.0189983 -0.0147353 0.0137344
internal_weight=8406 4303 4103 4110 2990 1178
internal_count=8406 4303 4103 4110 2990 1178
is_linear=0
shrinkage=0.03


Tree=123
num_leaves=7
num_cat=0
split_feature=1 1 12 22 37 1
split_gain=7765.68 4092.31 1917.71 2198.24 1871.82 1380.86
threshold=-54.903788350535926 823.3784385102457 -0.81016721204507658 -0.25774670633665897 5.310736838221497 -245.30968374678375
decision_type=2 2 2 2 2 2
left_child=2 4 5 -4 -2 -1
right_child=1 -3 3 -5 -6 -7
leaf_value=-0.10445836094098689 0.039603788646620466 0.14211629524551056 0.031905643756985659 -0.040995081988563151 0.0028409678409558885 -0.024758979886920648
leaf_weight=552 1947 233 490 1462 3438 312
leaf_count=552 1947 233 490 1462 3438 312
internal_value=0.00127482 0.0216479 -0.0393029 -0.0226259 0.0161817 -0.0762906
internal_weight=8434 5618 2816 1952 5385 864
internal_count=8434 5618 2816 1952 5385 864
is_linear=0
shrinkage=0.03


Tree=124
num_leaves=7
num_cat=0
split_feature=1 1 29 24 27 12
split_gain=6804.15 2772.59 2155.08 1739.2 1617.81 1242.92
threshold=239.19743072273255 -462.3252624652672 2.8181725707147933 -0.29245954194163076 -0.099136832723806009 -0.90247788288475805
decision_type=2 2 2 2 2 2
left_child=1 -1 3 -2 -5 -3
right_child=2 5 -4 4 -6 -7
leaf_value=-0.094407401424968257 -0.011018219267428575 -0.049570537012972669 0.13905818868112768 -0.026677687993214929 0.054538376633812426 -0.00747332419794645
leaf_weight=402 673 727 167 246 1765 4438
leaf_count=402 673 727 167 246 1765 4438
internal_value=-0.000190638 -0.0194855 0.0374219 0.0306053 0.0445206 -0.0134831
internal_weight=8418 5567 2851 2684 2011 5165
internal_count=8418 5567 2851 2684 2011 5165
is_linear=0
shrinkage=0.03


Tree=125
num_leaves=7
num_cat=0
split_feature=29 29 29 22 24 0
split_gain=6298.51 3003.25 2880.87 1746.07 1607.36 1492.89
threshold=0.15930550568987611 -2.5538904661191926 2.8181725707147933 -0.21388293137660588 -0.27409696229931718 1.0000000180025095e-35
decision_type=2 2 2 2 2 2
left_child=1 -1 4 -3 -2 -6
right_child=2 3 -4 -5 5 -7
leaf_value=-0.15949539296525778 -0.0091444970645818188 0.00870356007856256 0.14768839730014061 -0.032517882145554518 -0.057838069920084979 0.03914489490168728
leaf_weight=132 1041 1368 164 2822 142 2759
leaf_count=132 1041 1368 164 2822 142 2759
internal_value=0.00153381 -0.0237178 0.0281068 -0.0190707 0.0227707 0.0342153
internal_weight=8428 4322 4106 4190 3942 2901
internal_count=8428 4322 4106 4190 3942 2901
is_linear=0
shrinkage=0.03


Tree=126
num_leaves=7
num_cat=0
split_feature=1 12 31 10 1 3
split_gain=7664.99 4403.53 1599.24 1322.37 1261.62 1052.9
threshold=431.9817901543999 -0.61788627815249997 0.038529824328096533 0.94064450623660545 -258.84885201741957 -0.60662651082698404
decision_type=2 2 2 2 2 2
left_child=1 4 -3 -2 -1 -6
right_child=3 2 -4 -5 5 -7
leaf_value=-0.085525494514821776 0.026076901493414135 -0.0093317282936360886 0.024875893640705918 0.086450305842923264 0.007254342505616615 -0.055669872146009818
leaf_weight=649 518 3462 1895 930 386 611
leaf_count=649 518 3462 1895 930 386 611
internal_value=0.00259557 -0.0104193 0.00279277 0.0651796 -0.0531761 -0.0314779
internal_weight=8451 7003 5357 1448 1646 997
internal_count=8451 7003 5357 1448 1646 997
is_linear=0
shrinkage=0.03


Tree=127
num_leaves=7
num_cat=0
split_feature=1 1 1 21 18 22
split_gain=7755.17 2994.49 1673.95 1445.79 1411.38 1323.57
threshold=54.705938407302661 823.3784385102457 -462.3252624652672 -0.059057452132593065 0.85507102516804612 -0.32920125360325464
decision_type=2 2 2 2 2 2
left_child=2 4 -1 -3 -2 -4
right_child=1 3 5 -5 -6 -7
leaf_value=-0.088091818749686038 0.015658096242671598 0.036329335699210298 0.010984790861895006 0.1877680401164013 0.074075927366186109 -0.033611935527577824
leaf_weight=399 3990 101 765 139 402 2682
leaf_count=399 3990 101 765 139 402 2682
internal_value=0.000843778 0.0269629 -0.0306016 0.12804 0.0211612 -0.0237113
internal_weight=8478 4632 3846 240 4392 3447
internal_count=8478 4632 3846 240 4392 3447
is_linear=0
shrinkage=0.03


Tree=128
num_leaves=7
num_cat=0
split_feature=12 6 35 31 19 19
split_gain=5894.37 3507.65 2090.56 1318.28 1415.29 1242.45
threshold=-0.61788627815249997 2.1223977816328072 -0.0023846697657426835 0.036056619135409043 -0.18973589874484201 -0.37607252210341541
decision_type=2 2 2 2 2 2
left_child=-1 2 5 -4 -5 -2
right_child=1 -3 3 4 -6 -7
leaf_value=-0.049461948002985694 0.062205736543401141 0.10802733419078452 0.0075395134358712777 0.12283938665475162 0.033349418730862404 -0.0169962610372941
leaf_weight=1658 182 326 2098 172 1418 2522
leaf_count=1658 182 326 2098 172 1418 2522
internal_value=0.00102274 0.0135373 0.00855701 0.0232215 0.0437373 -0.0114558
internal_weight=8376 6718 6392 3688 1590 2704
internal_count=8376 6718 6392 3688 1590 2704
is_linear=0
shrinkage=0.03


Tree=129
num_leaves=7
num_cat=0
split_feature=28 1 29 37 28 30
split_gain=6095.67 3533.52 1591.63 1321.48 1302.25 1198.14
threshold=-0.3087026114365104 823.3784385102457 -2.5538904661191926 4.7749040587885982 0.88715159719506509 -0.021298029930656683
decision_type=2 2 2 2 2 2
left_child=2 3 -1 5 -5 -2
right_child=1 -3 -4 4 -6 -7
leaf_value=-0.13205088319735866 -0.017451788969337939 0.13067209543099245 -0.028038589955528877 -0.0058249291134496667 0.030361934842311401 0.05428091232603701
leaf_weight=130 254 239 2826 2664 1336 1086
leaf_count=130 254 239 2826 2664 1336 1086
internal_value=0.00172132 0.020167 -0.0330427 0.0149862 0.00630706 0.0406553
internal_weight=8535 5579 2956 5340 4000 1340
internal_count=8535 5579 2956 5340 4000 1340
is_linear=0
shrinkage=0.03


Tree=130
num_leaves=7
num_cat=0
split_feature=29 18 13 22 37 13
split_gain=6127.83 2510.6 1694.2 1946.24 1627.53 1358.67
threshold=-0.21727814488232647 0.87368978992676616 -19.587626069901422 -0.20546647861060044 4.9732735209982879 14.004725394402064
decision_type=2 2 8 2 2 10
left_child=2 4 -1 -4 -2 -6
right_child=1 -3 3 -5 5 -7
leaf_value=-0.141283030892249 0.041669433019769976 0.084844635507712748 0.0064688230058029574 -0.04366579514967376 -0.0075752321984800079 0.037675888580557405
leaf_weight=112 1374 494 1042 2080 2560 768
leaf_count=112 1374 494 1042 2080 2560 768
internal_value=0.00101692 0.0211824 -0.031348 -0.0269656 0.0143281 0.00294892
internal_weight=8430 5196 3234 3122 4702 3328
internal_count=8430 5196 3234 3122 4702 3328
is_linear=0
shrinkage=0.03


Tree=131
num_leaves=7
num_cat=0
split_feature=9 1 7 24 30 33
split_gain=6216.94 3439.78 2236.32 1624.03 1525.45 1113.18
threshold=0.54830993659903993 -462.3252624652672 2.4283638559134997 -0.317474899979932 -0.085479580874975994 -0.047817102972510801
decision_type=2 2 2 2 2 2
left_child=1 -1 3 -2 -3 -6
right_child=2 4 -4 -5 5 -7
leaf_value=-0.10137269157422135 -0.012279711036035678 -0.037374900273861859 0.14399004252304912 0.047636244881705536 0.023837312933958625 -0.010176801560787914
leaf_weight=382 531 1329 169 1687 1191 3094
leaf_count=382 531 1329 169 1687 1191 3094
internal_value=0.000860996 -0.0154418 0.0417061 0.0333013 -0.00942482 -0.000689215
internal_weight=8383 5996 2387 2218 5614 4285
internal_count=8383 5996 2387 2218 5614 4285
is_linear=0
shrinkage=0.03


Tree=132
num_leaves=7
num_cat=0
split_feature=15 29 29 1 23 3
split_gain=6213.01 3133.47 1965.69 1374.57 1767.53 1493.21
threshold=0.44916166163169235 -2.4110196849497232 2.0910178006425384 -50.962574274871137 -0.3639914946361697 -0.52284488559623787
decision_type=2 2 2 2 2 2
left_child=1 -1 -2 4 -3 -5
right_child=2 3 -4 5 -6 -7
leaf_value=-0.1443869237116405 0.023150358774124736 0.016263396884943056 0.087534972965255739 0.053083448703751791 -0.0455029392463185 -0.0097400879897679028
leaf_weight=165 2629 531 503 388 1860 2347
leaf_count=165 2629 531 503 388 1860 2347
internal_value=0.000309422 -0.0195038 0.0337362 -0.0152107 -0.0317751 -0.00066673
internal_weight=8423 5291 3132 5126 2391 2735
internal_count=8423 5291 3132 5126 2391 2735
is_linear=0
shrinkage=0.03


Tree=133
num_leaves=7
num_cat=0
split_feature=1 1 29 22 22 28
split_gain=5989.34 3118.62 1454.92 1859.09 1242.71 1343.73
threshold=-100.51419099494591 573.87692084080425 -2.2974493358254651 -0.21388293137660588 -0.11867217870853226 1.9469717737626036
decision_type=2 2 2 2 2 2
left_child=2 -2 -1 -4 5 -3
right_child=1 4 3 -5 -6 -7
leaf_value=-0.11524236302022738 0.0063731141187294673 -0.037678068844930218 0.0065701735094941555 -0.052833829097237481 0.097235708752251723 0.093594994232058526
leaf_weight=210 5254 160 696 1464 513 110
leaf_count=210 5254 160 696 1464 513 110
internal_value=-0.00111244 0.0147558 -0.0414251 -0.0337505 0.0702149 0.0172362
internal_weight=8407 6037 2370 2160 783 270
internal_count=8407 6037 2370 2160 783 270
is_linear=0
shrinkage=0.03


Tree=134
num_leaves=7
num_cat=0
split_feature=15 30 1 21 7 37
split_gain=6233.65 2443.92 2150.08 1479.61 1442.09 1145.44
threshold=0.44916166163169235 -0.11954275875024993 823.3784385102457 -0.035023997148965404 -0.52478101282444201 6.2869283273353256
decision_type=2 2 2 2 2 2
left_child=1 4 5 -4 -1 -2
right_child=2 -3 3 -5 -6 -7
leaf_value=-0.086611172141177556 0.03671229036772701 -0.011214330622185464 0.033084155863248983 0.18983445741590999 -0.0094803677452303531 -0.0045961134339893477
leaf_weight=699 2104 4279 104 116 319 843
leaf_count=699 2104 4279 104 116 319 843
internal_value=-0.00132695 -0.0212219 0.0319106 0.120395 -0.0627688 0.0249203
internal_weight=8464 5297 3167 220 1018 2947
internal_count=8464 5297 3167 220 1018 2947
is_linear=0
shrinkage=0.03


Tree=135
num_leaves=7
num_cat=0
split_feature=29 1 23 30 22 10
split_gain=5017.86 3083.69 1890.13 1620.58 1369.6 1091.17
threshold=1.0901818433269259 -462.3252624652672 -0.21815930272454476 -0.021298029930656683 -0.24278903316515291 1.9293231933237291
decision_type=2 2 2 2 2 2
left_child=1 -1 5 4 -3 -2
right_child=2 3 -4 -5 -6 -7
leaf_value=-0.091031722860822742 -0.025395196088078154 0.0099105971712957729 0.065275360000166066 0.0068795650884778976 -0.037117250298897758 0.073040115932156716
leaf_weight=406 416 771 1226 3496 1968 123
leaf_count=406 416 771 1226 3496 1968 123
internal_value=1.77211e-05 -0.0119421 0.0448317 -0.0066546 -0.0238915 -0.00201096
internal_weight=8406 6641 1765 6235 2739 539
internal_count=8406 6641 1765 6235 2739 539
is_linear=0
shrinkage=0.03


Tree=136
num_leaves=7
num_cat=0
split_feature=15 29 15 34 20 33
split_gain=5392.18 2236.3 2072.96 1132.04 1594.44 1228.4
threshold=0.44916166163169235 -2.4110196849497232 1.8213376752993 -0.0042046122044730799 -0.94761504230165661 0.11223629072629233
decision_type=2 2 2 2 2 2
left_child=1 -1 -2 4 -3 -5
right_child=2 3 -4 5 -6 -7
leaf_value=-0.12226310129048393 0.019571728127126015 0.056844755632292687 0.085279143431009008 -0.011092401604616074 -0.04376081180613927 0.050207265419028466
leaf_weight=173 2624 147 510 3015 1591 316
leaf_count=173 2624 147 510 3015 1591 316
internal_value=-0.000572435 -0.0191732 0.0305016 -0.015421 -0.0349751 -0.00514425
internal_weight=8376 5242 3134 5069 1738 3331
internal_count=8376 5242 3134 5069 1738 3331
is_linear=0
shrinkage=0.03


Tree=137
num_leaves=7
num_cat=0
split_feature=29 7 25 21 36 30
split_gain=5743.29 2570.62 1440.23 1105.06 1104.57 862.635
threshold=-0.035912144760886097 2.4283638559134997 -2.1882339342266142 -0.11973319773724676 1.0000000180025095e-35 -0.020365057559219461
decision_type=2 2 2 2 2 2
left_child=2 4 -1 -4 -2 -6
right_child=1 -3 3 -5 5 -7
leaf_value=-0.10209075798620403 0.069944066971603061 0.13403796740242691 -0.00087982654746116061 -0.034781888851627869 -0.0079471000242753304 0.022936984243983848
leaf_weight=201 347 173 1441 2158 1096 3106
leaf_count=201 347 173 1441 2158 1096 3106
internal_value=0.00163575 0.0237069 -0.0257808 -0.0212479 0.0192262 0.0148818
internal_weight=8522 4722 3800 3599 4549 4202
internal_count=8522 4722 3800 3599 4549 4202
is_linear=0
shrinkage=0.03


Tree=138
num_leaves=7
num_cat=0
split_feature=29 12 7 24 30 9
split_gain=5275.15 2927 1564.52 1644.8 1466.97 1292.89
threshold=1.2962030018053441 -0.95830739982288027 2.4283638559134997 -0.19775547292081802 -0.021298029930656683 0.5773079132388742
decision_type=2 2 2 2 2 2
left_child=1 -1 3 -2 -3 -6
right_child=2 4 -4 -5 5 -7
leaf_value=-0.059908165931744278 -0.004639422084257174 -0.018479211063385726 0.13871658676130286 0.067336988346087437 0.0015646011074926562 0.044849612687837402
leaf_weight=864 435 2590 167 816 2842 785
leaf_count=864 435 2590 167 816 2842 785
internal_value=0.00209433 -0.00850205 0.0546979 0.0424709 -0.00127321 0.0110304
internal_weight=8499 7081 1418 1251 6217 3627
internal_count=8499 7081 1418 1251 6217 3627
is_linear=0
shrinkage=0.03


Tree=139
num_leaves=7
num_cat=0
split_feature=15 12 1 2 34 33
split_gain=4832.36 1931.97 1859.59 1655.28 1422.1 1411.06
threshold=0.44916166163169235 -0.81016721204507658 823.3784385102457 -0.92356609383777866 -0.0042046122044730799 0.072834754282826611
decision_type=2 2 2 2 2 2
left_child=1 -1 -2 -3 5 -5
right_child=2 3 -4 4 -6 -7
leaf_value=-0.051423701554914561 0.023369551939230127 0.0654921036763223 0.11116027224903642 -0.022596895030871301 0.00039569847835803346 -0.10273169691697126
leaf_weight=1134 2904 253 226 1059 2644 236
leaf_count=1134 2904 253 226 1059 2644 236
internal_value=0.000513881 -0.0168632 0.0300423 -0.00741396 -0.0122507 -0.0378759
internal_weight=8456 5326 3130 4192 3939 1295
internal_count=8456 5326 3130 4192 3939 1295
is_linear=0
shrinkage=0.03


Tree=140
num_leaves=7
num_cat=0
split_feature=1 1 22 28 23 1
split_gain=4461.4 2850.69 1503.22 1541.14 1365.77 1443.66
threshold=427.37093987150223 -271.49378283378877 -0.18842880371060905 -1.5660275520831231 -0.52762736528581045 823.3784385102457
decision_type=2 2 2 2 2 2
left_child=1 2 3 -1 -2 -6
right_child=4 -3 -4 -5 5 -7
leaf_value=-0.070950978140241081 -0.028924179988957587 -0.0003941383755367318 -0.078599879270039724 0.041366880837622584 0.043983032079316017 0.1297805136726346
leaf_weight=184 179 5748 711 244 1136 205
leaf_count=184 179 5748 711 244 1136 205
internal_value=0.00126452 -0.00901802 -0.0521565 -0.00743676 0.0476083 0.0579625
internal_weight=8407 6887 1139 428 1520 1341
internal_count=8407 6887 1139 428 1520 1341
is_linear=0
shrinkage=0.03


Tree=141
num_leaves=7
num_cat=0
split_feature=29 12 23 37 30 19
split_gain=4038.24 1867.27 1430.47 1600.72 1238.8 1132.47
threshold=1.1459911778019283 -0.81016721204507658 -0.34510263489931575 4.9732735209982879 -0.056545002832683995 -0.32310387173246974
decision_type=2 2 2 2 2 2
left_child=1 4 -2 -4 -1 -3
right_child=2 5 3 -5 -6 -7
leaf_value=-0.075005686301286997 -0.010390134256374734 0.039574057267254423 0.10034198527488579 0.031425539339009163 -0.011779911218665116 -0.0061132278754947337
leaf_weight=563 348 530 487 816 552 5091
leaf_count=563 348 530 487 816 552 5091
internal_value=0.00151193 -0.00880702 0.0434123 0.0577513 -0.0440876 -0.00174278
internal_weight=8387 6736 1651 1303 1115 5621
internal_count=8387 6736 1651 1303 1115 5621
is_linear=0
shrinkage=0.03


Tree=142
num_leaves=7
num_cat=0
split_feature=9 30 23 18 12 9
split_gain=4376.27 2575.11 1539.22 1385.31 2163.31 1339.71
threshold=0.5773079132388742 -0.056545002832683995 -0.025147575987678226 0.75008562349105434 1.3806617136061037 -1.2292724303709315
decision_type=2 2 2 2 2 2
left_child=1 5 3 4 -2 -1
right_child=2 -3 -4 -5 -6 -7
leaf_value=-0.099887652059946083 0.015331034124441745 0.0012886608246273777 0.065977049415175487 0.061885088888323274 -0.10629962113614266 -0.029903301958446794
leaf_weight=279 832 4034 907 401 146 1809
leaf_count=279 832 4034 907 401 146 1809
internal_value=0.000500288 -0.0127284 0.0358283 0.0156665 -0.00371863 -0.0396862
internal_weight=8408 6122 2286 1379 978 2088
internal_count=8408 6122 2286 1379 978 2088
is_linear=0
shrinkage=0.03


Tree=143
num_leaves=7
num_cat=0
split_feature=1 1 26 15 29 22
split_gain=5649.6 1984.53 1766.11 1672.08 1324.37 1630.05
threshold=367.52818267441222 -54.903788350535926 -0.24824933562593976 1.6787357953225539 -2.6807730665302878 -0.2298473069445183
decision_type=2 2 2 2 2 2
left_child=1 4 -3 -2 -1 -6
right_child=3 2 -4 -5 5 -7
leaf_value=-0.1331180591709846 0.028848523689608427 0.037618390738677322 -0.010303672990334667 0.0934937645029464 0.0077270565772454185 -0.043209784426952003
leaf_weight=103 1367 901 2871 487 807 1858
leaf_count=103 1367 901 2871 487 807 1858
internal_value=0.000158386 -0.0129557 0.00121245 0.0462397 -0.0321977 -0.0278142
internal_weight=8394 6540 3772 1854 2768 2665
internal_count=8394 6540 3772 1854 2768 2665
is_linear=0
shrinkage=0.03


Tree=144
num_leaves=7
num_cat=0
split_feature=15 18 34 23 30 33
split_gain=3744.57 1838.15 1637.61 1244.01 1534.08 1206.38
threshold=-0.29938525803897292 1.2402894170566632 -0.0018101662063876617 0.073073570453829978 -0.021298029930656683 0.006448948854847752
decision_type=2 2 2 2 2 2
left_child=2 3 -1 4 -2 -4
right_child=1 -3 5 -5 -6 -7
leaf_value=-0.055161672396148421 -0.02027152114597891 0.12284265003684493 -0.032138309289505576 0.053780164401257893 0.016696022029703529 0.018390830855137087
leaf_weight=1205 1419 125 937 533 3441 763
leaf_count=1205 1419 125 937 533 3441 763
internal_value=-0.00104399 0.0134653 -0.0285558 0.0107075 0.00588295 -0.00948472
internal_weight=8423 5518 2905 5393 4860 1700
internal_count=8423 5518 2905 5393 4860 1700
is_linear=0
shrinkage=0.03


Tree=145
num_leaves=7
num_cat=0
split_feature=13 1 24 22 15 15
split_gain=4882.29 2189.8 1805.6 1612.53 2326.28 1434.26
threshold=10.069763721737095 -284.91001132841126 -0.20925341406821921 -0.17441468061303836 -1.4504639578870098 1.2544355447242883
decision_type=8 2 2 2 2 2
left_child=1 3 5 4 -1 -2
right_child=2 -3 -4 -5 -6 -7
leaf_value=-0.085548215073590367 -0.03542122341288214 -0.0050218106340883173 0.053497374640992398 -0.084123415344871763 0.052158162423037731 0.041867573295425967
leaf_weight=186 460 4800 1723 605 243 390
leaf_count=186 460 4800 1723 605 243 390
internal_value=0.00158581 -0.0135972 0.0359311 -0.0529764 -0.00813539 0.000115179
internal_weight=8407 5834 2573 1034 429 850
internal_count=8407 5834 2573 1034 429 850
is_linear=0
shrinkage=0.03


Tree=146
num_leaves=7
num_cat=0
split_feature=15 18 30 30 24 12
split_gain=4087.68 2658.57 2443.41 1314.28 1176.35 919.278
threshold=-0.22707709564137316 0.71416192776948295 -0.021298029930656683 -0.11954275875024993 0.12751239979596232 1.9376352539097244
decision_type=2 2 2 2 2 2
left_child=3 2 -2 -1 -4 -3
right_child=1 5 4 -5 -6 -7
leaf_value=-0.064098023978719193 -0.03066895172686834 0.048770675599065824 0.022022373311079334 -0.019298539135002887 -0.059653830581477704 0.14212935995695919
leaf_weight=780 1316 685 3021 2384 158 106
leaf_count=780 1316 685 3021 2384 158 106
internal_value=-0.00359274 0.012546 0.00356514 -0.0305098 0.0177886 0.0628997
internal_weight=8450 5286 4495 3164 3179 791
internal_count=8450 5286 4495 3164 3179 791
is_linear=0
shrinkage=0.03


Tree=147
num_leaves=7
num_cat=0
split_feature=27 37 1 23 1 11
split_gain=3707.88 2306.01 1355.43 1283.16 1328.24 991.888
threshold=1.0000000180025095e-35 5.2806591939842535 -462.3252624652672 -0.025147575987678226 160.01998357559674 0.9517192050287494
decision_type=2 2 2 2 2 2
left_child=2 3 -1 -2 -5 -3
right_child=1 5 -4 4 -6 -7
leaf_value=-0.076101631743963366 0.023611205229581576 -0.009970776538333944 -0.016822383800646021 0.0086149220508306146 0.10418754173712159 0.029274565145122198
leaf_weight=377 1005 2087 3505 183 467 791
leaf_count=377 1005 2087 3505 183 467 791
internal_value=-0.00127196 0.0171397 -0.02276 0.0452405 0.0778184 0.000879574
internal_weight=8415 4533 3882 1655 650 2878
internal_count=8415 4533 3882 1655 650 2878
is_linear=0
shrinkage=0.03


Tree=148
num_leaves=7
num_cat=0
split_feature=1 32 23 18 21 24
split_gain=3734.91 2535.69 1380.78 1356.97 2037.76 1985.31
threshold=-44.279275030331284 1.9977798693727873 -0.38269114983801827 0.71416192776948295 -0.41295778413381584 0.064333828796484416
decision_type=2 2 2 2 2 2
left_child=2 3 -1 5 -5 -2
right_child=1 -3 -4 4 -6 -7
leaf_value=0.012710464300587773 0.0071671833198289677 0.063495783925919633 -0.037916616007112443 -0.049660190178988921 0.085402205664300374 -0.064404942126404824
leaf_weight=610 3897 810 2276 127 389 373
leaf_count=610 3897 810 2276 127 389 373
internal_value=0.000456521 0.0147474 -0.0272089 0.0063818 0.051848 0.000779227
internal_weight=8482 5596 2886 4786 516 4270
internal_count=8482 5596 2886 4786 516 4270
is_linear=0
shrinkage=0.03


Tree=149
num_leaves=7
num_cat=0
split_feature=15 25 9 24 24 37
split_gain=4636.3 1754.87 1589.14 1141.51 1219.03 829.504
threshold=-0.26744070025078148 -2.1882339342266142 0.55779594173111613 -0.27855297674068891 0.0046206130052057247 7.2156074906907826
decision_type=2 2 2 2 2 2
left_child=1 -1 -2 -4 -5 -3
right_child=2 5 3 4 -6 -7
leaf_value=-0.11359436673817233 0.0019969284243521179 -0.027415346347061602 -0.00014804177029521749 0.068751908018792343 0.015661089015214416 0.056932785463604058
leaf_weight=204 3201 2731 611 986 651 100
leaf_count=204 3201 2731 611 986 651 100
internal_value=-0.0009469 -0.0306049 0.0155979 0.0348702 0.0478621 -0.024246
internal_weight=8484 3035 5449 2248 1637 2831
internal_count=8484 3035 5449 2248 1637 2831
is_linear=0
shrinkage=0.03


Tree=150
num_leaves=7
num_cat=0
split_feature=12 1 36 35 21 35
split_gain=3722.69 1964.18 1235.14 1088.39 1024.41 1002.69
threshold=-0.61788627815249997 573.87692084080425 4.4942230200312032 -0.21876702937162498 -0.06764328042009625 -0.073241146031048907
decision_type=2 2 2 2 2 2
left_child=2 -2 5 -4 -3 -1
right_child=1 4 3 -5 -6 -7
leaf_value=-0.037478773613532863 0.0037405860194196011 0.018172555076372294 -0.12728205471879467 -0.042612732512616582 0.088275541787174172 0.068761919659453552
leaf_weight=157 6004 368 149 1198 387 144
leaf_count=157 6004 368 149 1198 387 144
internal_value=-0.000353231 0.00951551 -0.0406415 -0.0528475 0.0547903 0.0139241
internal_weight=8407 6759 1648 1347 755 301
internal_count=8407 6759 1648 1347 755 301
is_linear=0
shrinkage=0.03


Tree=151
num_leaves=7
num_cat=0
split_feature=12 29 35 31 19 32
split_gain=3907.15 2578 1386.57 1238.14 1187.64 1188.97
threshold=-0.43747110491655322 2.8181725707147933 -0.0010332781456458609 -0.18260706565519508 -0.18973589874484201 0.31243230675017558
decision_type=2 2 2 2 2 2
left_child=3 2 -2 -1 -4 -6
right_child=1 -3 4 -5 5 -7
leaf_value=-0.095691121882751917 -0.0083846480803831877 0.12319478376905936 0.079119305254813893 -0.02581764837827296 -0.0041965472808144248 0.03135973188597814
leaf_weight=252 2488 173 278 1917 1520 1894
leaf_count=252 2488 173 278 1917 1520 1894
internal_value=0.000334351 0.0122072 0.00890626 -0.0343376 0.0205496 0.0155631
internal_weight=8522 6353 6180 2169 3692 3414
internal_count=8522 6353 6180 2169 3692 3414
is_linear=0
shrinkage=0.03


Tree=152
num_leaves=7
num_cat=0
split_feature=9 16 32 7 9 18
split_gain=2952.56 1555.38 1258.86 1091.01 1163.58 1144.16
threshold=0.62917760927426836 -1.4148460785564176 2.1729288132089608 2.2606813497320686 1.1235668625472091 0.64693265061947269
decision_type=2 2 2 2 2 2
left_child=1 -1 3 4 -2 -6
right_child=2 -3 -4 -5 5 -7
leaf_value=-0.09029817164664701 0.028636097713980083 -0.0076112735839439583 0.074638716527040308 0.095932324216169804 -0.062536543030649996 0.027087118667973711
leaf_weight=202 1068 6107 444 139 302 210
leaf_count=202 1068 6107 444 139 302 210
internal_value=-2.40511e-05 -0.0103974 0.0301415 0.0182831 0.0108915 -0.0259621
internal_weight=8472 6309 2163 1719 1580 512
internal_count=8472 6309 2163 1719 1580 512
is_linear=0
shrinkage=0.03


Tree=153
num_leaves=7
num_cat=0
split_feature=15 29 37 14 33 11
split_gain=2892.51 1956.66 1006.54 1060.09 963.305 1109.61
threshold=-0.35126488916778581 2.8181725707147933 4.9163179057820896 -0.13334710882465509 -0.11937619501415905 -0.33948752997305137
decision_type=2 2 2 8 2 2
left_child=-1 2 3 -2 -4 -6
right_child=1 -3 4 -5 5 -7
leaf_value=-0.025208167618820217 -0.031905485073708606 0.11035359082333111 0.048316827160425672 0.039137209360487757 0.035501633015037934 -0.010779541459901279
leaf_weight=2769 212 167 341 1344 540 3054
leaf_count=2769 212 167 341 1344 540 3054
internal_value=-0.000136963 0.0121556 0.00897389 0.0293159 0.000876195 -0.00374656
internal_weight=8427 5658 5491 1556 3935 3594
internal_count=8427 5658 5491 1556 3935 3594
is_linear=0
shrinkage=0.03


Tree=154
num_leaves=7
num_cat=0
split_feature=15 30 1 9 23 37
split_gain=3237.23 1589.02 1122.73 1034.96 1150.05 989.205
threshold=0.44916166163169235 -0.12622867530555629 139.52963068410352 -1.2592729133046352 -0.2763687057965511 4.8713658868283671
decision_type=2 2 2 2 2 2
left_child=1 3 -2 -1 -5 -4
right_child=2 -3 5 4 -6 -7
leaf_value=-0.11724859724752604 -0.00993143819728305 -0.0092463092251084469 0.060350402251207275 0.025519670013663835 -0.057242881835133083 0.018432421230820777
leaf_weight=170 774 4320 732 196 585 1645
leaf_count=170 774 4320 732 196 585 1645
internal_value=-0.0026618 -0.0170316 0.0213538 -0.0519326 -0.0364127 0.0315399
internal_weight=8422 5271 3151 951 781 2377
internal_count=8422 5271 3151 951 781 2377
is_linear=0
shrinkage=0.03


Tree=155
num_leaves=7
num_cat=0
split_feature=15 15 35 22 21 36
split_gain=3299.82 1738.85 1423.97 1338.11 1125.61 1099.64
threshold=-0.26744070025078148 1.7144148519819931 -0.26366988245597461 -0.30116883746403783 0.056333756876117906 2.249904835165133
decision_type=2 2 2 2 2 2
left_child=2 4 -1 -4 5 -2
right_child=1 -3 3 -5 -6 -7
leaf_value=-0.098358916840820654 0.06305055733613607 0.063224448678060707 0.016792061681775213 -0.030087803300701287 -0.057029764276336534 0.00820768641129376
leaf_weight=204 347 597 733 2099 210 4277
leaf_count=204 347 597 733 2099 210 4277
internal_value=0.00135645 0.0153512 -0.0236466 -0.0179376 0.00932057 0.0124505
internal_weight=8467 5431 3036 2832 4834 4624
internal_count=8467 5431 3036 2832 4834 4624
is_linear=0
shrinkage=0.03


Tree=156
num_leaves=7
num_cat=0
split_feature=15 1 15 24 3 34
split_gain=3035.27 1987.1 1864.52 1168.63 1304.59 951.872
threshold=0.32607355047383313 823.3784385102457 -2.0130816957803859 -0.29245954194163076 0.36310283254780001 0.014580767852657594
decision_type=2 2 2 2 2 2
left_child=2 3 -1 4 -2 -5
right_child=1 -3 -4 5 -6 -7
leaf_value=-0.10336815080348995 0.034161656986008274 0.10817773446843432 -0.011320773598944987 0.035836664524801103 -0.041942265031501336 -0.0090510773140451174
leaf_weight=197 308 212 4724 1905 552 542
leaf_count=197 308 212 4724 1905 552 542
internal_value=-6.08527e-06 0.021235 -0.0152078 0.0153521 -0.0146071 0.0258979
internal_weight=8440 3519 4921 3307 860 2447
internal_count=8440 3519 4921 3307 860 2447
is_linear=0
shrinkage=0.03


Tree=157
num_leaves=7
num_cat=0
split_feature=1 1 21 12 36 21
split_gain=3564.4 1845.96 1805.75 1129.73 1097.49 1087.61
threshold=-44.279275030331284 761.27316799336734 -0.30006184028296345 0.25326143359386788 2.249904835165133 -0.06764328042009625
decision_type=2 2 2 2 2 2
left_child=2 4 -1 -4 -2 -3
right_child=1 5 3 -5 -6 -7
leaf_value=0.01767525040220453 0.062392429951894077 0.02248400439592925 -0.047626981817801929 0.01050133060316925 0.007655974769761497 0.13131247986382558
leaf_weight=671 344 155 1854 355 4881 180
leaf_count=671 344 155 1854 355 4881 180
internal_value=0.00180884 0.0158333 -0.0252273 -0.0382802 0.011372 0.0830702
internal_weight=8440 5560 2880 2209 5225 335
internal_count=8440 5560 2880 2209 5225 335
is_linear=0
shrinkage=0.03


Tree=158
num_leaves=7
num_cat=0
split_feature=1 22 29 35 41 1
split_gain=2711.89 1588.3 1320.82 1074.98 1065.74 1047.3
threshold=54.705938407302661 -0.18137263803758705 2.8181725707147933 -0.26366988245597461 1.0000000180025095e-35 -284.91001132841126
decision_type=2 2 2 2 2 2
left_child=1 3 4 -1 -2 -3
right_child=2 5 -4 -5 -6 -7
leaf_value=-0.071797898286844006 0.024435739560527792 -0.064143040633596979 0.097835592391450746 0.016852420377164418 -0.0071482234415785658 -0.019291180781520423
leaf_weight=126 3006 634 168 1299 1406 1777
leaf_count=126 3006 634 168 1299 1406 1777
internal_value=0.00207748 -0.0165071 0.0176451 0.00856816 0.0143773 -0.0313017
internal_weight=8416 3836 4580 1425 4412 2411
internal_count=8416 3836 4580 1425 4412 2411
is_linear=0
shrinkage=0.03


Tree=159
num_leaves=7
num_cat=0
split_feature=1 1 22 22 28 19
split_gain=2760.3 2038.3 1517.76 1036.45 1450.25 814.959
threshold=573.87692084080425 -266.53473075149071 -0.11867217870853226 -0.20546647861060044 -0.73230437005940974 -0.24857210183495951
decision_type=2 2 2 2 2 2
left_child=1 3 -2 4 -1 -3
right_child=2 5 -4 -5 -6 -7
leaf_value=-0.033430808617971659 -0.00082579961569648078 0.028908415446723144 0.085876276941750845 -0.060885307543441715 0.090447616519126209 -0.0015144224415443472
leaf_weight=334 282 914 500 752 103 5561
leaf_count=334 282 914 500 752 103 5561
internal_value=0.00167409 -0.00383108 0.0549947 -0.0397617 -0.00286268 0.00281797
internal_weight=8446 7664 782 1189 437 6475
internal_count=8446 7664 782 1189 437 6475
is_linear=0
shrinkage=0.03


Tree=160
num_leaves=7
num_cat=0
split_feature=9 1 30 21 24 24
split_gain=3482.86 1947.53 1403.74 1125.33 1054.64 1084.01
threshold=0.5773079132388742 -630.72411552148458 -0.044720037365491488 -0.0038615846623235145 -0.17296530673374783 -0.012268619443409198
decision_type=2 2 2 2 2 2
left_child=1 -1 3 -3 -2 -6
right_child=4 2 -4 -5 5 -7
leaf_value=-0.12213262116940288 0.003918602626997939 -0.015275345943775972 0.0010643777784240978 -0.062694893800551321 0.075361556275652677 0.023023488505233853
leaf_weight=133 859 1566 3770 628 627 838
leaf_count=133 859 1566 3770 628 627 838
internal_value=-0.000780502 -0.0126928 -0.0100519 -0.0290714 0.0303918 0.0457825
internal_weight=8421 6097 5964 2194 2324 1465
internal_count=8421 6097 5964 2194 2324 1465
is_linear=0
shrinkage=0.03


Tree=161
num_leaves=7
num_cat=0
split_feature=18 31 1 23 21 4
split_gain=2424.92 1980.73 1293.93 1410.92 1317.71 1362.96
threshold=1.2402894170566632 -0.25872291820661059 367.52818267441222 -0.52762736528581045 0.04004057092542429 0.032076567767141816
decision_type=2 2 2 2 2 2
left_child=1 -1 4 -4 -3 -6
right_child=-2 2 3 -5 5 -7
leaf_value=-0.092412541891233269 0.12625098310900429 -0.0009832050589508169 -0.051442303971279801 0.033540531904736021 -0.016518190701230704 -0.12306302398808895
leaf_weight=198 127 5924 189 1561 332 153
leaf_count=198 127 5924 189 1561 332 153
internal_value=0.00105803 -0.000993126 0.00133582 0.0241222 -0.00491398 -0.0519364
internal_weight=8484 8357 8159 1750 6409 485
internal_count=8484 8357 8159 1750 6409 485
is_linear=0
shrinkage=0.03


Tree=162
num_leaves=7
num_cat=0
split_feature=1 9 1 22 22 28
split_gain=3584.06 2074.33 1287.3 1111.63 1063.45 1733.05
threshold=-284.91001132841126 0.56724807357982299 802.57073967256395 -0.038536883759987102 -0.178165684965397 -0.90867457541024577
decision_type=2 2 2 2 2 2
left_child=4 -2 -3 -4 5 -1
right_child=1 2 3 -5 -6 -7
leaf_value=-0.053127767625441656 -0.0043682544480571411 0.02213938153280403 0.01720776240567903 0.14913014130308652 -0.077520588304043694 0.077459286146385725
leaf_weight=306 5010 2085 101 133 618 119
leaf_count=306 5010 2085 101 133 618 119
internal_value=-0.000929375 0.00649803 0.0298917 0.0952282 -0.0526867 -0.0156233
internal_weight=8372 7329 2319 234 1043 425
internal_count=8372 7329 2319 234 1043 425
is_linear=0
shrinkage=0.03


Tree=163
num_leaves=7
num_cat=0
split_feature=29 30 37 7 11 9
split_gain=2885.36 1368.11 1207.88 1035.75 984.457 927.528
threshold=1.0901818433269259 -0.044720037365491488 3.7494348669884658 2.4283638559134997 0.31626479834341609 1.1235668625472091
decision_type=2 2 2 2 2 2
left_child=1 -1 -2 4 -4 -6
right_child=2 -3 3 -5 5 -7
leaf_value=-0.026348468995370689 0.092568250714904723 0.0017819938691366803 0.078696601794799786 0.10048040490258824 0.025925631482766939 -0.027334444845247569
leaf_weight=2491 260 4115 182 133 759 467
leaf_count=2491 260 4115 182 133 759 467
internal_value=0.000335435 -0.00884927 0.0338874 0.0234537 0.0155205 0.00558113
internal_weight=8407 6606 1801 1541 1408 1226
internal_count=8407 6606 1801 1541 1408 1226
is_linear=0
shrinkage=0.03


Tree=164
num_leaves=7
num_cat=0
split_feature=29 7 36 2 2 23
split_gain=2303.8 1422.44 1399.35 1210.18 1141.86 1028.63
threshold=-0.21727814488232647 2.4283638559134997 6.6207394291472461 -0.26046991768813849 -0.08893091585422476 -0.075147693018032591
decision_type=2 2 2 2 2 2
left_child=2 3 -1 -2 5 -5
right_child=1 -3 -4 4 -6 -7
leaf_value=-0.026878400053432283 0.051562230016638663 0.095969290809980665 0.026100564504452969 -0.090493871377808829 0.01040150907718523 0.0022213451603728955
leaf_weight=2737 571 173 528 191 4123 231
leaf_count=2737 571 173 528 191 4123 231
internal_value=0.0015253 0.0137489 -0.0182574 0.0107868 0.00556213 -0.0408656
internal_weight=8554 5289 3265 5116 4545 422
internal_count=8554 5289 3265 5116 4545 422
is_linear=0
shrinkage=0.03


Tree=165
num_leaves=7
num_cat=0
split_feature=9 28 14 29 34 24
split_gain=2785.94 1514.7 1618.75 1356.14 1341.56 1333.83
threshold=0.5773079132388742 -0.96239734615806194 -0.82568833499032412 1.6076069884785051 0.01010550287586094 -0.17296530673374783
decision_type=2 2 8 2 2 2
left_child=1 4 -3 -4 -1 -2
right_child=5 2 3 -5 -6 -7
leaf_value=-0.055751889754618915 -0.0018900840609779638 0.080435481798825884 -0.0091534507428804087 0.086678783007129251 0.014148651591490908 0.045119040573489318
leaf_weight=1005 856 192 4480 127 322 1473
leaf_count=1005 856 192 4480 127 322 1473
internal_value=4.81837e-05 -0.0105715 -0.00269828 -0.00632965 -0.0388114 0.0279071
internal_weight=8455 6126 4799 4607 1327 2329
internal_count=8455 6126 4799 4607 1327 2329
is_linear=0
shrinkage=0.03


Tree=166
num_leaves=7
num_cat=0
split_feature=9 12 23 17 36 9
split_gain=2713.63 1592.03 1206.09 1987.45 1125.32 1031.16
threshold=0.55779594173111613 -0.81016721204507658 -0.34510263489931575 0.46965538392867945 3.8176519431297078 0.40018288200211954
decision_type=2 2 2 2 2 2
left_child=1 4 3 -2 -1 -3
right_child=2 5 -4 -5 -6 -7
leaf_value=0.044583114015479243 0.063207651937951401 0.0018936876541366641 0.03972376052740402 -0.056408157988509455 -0.051791032179548252 -0.040682753104272593
leaf_weight=114 189 4415 1752 327 1042 569
leaf_count=114 189 4415 1752 327 1042 569
internal_value=-6.76605e-05 -0.0104279 0.0279026 -0.0122267 -0.0419862 -0.0030388
internal_weight=8408 6140 2268 516 1156 4984
internal_count=8408 6140 2268 516 1156 4984
is_linear=0
shrinkage=0.03


Tree=167
num_leaves=7
num_cat=0
split_feature=13 31 24 15 1 13
split_gain=2486.58 2244.27 1409.88 1104.66 1031.15 1335.26
threshold=9.9465881021851867 -0.25872291820661059 -0.11538537017004948 1.2544355447242883 802.57073967256395 11.088965313013835
decision_type=8 2 2 2 2 10
left_child=1 -1 3 -2 5 -4
right_child=2 -3 4 -5 -6 -7
leaf_value=-0.11350541874285666 -0.02583027395494002 -0.0075759826629775134 0.098427468516521371 0.032228971666252271 0.1162594856351747 0.019853305689180058
leaf_weight=176 655 5679 232 520 151 1038
leaf_count=176 655 5679 232 520 151 1038
internal_value=-0.000113942 -0.0109483 0.02427 -8.08246e-05 0.0442652 0.0348638
internal_weight=8451 5855 2596 1175 1421 1270
internal_count=8451 5855 2596 1175 1421 1270
is_linear=0
shrinkage=0.03


Tree=168
num_leaves=7
num_cat=0
split_feature=28 27 35 30 6 24
split_gain=2653.77 1176.73 1075.69 994.896 935.906 1131.56
threshold=0.094855638932108202 -1.2886884899173798 -0.19648930511287802 -0.020365057559219461 1.8587610470429092 0.12077146914492533
decision_type=2 2 2 2 2 2
left_child=1 2 -1 -2 5 -5
right_child=3 -3 -4 4 -6 -7
leaf_value=-0.13351601538167696 -0.0090730928227604722 -0.0096456143807625971 -0.033106151781253472 0.024200495492582109 0.069251057175024 -0.053980906929067346
leaf_weight=117 967 3617 441 2756 379 168
leaf_count=117 967 3617 441 2756 379 168
internal_value=0.00100913 -0.015979 -0.0561398 0.0176178 0.0254357 0.0195399
internal_weight=8445 4175 558 4270 3303 2924
internal_count=8445 4175 558 4270 3303 2924
is_linear=0
shrinkage=0.03


Tree=169
num_leaves=7
num_cat=0
split_feature=1 37 1 32 21 32
split_gain=2443.93 1628.88 1454.02 1325.38 1285.44 959.432
threshold=400.89422768781509 3.7494348669884658 -462.3252624652672 2.0340010890362472 0.030333291586450529 2.7334020305086386
decision_type=2 2 2 2 2 2
left_child=2 -2 -1 4 -4 -5
right_child=1 -3 3 5 -6 -7
leaf_value=-0.062557075852436 0.099462303337004537 0.019751560037397742 -0.0034944271141472286 0.077218171968156057 -0.054487942844552474 -0.011648895367563769
leaf_weight=394 268 1408 5405 288 475 169
leaf_count=394 268 1408 5405 288 475 169
internal_value=0.000708336 0.033012 -0.00737223 -0.00384798 -0.00769932 0.0448091
internal_weight=8407 1676 6731 6337 5880 457
internal_count=8407 1676 6731 6337 5880 457
is_linear=0
shrinkage=0.03


Tree=170
num_leaves=7
num_cat=0
split_feature=28 29 37 14 17 33
split_gain=2960.18 2065.56 1114.27 1041.68 1580.43 1091.71
threshold=0.88715159719506509 -2.5538904661191926 4.6491756246494491 -0.11745407521175882 0.06506930533839278 0.011014034394814695
decision_type=2 2 2 10 2 2
left_child=1 -1 3 -3 -5 -6
right_child=-2 2 -4 4 5 -7
leaf_value=-0.12214505918910855 0.03128045955180199 -0.011173220535536774 -0.01417260450788573 0.11862579557739319 0.05722128852396699 -0.033143097939339047
leaf_weight=136 1982 585 5062 173 241 222
leaf_count=136 1982 585 5062 173 241 222
internal_value=-0.000674373 -0.0105744 -0.00796912 0.0176554 0.0439348 0.0141086
internal_weight=8401 6419 6283 1221 636 463
internal_count=8401 6419 6283 1221 636 463
is_linear=0
shrinkage=0.03


Tree=171
num_leaves=7
num_cat=0
split_feature=30 35 27 18 18 16
split_gain=3466.21 1702.32 1254.46 1191.32 994.508 806.447
threshold=-0.037072924093942972 -0.088892723760159095 -1.2886884899173798 1.2402894170566632 0.75008562349105434 -0.77490539491603638
decision_type=2 2 2 2 2 2
left_child=2 -2 -1 5 -4 -3
right_child=1 3 4 -5 -6 -7
leaf_value=-0.07497082801508731 -0.023410048630817429 0.071850333048524909 -0.02323468623284685 0.11679020743784697 0.054909851334894157 0.015763418598986365
leaf_weight=404 910 235 2329 105 147 4309
leaf_count=404 910 235 2329 105 147 4309
internal_value=9.65982e-05 0.0139305 -0.0265616 0.0212742 -0.018393 0.0188154
internal_weight=8439 5559 2880 4649 2476 4544
internal_count=8439 5559 2880 4649 2476 4544
is_linear=0
shrinkage=0.03


Tree=172
num_leaves=7
num_cat=0
split_feature=30 32 35 33 12 8
split_gain=2465.22 1545.11 1326.64 1079.33 1031.18 976.308
threshold=-0.020365057559219461 1.9330295046628301 -0.091278218502533634 -0.046867392866640274 -0.90247788288475805 -0.56950072455565437
decision_type=2 2 2 2 2 2
left_child=4 2 5 -4 -1 -2
right_child=1 -3 3 -5 -6 -7
leaf_value=-0.052657409494663299 0.0096709948766998902 0.058220615761561526 0.041300284964492014 0.0056127096423431678 -0.010110731774343251 -0.060249190048621934
leaf_weight=623 324 638 1056 2695 2738 387
leaf_count=623 324 638 1056 2695 2738 387
internal_value=0.00178612 0.0149211 0.00861352 0.0157428 -0.0181301 -0.0286946
internal_weight=8461 5100 4462 3751 3361 711
internal_count=8461 5100 4462 3751 3361 711
is_linear=0
shrinkage=0.03


Tree=173
num_leaves=7
num_cat=0
split_feature=1 35 18 33 34 25
split_gain=2344.53 1764.03 1378.08 934.983 957.105 927.788
threshold=-271.49378283378877 -0.049092793696469614 1.2402894170566632 0.11767926990559084 -0.0025306251323968056 1.9705248142746301
decision_type=2 2 2 2 2 2
left_child=-1 -2 3 5 -5 -3
right_child=1 2 -4 4 -6 -7
leaf_value=-0.037559897659567555 -0.016008969061452744 0.013768124537729007 0.11372196958873135 -0.0093510668724775311 0.075573872479555354 -0.040069373697584981
leaf_weight=1161 1971 4326 120 166 398 299
leaf_count=1161 1971 4326 120 166 398 299
internal_value=0.0018451 0.00817223 0.0171629 0.0147154 0.0508508 0.0102087
internal_weight=8441 7280 5309 5189 564 4625
internal_count=8441 7280 5309 5189 564 4625
is_linear=0
shrinkage=0.03


Tree=174
num_leaves=7
num_cat=0
split_feature=1 21 36 18 24 37
split_gain=2794.65 1635.9 1126.74 1094.98 1010.17 994.876
threshold=400.89422768781509 0.04004057092542429 5.4049245766661995 0.81314705225230399 -0.26929567879498212 6.193383940289773
decision_type=2 2 2 2 2 2
left_child=1 3 -2 -1 -4 -6
right_child=2 -3 4 -5 5 -7
leaf_value=-0.0083808104910361517 0.065530884148268576 -0.062601601080091773 -0.032179126486766574 0.063669846216026615 0.052444331481813912 -0.023464501386301382
leaf_weight=6098 599 489 296 186 567 206
leaf_count=6098 599 489 296 186 567 206
internal_value=-0.00173889 -0.0103124 0.0329282 -0.00615041 0.0142217 0.0321738
internal_weight=8441 6773 1668 6284 1069 773
internal_count=8441 6773 1668 6284 1069 773
is_linear=0
shrinkage=0.03


Tree=175
num_leaves=7
num_cat=0
split_feature=28 12 2 3 34 22
split_gain=2251.03 1396.06 1523.06 979.58 861.491 855.53
threshold=0.88715159719506509 -0.81016721204507658 -0.92356609383777866 -0.78397184728001912 0.015116705583403623 -0.44700830717980505
decision_type=2 2 2 2 2 2
left_child=1 -1 -3 -4 -2 -5
right_child=4 2 3 5 -6 -7
leaf_value=-0.039721090439488189 0.036829323407900093 0.068461056007878981 -0.081586483741799984 0.027066633262976404 -0.010498277301542527 -0.009431519308952049
leaf_weight=1139 1575 244 143 659 438 4248
leaf_count=1139 1575 244 143 659 438 4248
internal_value=-0.00107778 -0.00974468 -0.00323255 -0.00682501 0.0265305 -0.00448481
internal_weight=8446 6433 5294 5050 2013 4907
internal_count=8446 6433 5294 5050 2013 4907
is_linear=0
shrinkage=0.03


Tree=176
num_leaves=7
num_cat=0
split_feature=12 32 19 21 30 15
split_gain=1937.2 1468.22 1083.59 1076.55 1250.3 775.786
threshold=-0.61788627815249997 1.9330295046628301 -0.37607252210341541 -0.054062162800057607 -0.0075765715656081053 0.69192574347762903
decision_type=2 2 2 2 2 2
left_child=-1 2 -2 -3 -5 -4
right_child=1 3 5 4 -6 -7
leaf_value=-0.029678764799092535 0.060190602132028204 0.0098751922207548446 -0.0095467907561460983 0.0097704769745469086 0.11325766644453708 0.014409988147485897
leaf_weight=1633 256 475 3748 170 274 1789
leaf_count=1633 256 475 3748 170 274 1789
internal_value=-0.000477732 0.00666033 0.00104384 0.041672 0.0747222 -0.00179435
internal_weight=8345 6712 5793 919 444 5537
internal_count=8345 6712 5793 919 444 5537
is_linear=0
shrinkage=0.03


Tree=177
num_leaves=7
num_cat=0
split_feature=15 1 18 19 21 37
split_gain=2272.28 1311.66 1185.52 1060.76 932.217 1392.49
threshold=0.44916166163169235 -462.3252624652672 1.2402894170566632 -0.28977169414154252 0.04004057092542429 5.7381826048292135
decision_type=2 2 2 2 2 2
left_child=1 -1 -2 -3 -5 -6
right_child=2 3 -4 4 5 -7
leaf_value=-0.062442509900147276 0.016816087099320982 0.021548921843622899 0.11199800620355256 -0.010226784705854093 0.0091610201583367523 -0.13793100250668303
leaf_weight=409 3044 932 113 3810 103 119
leaf_count=409 3044 932 113 3810 103 119
internal_value=0.000403224 -0.0114599 0.0205659 -0.00714217 -0.013811 -0.0722323
internal_weight=8530 5373 3157 4964 4032 222
internal_count=8530 5373 3157 4964 4032 222
is_linear=0
shrinkage=0.03


Tree=178
num_leaves=7
num_cat=0
split_feature=1 35 33 20 3 12
split_gain=2178.6 1199.71 991.275 966.788 944.163 981.991
threshold=400.89422768781509 -0.26366988245597461 -0.012343722227764779 0.028414301752541924 -0.52284488559623787 -0.90247788288475805
decision_type=2 2 2 2 2 2
left_child=1 2 -1 -3 -5 -6
right_child=-2 3 -4 4 5 -7
leaf_value=-0.00050803334034722433 0.030057615612393181 -0.016342708731762259 -0.11960350497307315 0.049666064036315051 -0.0832091082310812 0.0043050201938020062
leaf_weight=106 1664 3486 145 392 111 2482
leaf_count=106 1664 3486 145 392 111 2482
internal_value=-0.000570459 -0.00818568 -0.0712547 -0.00563317 0.00688667 0.00025348
internal_weight=8386 6722 251 6471 2985 2593
internal_count=8386 6722 251 6471 2985 2593
is_linear=0
shrinkage=0.03


Tree=179
num_leaves=7
num_cat=0
split_feature=1 1 21 1 32 22
split_gain=2481.5 1528.32 1317.3 1209.72 977.664 860.668
threshold=400.89422768781509 -462.3252624652672 -0.069284417829344275 802.57073967256395 2.1729288132089608 -0.178165684965397
decision_type=2 2 2 2 2 2
left_child=1 -1 -2 -4 5 -3
right_child=2 4 3 -5 -6 -7
leaf_value=-0.066062531732022756 0.0023879283388733041 0.0059796230249980461 0.039199027495905557 0.13366031560713781 0.041211510341471205 -0.017841524848873701
leaf_weight=404 787 2103 732 141 354 3859
leaf_count=404 787 2103 732 141 354 3859
internal_value=-0.00209431 -0.0102144 0.0306417 0.0557966 -0.0065433 -0.00944305
internal_weight=8380 6720 1660 873 6316 5962
internal_count=8380 6720 1660 873 6316 5962
is_linear=0
shrinkage=0.03


Tree=180
num_leaves=7
num_cat=0
split_feature=30 32 27 20 37 32
split_gain=2500.4 1150.63 875.769 1025.17 1044.65 1021.47
threshold=-0.035549229908394264 1.9330295046628301 -1.038974330962692 -0.15644415820469151 5.0336952619030333 1.654665558454665
decision_type=2 2 2 2 2 2
left_child=2 -2 -1 4 -4 -5
right_child=1 -3 3 5 -6 -7
leaf_value=-0.054835409212579823 0.0051012559227020726 0.046531744889186127 -0.051868169612210732 -0.041774031482443845 0.028983067399168984 0.020514016141080196
leaf_weight=634 4831 680 174 1220 653 287
leaf_count=634 4831 680 174 1220 653 287
internal_value=-0.00166442 0.0102884 -0.0238185 -0.0151951 0.0115556 -0.0298546
internal_weight=8479 5511 2968 2334 827 1507
internal_count=8479 5511 2968 2334 827 1507
is_linear=0
shrinkage=0.03


Tree=181
num_leaves=7
num_cat=0
split_feature=1 18 22 37 29 19
split_gain=2120.52 1429.81 1290.13 1301.52 1188.23 1124.9
threshold=372.96551429919845 0.87368978992676616 -0.10242615454307953 6.193383940289773 -2.5538904661191926 -0.29822475295909429
decision_type=2 2 2 2 2 2
left_child=1 4 -2 -4 -1 -6
right_child=2 -3 3 -5 5 -7
leaf_value=-0.094720895088438326 -0.0037993193496659353 0.080469950804555851 0.06375762531201723 -0.017144859919267081 0.01975857563611191 -0.013614917172338051
leaf_weight=135 679 152 921 217 1091 5220
leaf_count=135 679 152 921 217 1091 5220
internal_value=0.000320298 -0.00758932 0.0289265 0.0483157 -0.00978723 -0.00782342
internal_weight=8415 6598 1817 1138 6446 6311
internal_count=8415 6598 1817 1138 6446 6311
is_linear=0
shrinkage=0.03


Tree=182
num_leaves=7
num_cat=0
split_feature=27 37 23 21 37 37
split_gain=1419.06 1238.08 1242.8 988.376 1299.52 1085.12
threshold=-0.10841324183829956 4.7749040587885982 -0.025147575987678226 -0.29481993764943853 6.2353901579610387 4.5591125415341898
decision_type=2 2 2 2 2 2
left_child=3 2 -2 4 5 -1
right_child=1 -3 -4 -5 -6 -7
leaf_value=0.056798381074926907 0.012793952538171312 0.0016717684603913159 0.073732645818099532 -0.023538474685415908 0.056454604785568768 -0.042621080189702995
leaf_weight=123 809 3730 475 2630 356 379
leaf_count=123 809 3730 475 2630 356 379
internal_value=0.000233364 0.010448 0.0357331 -0.0144381 0.0134066 -0.0176278
internal_weight=8502 5014 1284 3488 858 502
internal_count=8502 5014 1284 3488 858 502
is_linear=0
shrinkage=0.03


Tree=183
num_leaves=7
num_cat=0
split_feature=18 1 21 9 1 23
split_gain=1589.46 1380.65 1199.5 933.497 1768.97 952.668
threshold=0.70335294555164463 -630.72411552148458 -0.4884697552316592 1.1235668625472091 564.65605956570118 0.027775813035064829
decision_type=2 2 2 2 2 2
left_child=1 -1 -2 4 -3 -5
right_child=2 3 -4 5 -6 -7
leaf_value=-0.094801967657883374 -0.0359777412455725 0.0010391895576456903 0.057075402261897355 -0.074240693520461712 0.073365346972004364 0.015498879137685745
leaf_weight=126 142 6634 751 270 309 167
leaf_count=126 142 6634 751 270 309 167
internal_value=0.00444007 -8.37199e-05 0.042044 0.00165952 0.00435897 -0.0403671
internal_weight=8399 7506 893 7380 6943 437
internal_count=8399 7506 893 7380 6943 437
is_linear=0
shrinkage=0.03


Tree=184
num_leaves=7
num_cat=0
split_feature=15 29 22 34 1 33
split_gain=1599.21 1062.48 996.343 1224.41 1205.78 995.871
threshold=0.69192574347762903 -2.6807730665302878 -0.18137263803758705 -0.0042046122044730799 -284.91001132841126 -0.11937619501415905
decision_type=2 2 2 2 2 2
left_child=1 -1 5 -4 -5 -3
right_child=-2 2 3 4 -6 -7
leaf_value=-0.099461782216094433 0.02080775859676515 0.081391563287049704 -0.038838670060846729 -0.052056570029998007 0.0052774886001791975 0.0046479129455422232
leaf_weight=102 2449 156 1285 377 2238 1848
leaf_count=102 2449 156 1285 377 2238 1848
internal_value=0.000424714 -0.00790743 -0.00616019 -0.0149816 -0.00315509 0.0109964
internal_weight=8455 6006 5904 3900 2615 2004
internal_count=8455 6006 5904 3900 2615 2004
is_linear=0
shrinkage=0.03


Tree=185
num_leaves=7
num_cat=0
split_feature=1 18 23 2 33 23
split_gain=2167.19 1623.76 1382.03 1336.72 1120.84 1158.38
threshold=-54.903788350535926 1.2402894170566632 -0.35650041697454932 -0.92356609383777866 -0.12549759335126195 -0.14072758183874443
decision_type=2 2 2 2 2 2
left_child=2 3 -1 -2 -5 -6
right_child=1 -3 -4 4 5 -7
leaf_value=0.013905147460818652 0.094221399433508116 0.10909520383830443 -0.035846428748986296 0.050969728069199673 -0.018837269367463386 0.010574344204336767
leaf_weight=648 138 129 2160 393 1980 3046
leaf_count=648 138 129 2160 393 1980 3046
internal_value=-0.00284082 0.00780878 -0.0243567 0.00526578 0.00283106 -0.0010268
internal_weight=8494 5686 2808 5557 5419 5026
internal_count=8494 5686 2808 5557 5419 5026
is_linear=0
shrinkage=0.03


Tree=186
num_leaves=7
num_cat=0
split_feature=37 35 15 5 27 9
split_gain=2417.76 1194.37 1041.51 1066.22 1030.5 1955.62
threshold=4.7749040587885982 0.13776620982578561 -1.3927420328658748 -0.51126266204154813 0.016884548400172918 0.22006997789629426
decision_type=2 2 2 2 2 2
left_child=4 2 -2 -4 -1 -6
right_child=1 -3 3 -5 5 -7
leaf_value=0.002412253911869841 -0.052451720391450588 0.023642303696465923 0.022092268948267768 -0.015120692560272616 0.13215070764175274 0.029467105980074619
leaf_weight=734 544 902 818 4261 195 955
leaf_count=734 544 902 818 4261 195 955
internal_value=0.0004201 -0.00823023 -0.0133759 -0.00909571 0.0302647 0.0478678
internal_weight=8409 6525 5623 5079 1884 1150
internal_count=8409 6525 5623 5079 1884 1150
is_linear=0
shrinkage=0.03


Tree=187
num_leaves=7
num_cat=0
split_feature=1 33 34 31 33 36
split_gain=1550.57 1287.71 1339.22 1122.16 1144.8 851.526
threshold=-462.3252624652672 0.11502211880056044 -0.00076514817223410469 -0.21221957232486424 0.092853484293709085 5.84209303720238
decision_type=2 2 2 2 2 2
left_child=5 3 -3 -2 -5 -1
right_child=1 2 -4 4 -6 -7
leaf_value=-0.022849273397782002 -0.059672913756735363 -0.008203204986769394 0.067856086598731047 0.0033841569758938888 -0.052376509849355692 -0.11354264741207098
leaf_weight=253 280 348 502 6551 339 144
leaf_count=253 280 348 502 6551 339 144
internal_value=-0.000601691 0.00229446 0.0369832 -0.00186366 0.000568703 -0.0577271
internal_weight=8417 8020 850 7170 6890 397
internal_count=8417 8020 850 7170 6890 397
is_linear=0
shrinkage=0.03


Tree=188
num_leaves=7
num_cat=0
split_feature=35 1 16 22 33 36
split_gain=1748.61 1298.84 1094.4 1039.63 935.649 841.488
threshold=-0.084867476310064 573.87692084080425 -1.4148460785564176 -0.12113625505092904 -0.12549759335126195 5.8622086995319824
decision_type=2 2 2 2 2 2
left_child=2 4 -1 5 -2 -3
right_child=1 3 -4 -5 -6 -7
leaf_value=-0.099392664547368975 0.04481637088471873 0.051863203203277801 -0.016767376631304943 0.070506762914093468 4.762432375290263e-05 -0.051586513442546125
leaf_weight=147 447 124 1897 494 5211 140
leaf_count=147 447 124 1897 494 5211 140
internal_value=0.000932325 0.00863318 -0.0231646 0.0452436 0.00365733 -0.00287704
internal_weight=8460 6416 2044 758 5658 264
internal_count=8460 6416 2044 758 5658 264
is_linear=0
shrinkage=0.03


Tree=189
num_leaves=7
num_cat=0
split_feature=30 16 33 37 9 15
split_gain=1739.27 1303.31 1153.19 1206.59 1168.39 1214.37
threshold=-0.065076050916513653 1.7886278280411945 -0.11142761771801631 5.1957269410780187 1.1235668625472091 -1.5654992127139296
decision_type=2 2 2 2 2 2
left_child=-1 2 -2 -4 5 -5
right_child=1 -3 3 4 -6 -7
leaf_value=-0.022511053747898885 0.045447003657318415 0.095223658138788053 0.020977827945400408 -0.095887537166476244 -0.056262841410934926 0.0014152479315806834
leaf_weight=2207 598 142 1919 110 398 3029
leaf_count=2207 598 142 1919 110 398 3029
internal_value=0.000297658 0.00844525 0.00625614 0.00188537 -0.00850319 -0.00228821
internal_weight=8403 6196 6054 5456 3537 3139
internal_count=8403 6196 6054 5456 3537 3139
is_linear=0
shrinkage=0.03


Tree=190
num_leaves=7
num_cat=0
split_feature=12 32 4 33 22 3
split_gain=1694.91 1341.04 1055.6 887.159 1123.94 944.071
threshold=-0.61788627815249997 2.1729288132089608 -0.63376884415430679 -0.05785748883549325 -0.71022882618026328 -0.32130615848100502
decision_type=2 2 2 2 2 2
left_child=3 2 -2 5 -5 -1
right_child=1 -3 -4 4 -6 -7
leaf_value=0.033808253948448289 0.061710718265519687 0.046106777981568113 -6.7239195546636349e-05 -0.12805880618946891 -0.030225889196223765 -0.065065173860639328
leaf_weight=338 250 701 5845 109 1087 106
leaf_count=338 250 701 5845 109 1087 106
internal_value=0.000503663 0.00711622 0.00256365 -0.0267752 -0.04013 0.00929011
internal_weight=8436 6796 6095 1640 1196 444
internal_count=8436 6796 6095 1640 1196 444
is_linear=0
shrinkage=0.03


Tree=191
num_leaves=7
num_cat=0
split_feature=15 21 34 25 29 22
split_gain=1512.63 944.737 851.671 1048.52 845.738 822.584
threshold=0.44916166163169235 0.07272758940875719 0.0082424595539914488 -2.1882339342266142 2.9769761283130731 0.014825898817166873
decision_type=2 2 2 2 2 2
left_child=1 2 3 -1 -2 -5
right_child=4 -3 -4 5 -6 -7
leaf_value=-0.099588241324489638 0.013847370618278241 -0.066599470919264214 0.013908313137766989 -0.015900910126380303 0.089684062857422031 0.029502464906665787
leaf_weight=114 3000 235 1365 3143 129 396
leaf_count=114 3000 235 1365 3143 129 396
internal_value=0.000768258 -0.00906317 -0.00624156 -0.0137883 0.0172497 -0.0107516
internal_weight=8382 5253 5018 3653 3129 3539
internal_count=8382 5253 5018 3653 3129 3539
is_linear=0
shrinkage=0.03


Tree=192
num_leaves=7
num_cat=0
split_feature=29 38 17 4 28 22
split_gain=1654.46 1122.67 1146.85 1441.9 1095.12 1068.43
threshold=1.0901818433269259 1.0000000180025095e-35 0.66525591368013026 0.94197243270249331 -1.6363784357905427 -0.18137263803758705
decision_type=2 2 2 2 2 2
left_child=4 2 -2 -4 -1 -6
right_child=1 -3 3 -5 5 -7
leaf_value=-0.049576897084130905 0.067857353161994122 -0.05778103449739011 -0.01888256535568136 0.049134527495097634 0.014894222631782042 -0.011429912271565418
leaf_weight=470 556 123 554 550 2087 4093
leaf_count=470 556 123 554 550 2087 4093
internal_value=0.000962608 0.026541 0.0330975 0.0151396 -0.00592502 -0.00253049
internal_weight=8433 1783 1660 1104 6650 6180
internal_count=8433 1783 1660 1104 6650 6180
is_linear=0
shrinkage=0.03


Tree=193
num_leaves=7
num_cat=0
split_feature=35 15 33 1 22 8
split_gain=1778.21 1287.79 1039.91 1096.55 1519.91 1204.89
threshold=-0.084867476310064 -1.6586962420114981 0.15231166510194613 -187.71657188477965 -0.18842880371060905 -0.78116955900952323
decision_type=2 2 2 2 2 2
left_child=1 -1 3 4 -2 -5
right_child=2 -3 -4 5 -6 -7
leaf_value=-0.084868581811176014 0.026567140804090075 -0.015950061364673456 0.051651641564252213 0.089742867294347509 -0.057238201793422677 0.0058392161699130163
leaf_weight=274 291 1794 418 149 551 5031
leaf_count=274 291 1794 418 149 551 5031
internal_value=-0.0013124 -0.0254459 0.00646474 0.00324779 -0.0283027 0.00842093
internal_weight=8508 2068 6440 6022 842 5180
internal_count=8508 2068 6440 6022 842 5180
is_linear=0
shrinkage=0.03


Tree=194
num_leaves=7
num_cat=0
split_feature=36 7 20 32 21 22
split_gain=1330.71 1801.61 1145.09 884.42 1574.12 874.16
threshold=6.7135633652932718 2.4283638559134997 0.2796172940613833 2.1729288132089608 -0.19209395773362473 0.033166911579823009
decision_type=2 2 2 2 2 2
left_child=1 3 -2 -1 -5 -6
right_child=2 -3 -4 4 5 -7
leaf_value=-0.011715003344721468 0.0061832941856752302 0.095395867180127589 0.06165361314114505 -0.048151591763373726 0.029481587030088446 0.1263352525936178
leaf_weight=6210 987 144 499 171 304 111
leaf_count=6210 987 144 499 171 304 111
internal_value=-0.000569177 -0.00609324 0.0250979 -0.00838069 0.0265576 0.0577501
internal_weight=8426 6940 1486 6796 586 415
internal_count=8426 6940 1486 6796 586 415
is_linear=0
shrinkage=0.03


Tree=195
num_leaves=7
num_cat=0
split_feature=27 37 37 38 25 17
split_gain=1797.06 1251.81 1311.77 910.784 904.184 809.02
threshold=0.72840995111727713 6.2547894266644208 6.8495962243894803 1.0000000180025095e-35 -2.1882339342266142 0.62436010856345214
decision_type=2 2 2 2 2 2
left_child=4 3 -3 5 -1 -2
right_child=1 2 -4 -5 -6 -7
leaf_value=-0.063621917167264549 0.082977027674959153 -0.034990445134097513 0.058909640130586922 -0.030402957099850161 -0.0011795275826324469 0.033267227022057706
leaf_weight=206 472 433 182 127 6197 824
leaf_count=206 472 433 182 127 6197 824
internal_value=0.00453447 0.0289963 -0.00670419 0.0443647 -0.00328453 0.0518681
internal_weight=8441 2038 615 1423 6403 1296
internal_count=8441 2038 615 1423 6403 1296
is_linear=0
shrinkage=0.03


Tree=196
num_leaves=7
num_cat=0
split_feature=18 15 16 37 15 12
split_gain=1674.73 1162.56 1206.71 1090.4 961.88 1122.31
threshold=1.2402894170566632 -0.22707709564137316 -0.23770013026668782 4.9732735209982879 0.75643927097511343 0.64233299529784238
decision_type=2 2 2 2 2 2
left_child=1 -1 -3 -4 -5 -6
right_child=-2 2 3 4 5 -7
leaf_value=-0.017793160205124805 0.10185824792022291 0.04273681455695888 0.020897730851865675 -0.026405714607502462 0.048892442297297889 -0.0095238271234049689
leaf_weight=3166 128 663 1458 1609 406 1018
leaf_count=3166 128 663 1458 1609 406 1018
internal_value=-0.00179912 -0.00351422 0.00527453 -0.000338641 -0.0105823 0.00735618
internal_weight=8448 8320 5154 4491 3033 1424
internal_count=8448 8320 5154 4491 3033 1424
is_linear=0
shrinkage=0.03


Tree=197
num_leaves=7
num_cat=0
split_feature=1 22 22 2 35 14
split_gain=1553.29 1094.73 1023.16 888.635 818.066 795.299
threshold=-266.53473075149071 -0.20546647861060044 0.015848067266784196 -1.1197287671442029 -0.053732784706665294 -1.0558628611967864
decision_type=2 2 2 2 2 10
left_child=1 3 -3 -1 -2 -6
right_child=4 2 -4 -5 5 -7
leaf_value=-0.044496108372421822 -0.014584059743112663 -0.076671781400316635 0.0044592564618310977 0.039081551812846081 0.066085940198654811 0.0058033305015834829
leaf_weight=194 1938 560 184 251 195 5136
leaf_count=194 1938 560 184 251 195 5136
internal_value=-0.00315457 -0.0347913 -0.0568141 0.00246831 0.00206097 0.00812798
internal_weight=8458 1189 744 445 7269 5331
internal_count=8458 1189 744 445 7269 5331
is_linear=0
shrinkage=0.03


Tree=198
num_leaves=7
num_cat=0
split_feature=30 37 9 15 37 14
split_gain=1448.78 1394.22 1002.59 963.838 1322.79 1243.2
threshold=-0.022426110150579073 5.310736838221497 -1.2292724303709315 -0.64616589719287576 5.4094089116575796 -0.9165811304283219
decision_type=2 2 2 2 2 10
left_child=2 -2 -1 5 -5 -3
right_child=1 3 -4 4 -6 -7
leaf_value=-0.064301310491832811 0.029961204645036568 0.03636254778198366 -0.0090823106668748588 -0.094707130374092813 0.0097664006081152159 -0.069965198745924828
leaf_weight=320 2053 130 2924 104 2528 345
leaf_count=320 2053 130 2924 104 2528 345
internal_value=0.00097298 0.0108421 -0.0147102 -0.00184677 0.00529542 -0.0407152
internal_weight=8404 5160 3244 3107 2632 475
internal_count=8404 5160 3244 3107 2632 475
is_linear=0
shrinkage=0.03


Tree=199
num_leaves=7
num_cat=0
split_feature=18 37 18 12 24 2
split_gain=1691 1217.46 1108.89 1382.38 1098.54 959.007
threshold=0.87368978992676616 4.9380581778699986 0.091604465342492239 -0.81016721204507658 0.025766475220075098 -0.94513822194807895
decision_type=2 2 2 2 2 2
left_child=1 -1 3 -3 -2 -5
right_child=4 2 -4 5 -6 -7
leaf_value=0.015603284616499085 0.026218404597221471 -0.036145466409729946 -0.02708826000435377 0.073910619614578288 0.1296659799569076 0.0045151258017897041
leaf_weight=2014 393 757 2385 183 114 2538
leaf_count=2014 393 757 2385 183 114 2538
internal_value=-0.00102514 -0.00446933 -0.0113793 -0.000560287 0.0515369 0.00943584
internal_weight=8384 7877 5863 3478 507 2721
internal_count=8384 7877 5863 3478 507 2721
is_linear=0
shrinkage=0.03


Tree=200
num_leaves=7
num_cat=0
split_feature=32 12 35 36 2 36
split_gain=1480.94 1225.57 1187.82 1106.04 813.765 829.955
threshold=1.9330295046628301 -0.10369545046034775 -0.088892723760159095 6.7667674199628722 0.6968971652789796 5.5664324555418956
decision_type=2 2 2 2 2 2
left_child=2 -2 3 -1 -3 -6
right_child=1 4 -4 -5 5 -7
leaf_value=-0.031806855494288903 -0.035105077185212295 0.089792796245217313 0.0023834546838447245 0.058312147216577279 0.067093237421798457 -0.008315891117037991
leaf_weight=1692 178 290 5714 123 235 279
leaf_count=1692 178 290 5714 123 235 279
internal_value=0.00019197 0.0346498 -0.00434233 -0.0254136 0.0503346 0.0267835
internal_weight=8511 982 7529 1815 804 514
internal_count=8511 982 7529 1815 804 514
is_linear=0
shrinkage=0.03


Tree=201
num_leaves=7
num_cat=0
split_feature=15 37 12 4 36 21
split_gain=1795.1 1231.56 1479.42 1319.99 890.172 1439.58
threshold=-1.4206227761253978 5.7153802534577958 0.68774639571703022 -0.78564461330191404 5.1561734468561555 -0.012449641838263631
decision_type=2 2 2 2 2 2
left_child=-1 2 3 -2 5 -3
right_child=1 4 -4 -5 -6 -7
leaf_value=-0.047776745623846435 0.090301976001223999 -0.00031177577902878742 0.048998244981773652 0.0011750795027589804 0.0024943973919289418 -0.07165669902437366
leaf_weight=601 149 624 1008 2522 3094 420
leaf_count=601 149 624 1008 2522 3094 420
internal_value=0.00175065 0.00561468 0.01822 0.00646524 -0.00560931 -0.0294213
internal_weight=8418 7817 3679 2671 4138 1044
internal_count=8418 7817 3679 2671 4138 1044
is_linear=0
shrinkage=0.03


Tree=202
num_leaves=7
num_cat=0
split_feature=32 30 34 33 34 23
split_gain=1358.7 1038.43 948.417 994.895 1034.36 886.68
threshold=1.9330295046628301 -0.12622867530555629 -0.019748399335631706 -0.059831694158096353 0.00024862974542967485 -0.12825898572386055
decision_type=2 2 2 2 2 2
left_child=1 2 -1 -4 5 -5
right_child=-2 -3 3 4 -6 -7
leaf_value=0.016247151111865223 0.032097276165478035 -0.00082740166471359565 -0.11023854200447362 -0.012755583637747271 0.00985843893699348 -0.11898046163493586
leaf_weight=253 984 6512 179 135 290 145
leaf_count=253 984 6512 179 135 290 145
internal_value=-0.000868324 -0.00522227 -0.0334942 -0.0502886 -0.0298862 -0.0699708
internal_weight=8498 7514 1002 749 570 280
internal_count=8498 7514 1002 749 570 280
is_linear=0
shrinkage=0.03


Tree=203
num_leaves=7
num_cat=0
split_feature=18 12 19 33 32 21
split_gain=1488.8 1112.6 904.015 836.142 735.669 1224.72
threshold=1.2402894170566632 -1.0641846238901704 -0.60037878712832526 -0.033378203503676256 2.1729288132089608 -0.21442997426631483
decision_type=2 2 2 2 2 2
left_child=1 3 -3 -1 -4 -6
right_child=-2 2 4 -5 5 -7
leaf_value=0.0098238015060998357 0.10385702587664127 0.081478961754402668 0.0012678503973019893 -0.057511271873440642 -0.031546581254111528 0.058167758917999988
leaf_weight=255 122 129 6803 452 181 492
leaf_count=255 122 129 6803 452 181 492
internal_value=0.00389395 0.0023037 0.00566491 -0.0334266 0.00424962 0.0339309
internal_weight=8434 8312 7605 707 7476 673
internal_count=8434 8312 7605 707 7476 673
is_linear=0
shrinkage=0.03


Tree=204
num_leaves=7
num_cat=0
split_feature=1 19 32 21 21 24
split_gain=1765.16 1345.34 1072.81 1225.72 1084.82 998.692
threshold=54.705938407302661 -0.22100018205510841 1.9330295046628301 -0.054062162800057607 0.0070869005696401425 0.12077146914492533
decision_type=2 2 2 2 2 2
left_child=-1 -2 5 -4 -5 -3
right_child=1 2 3 4 -6 -7
leaf_value=-0.015712578227357204 0.063362433118678188 0.0036923250393974256 0.0015311913550010981 0.12428464211961801 0.020878129929871012 -0.062629562513817336
leaf_weight=3854 404 3252 393 194 174 208
leaf_count=3854 404 3252 393 194 174 208
internal_value=-0.000739489 0.0117445 0.006666 0.0386676 0.0772372 -0.000463654
internal_weight=8479 4625 4221 761 368 3460
internal_count=8479 4625 4221 761 368 3460
is_linear=0
shrinkage=0.03


Tree=205
num_leaves=7
num_cat=0
split_feature=30 21 34 33 32 12
split_gain=1336.96 1069.13 1157.53 1144.47 922.343 1330.24
threshold=-0.035549229908394264 -0.013186588470727114 -0.0011312561825454236 -0.0053945352625070437 2.2168999454262708 1.5792933122017225
decision_type=2 2 2 2 2 2
left_child=1 -1 -3 -4 5 -2
right_child=4 2 3 -5 -6 -7
leaf_value=-0.0030473897277322479 0.0015721121148480806 -0.074739207002849126 -0.056528632820486792 0.02966690181041242 0.046951706524952723 0.077521864066269541
leaf_weight=1935 4777 473 249 289 508 207
leaf_count=1935 4777 473 249 289 508 207
internal_value=0.000103244 -0.0161694 -0.0410084 -0.0105301 0.00884568 0.00487544
internal_weight=8438 2946 1011 538 5492 4984
internal_count=8438 2946 1011 538 5492 4984
is_linear=0
shrinkage=0.03


Tree=206
num_leaves=7
num_cat=0
split_feature=32 36 20 35 21 25
split_gain=1648.82 1466.4 1225.22 1126.49 1006.27 991.898
threshold=1.9330295046628301 6.6100226439425702 -0.077782596280192171 -0.079616593916089218 -0.054062162800057607 -0.3707747312249256
decision_type=2 2 2 2 2 2
left_child=1 3 -3 -1 -2 -4
right_child=4 2 5 -5 -6 -7
leaf_value=-0.031528015747670599 0.0063993612187145986 -0.0098384723451202943 0.10790304343824442 -0.0027723438596124386 0.066458838593015185 0.02782556199129262
leaf_weight=1747 505 685 163 4065 494 783
leaf_count=1747 505 685 163 4065 494 783
internal_value=0.000472558 -0.00440049 0.0206552 -0.0114552 0.0364628 0.0426076
internal_weight=8442 7443 1631 5812 999 946
internal_count=8442 7443 1631 5812 999 946
is_linear=0
shrinkage=0.03


Tree=207
num_leaves=7
num_cat=0
split_feature=12 19 36 24 32 36
split_gain=1333.42 919.571 820.711 823.731 802.503 948.563
threshold=-0.61788627815249997 -0.37607252210341541 4.4716224665663962 -0.14505202761562772 1.9330295046628301 6.6100226439425702
decision_type=2 2 2 2 2 2
left_child=2 -2 3 -1 5 -3
right_child=1 4 -4 -5 -6 -7
leaf_value=0.079960087550978637 0.056954801549674361 -0.0095739456144204073 -0.036283933931914938 -0.021538081648094315 0.027608869314119384 0.019638365636713683
leaf_weight=110 269 4344 1343 172 892 1289
leaf_count=110 269 4344 1343 172 892 1289
internal_value=-0.00223016 0.00361829 -0.0265547 0.0194359 0.00133565 -0.00286633
internal_weight=8419 6794 1625 282 6525 5633
internal_count=8419 6794 1625 282 6525 5633
is_linear=0
shrinkage=0.03


Tree=208
num_leaves=7
num_cat=0
split_feature=13 31 33 21 33 17
split_gain=1355.79 981.198 883.724 1551.2 826.699 845.503
threshold=-19.587626069901422 -0.13990580457264809 -0.14154805721635624 0.0043684389746287576 -0.024867728993969555 0.091862833629272916
decision_type=8 2 2 2 2 2
left_child=-1 4 3 -3 -2 -6
right_child=1 2 -4 -5 5 -7
leaf_value=-0.10302412057182063 -0.065829894265060765 0.076124097199705629 0.0016907891551293031 -0.052004085728007812 -0.030593980488856493 0.045782226199578294
leaf_weight=105 328 335 6965 105 407 180
leaf_count=105 328 335 6965 105 407 180
internal_value=-0.000721013 0.0006922 0.00432577 0.0450719 -0.0284428 -0.00679911
internal_weight=8425 8320 7405 440 915 587
internal_count=8425 8320 7405 440 915 587
is_linear=0
shrinkage=0.03


Tree=209
num_leaves=7
num_cat=0
split_feature=1 37 33 21 30 22
split_gain=1509.55 819.504 1009.56 685.537 689.385 681.196
threshold=400.89422768781509 4.9938224302714262 -0.056788178775357467 -0.2227123871632529 0.011813315798768357 -0.18137263803758705
decision_type=2 2 2 2 2 2
left_child=5 3 -3 -2 -5 -1
right_child=1 2 -4 4 -6 -7
leaf_value=0.0062491074759509274 -0.0080766230558647831 0.06378205178586073 -0.0061329624278337819 0.027481224363506664 0.10233947659101125 -0.013638211764173959
leaf_weight=2400 126 229 830 207 255 4343
leaf_count=2400 126 229 830 207 255 4343
internal_value=-0.000265428 0.0253936 0.00944081 0.0534866 0.0700919 -0.00656105
internal_weight=8390 1647 1059 588 462 6743
internal_count=8390 1647 1059 588 462 6743
is_linear=0
shrinkage=0.03


Tree=210
num_leaves=7
num_cat=0
split_feature=33 35 15 23 1 15
split_gain=1211.62 931.936 832.221 1136.54 726.547 701.579
threshold=-0.13250666223949545 -0.26366988245597461 1.0000000180025095e-35 -0.056899672330283868 823.3784385102457 -1.0340684095056871
decision_type=2 2 2 2 2 2
left_child=2 5 3 -1 -3 -2
right_child=1 4 -4 -5 -6 -7
leaf_value=0.057292644088851152 -0.10875349091222652 -0.0031173211377246361 0.072317531958625114 -0.050577146667137481 0.05258199614687277 -0.0059914188473144678
leaf_weight=171 120 7339 323 161 207 113
leaf_count=171 120 7339 323 161 207 113
internal_value=-6.75963e-05 -0.00338603 0.0388015 0.00503297 -0.00152182 -0.0612136
internal_weight=8434 7779 655 332 7546 233
internal_count=8434 7779 655 332 7546 233
is_linear=0
shrinkage=0.03


Tree=211
num_leaves=7
num_cat=0
split_feature=1 36 21 24 29 6
split_gain=1504.6 938.593 870.257 1119.49 1147.85 839.404
threshold=-108.8908468767754 2.249904835165133 -0.28970883482410187 0.075389202096605976 -1.340488508024533 -0.76116500826847566
decision_type=2 2 2 2 2 2
left_child=2 -2 -1 -4 -5 -3
right_child=1 5 3 4 -6 -7
leaf_value=0.0106830626015657 0.050288536006690192 0.046683017892633065 -0.041956021969669126 -0.031901325309276578 0.091288495438084719 0.00092687929526534898
leaf_weight=572 414 377 1462 140 116 5345
leaf_count=572 414 377 1462 140 116 5345
internal_value=-0.000530164 0.00721642 -0.0212281 -0.0318531 0.0252524 0.00401775
internal_weight=8426 6136 2290 1718 256 5722
internal_count=8426 6136 2290 1718 256 5722
is_linear=0
shrinkage=0.03


Tree=212
num_leaves=7
num_cat=0
split_feature=30 37 32 17 6 4
split_gain=1349.37 978.859 1008.26 970.58 1470.73 798.458
threshold=-0.037072924093942972 4.9732735209982879 2.1729288132089608 0.70442067111740647 1.0231016430463031 -0.63376884415430679
decision_type=2 2 2 2 2 2
left_child=-1 2 3 4 5 -2
right_child=1 -3 -4 -5 -6 -7
leaf_value=-0.01720361767209801 0.08675188976142853 -0.00046612989203411207 0.087235392623948388 -0.025532737123239942 0.12760554039102839 0.0089691268917422035
leaf_weight=2881 127 3758 208 347 117 918
leaf_count=2881 127 3758 208 347 117 918
internal_value=-0.000618652 0.00812398 0.026819 0.0179717 0.0310702 0.0191548
internal_weight=8356 5475 1717 1509 1162 1045
internal_count=8356 5475 1717 1509 1162 1045
is_linear=0
shrinkage=0.03


Tree=213
num_leaves=7
num_cat=0
split_feature=31 32 36 20 18 28
split_gain=1175.65 999.733 1133.4 1475.45 829.309 842.259
threshold=-0.25872291820661059 1.9330295046628301 6.6100226439425702 -0.0099861693877103357 -0.3791943819955837 -0.73230437005940974
decision_type=2 2 2 2 2 2
left_child=-1 2 -2 4 5 -4
right_child=1 -3 3 -5 -6 -7
leaf_value=-0.075133095352600016 -0.011197003114395913 0.027171240427289987 -0.028772421743621865 0.044839496519705181 -0.032639800083985475 0.08213160273006985
leaf_weight=188 5742 978 103 829 542 130
leaf_count=188 5742 978 103 829 542 130
internal_value=-0.00288501 -0.00116507 -0.00496939 0.0172555 -0.0124459 0.0339389
internal_weight=8512 8324 7346 1604 775 233
internal_count=8512 8324 7346 1604 775 233
is_linear=0
shrinkage=0.03


Tree=214
num_leaves=7
num_cat=0
split_feature=18 36 31 36 5 1
split_gain=1362.38 908.169 806.983 764.412 901.925 1258.1
threshold=1.2402894170566632 2.249904835165133 -0.25872291820661059 5.1561734468561555 -0.39967982245469375 -129.9207699418192
decision_type=2 2 2 2 2 2
left_child=1 -1 -3 -4 5 -5
right_child=-2 2 3 4 -6 -7
leaf_value=0.035834374526787671 0.092346199924924544 -0.064712874148877289 -0.019234308948092485 -0.0065455076027276394 -0.0039329259408359945 0.052807883884449153
leaf_weight=524 130 186 1945 609 4403 666
leaf_count=524 130 186 1945 609 4403 666
internal_value=-0.0004641 -0.00202095 -0.0046037 -0.00305419 0.00251239 0.0246276
internal_weight=8463 8333 7809 7623 5678 1275
internal_count=8463 8333 7809 7623 5678 1275
is_linear=0
shrinkage=0.03


Tree=215
num_leaves=7
num_cat=0
split_feature=29 2 34 21 1 14
split_gain=1339.95 1094.15 723.956 1141.23 1270.96 1213.06
threshold=-0.63794956539663639 -0.57463544021336699 -0.0042046122044730799 -0.21051499092036033 780.49585029813659 0.93823414760403812
decision_type=2 2 2 2 2 10
left_child=-1 -2 -3 5 -5 -4
right_child=1 2 3 4 -6 -7
leaf_value=-0.020450905225554417 0.053960268658686833 -0.012416972863575701 0.0034780789403717725 0.015517303134073708 0.097784272016370813 -0.065774066373461587
leaf_weight=2165 405 1772 894 2695 171 295
leaf_count=2165 405 1772 894 2695 171 295
internal_value=-0.000173415 0.00689247 0.00353423 0.0105182 0.0207487 -0.0141092
internal_weight=8397 6232 5827 4055 2866 1189
internal_count=8397 6232 5827 4055 2866 1189
is_linear=0
shrinkage=0.03


Tree=216
num_leaves=7
num_cat=0
split_feature=1 36 41 1 33 35
split_gain=1360.87 1859.03 1175.79 1196.78 1012.07 956.756
threshold=54.705938407302661 2.249904835165133 1.0000000180025095e-35 80.010480238352002 -0.14154805721635624 0.14016797437430387
decision_type=2 2 2 2 2 2
left_child=-1 -2 3 -3 -5 -6
right_child=1 2 -4 4 5 -7
leaf_value=-0.015183568174144383 0.074045103713665364 0.089173397593363957 -0.01875919131174715 0.081608474638040468 -0.0065422371975425008 0.03653317662754655
leaf_weight=3874 354 172 1418 154 1794 615
leaf_count=3874 354 172 1418 154 1794 615
internal_value=-0.00216474 0.00903447 0.00332843 0.0148067 0.00948886 0.00456017
internal_weight=8381 4507 4153 2735 2563 2409
internal_count=8381 4507 4153 2735 2563 2409
is_linear=0
shrinkage=0.03


Tree=217
num_leaves=7
num_cat=0
split_feature=30 22 22 37 15 20
split_gain=1405.97 876.219 860.103 799.671 821.463 796.829
threshold=-0.021298029930656683 -0.24278903316515291 -0.67708038171291651 4.9732735209982879 0.7710203838862576 0.05455116318651803
decision_type=2 2 2 2 2 2
left_child=1 2 -1 5 -5 -2
right_child=3 -3 -4 4 -6 -7
leaf_value=-0.031130532213636944 0.0063662989117682098 -0.022946218674636705 0.028936944172218707 -0.0069316424705953205 0.023403703211709547 0.048318294163413322
leaf_weight=300 753 2346 690 2253 1236 887
leaf_count=300 753 2346 690 2253 1236 887
internal_value=0.00214959 -0.0129874 0.0106054 0.0120011 0.00385102 0.0292115
internal_weight=8465 3336 990 5129 3489 1640
internal_count=8465 3336 990 5129 3489 1640
is_linear=0
shrinkage=0.03


Tree=218
num_leaves=7
num_cat=0
split_feature=15 1 22 19 20 34
split_gain=1453.24 924.415 1171.08 1160.47 898.414 975.021
threshold=-1.4206227761253978 573.87692084080425 -0.11867217870853226 -0.32310387173246974 -0.0099861693877103357 0.01087550394597135
decision_type=2 2 2 2 2 2
left_child=-1 3 -3 4 5 -2
right_child=1 2 -4 -5 -6 -7
leaf_value=-0.042553935962733783 -0.0065662478784767287 -0.012303803958228395 0.063395464122585288 -0.0019502658388315729 0.085885186528291885 0.091786820528836077
leaf_weight=593 411 282 504 6238 227 106
leaf_count=593 411 282 504 6238 227 106
internal_value=0.00231573 0.00579133 0.0364228 0.00229583 0.0374505 0.014958
internal_weight=8361 7768 786 6982 744 517
internal_count=8361 7768 786 6982 744 517
is_linear=0
shrinkage=0.03


Tree=219
num_leaves=7
num_cat=0
split_feature=18 21 24 29 32 33
split_gain=1095.59 956.908 835.233 847.065 770.46 837.764
threshold=0.85507102516804612 0.068258063072879779 0.053415095377038195 1.5631243752789712 -2.7872586681617908 -0.12549759335126195
decision_type=2 2 2 2 2 2
left_child=1 4 3 -2 -1 -6
right_child=2 -3 -4 -5 5 -7
leaf_value=0.057189931138656863 0.081643282016376384 -0.048590644181675302 0.11633784712851046 -0.0036280936395217266 0.033704817450106742 -0.0034749205422050502
leaf_weight=205 144 354 100 326 584 6663
leaf_count=205 144 354 100 326 584 6663
internal_value=0.00185935 -0.00109502 0.04164 0.0236542 0.00122331 -0.000436473
internal_weight=8376 7806 570 470 7452 7247
internal_count=8376 7806 570 470 7452 7247
is_linear=0
shrinkage=0.03


Tree=220
num_leaves=7
num_cat=0
split_feature=1 19 33 9 17 23
split_gain=1038.93 1215.28 1010.89 948.565 1060.85 1697.51
threshold=-271.49378283378877 -0.28977169414154252 -0.13813266426432017 0.56724807357982299 0.46113877171604584 -0.51557041221000288
decision_type=2 2 2 2 2 2
left_child=-1 -2 -3 -4 -5 -6
right_child=1 2 3 4 5 -7
leaf_value=-0.026911479377737028 0.038553331829958924 0.047634427004597815 -0.012216647192335395 0.044804094193198876 -0.076368852523357969 0.012043961279797901
leaf_weight=1160 785 357 4010 631 220 1291
leaf_count=1160 785 357 4010 631 220 1291
internal_value=-0.000666569 0.00353842 -0.000737123 -0.00361687 0.0124646 -0.00124631
internal_weight=8454 7294 6509 6152 2142 1511
internal_count=8454 7294 6509 6152 2142 1511
is_linear=0
shrinkage=0.03


Tree=221
num_leaves=7
num_cat=0
split_feature=16 37 22 29 29 25
split_gain=1463.39 912.03 1074.59 910.515 874.363 917.423
threshold=1.6454665125574797 4.6774800307930642 0.0059977889473297871 1.4451187273575383 1.1282371939521958 1.8562685969001675
decision_type=2 2 2 2 2 2
left_child=1 2 3 -1 -3 -6
right_child=-2 4 -4 -5 5 -7
leaf_value=0.012880699155554174 0.075576012205136447 -0.011592307355342822 0.058145348595518072 -0.067245838136101757 0.034108754902308275 -0.027770241762369367
leaf_weight=1115 218 5365 435 134 803 285
leaf_count=1115 218 5365 435 134 803 285
internal_value=0.000614817 -0.00148378 0.0181122 0.00381842 -0.00661774 0.0177944
internal_weight=8355 8137 1684 1249 6453 1088
internal_count=8355 8137 1684 1249 6453 1088
is_linear=0
shrinkage=0.03


Tree=222
num_leaves=7
num_cat=0
split_feature=12 18 36 9 27 35
split_gain=1436.61 1134.26 1103.31 1037.71 1241.7 1027.09
threshold=-0.90247788288475805 0.78026244949045065 5.2548844000372066 1.1235668625472091 0.83488092671686509 0.062410306000532004
decision_type=2 2 2 2 2 2
left_child=-1 3 -3 4 -2 -6
right_child=1 2 -4 -5 5 -7
leaf_value=-0.035577666570176733 -0.0018998823109021004 0.097191932861394478 0.01405381209892171 -0.04160176565665312 0.011523869768470273 0.084371478610240941
leaf_weight=955 5567 202 459 498 463 273
leaf_count=955 5567 202 459 498 463 273
internal_value=-0.00113183 0.00331832 0.0405304 -0.00035258 0.00296725 0.0393136
internal_weight=8417 7462 661 6801 6303 736
internal_count=8417 7462 661 6801 6303 736
is_linear=0
shrinkage=0.03


Tree=223
num_leaves=7
num_cat=0
split_feature=35 24 22 37 29 17
split_gain=990.285 925.428 965.783 1060.58 841.786 1596.66
threshold=-0.0023846697657426835 0.14217379873165628 0.0054050982590561148 5.6365721362514982 0.2456037102397525 0.031165671347746723
decision_type=2 2 2 2 2 2
left_child=-1 2 4 -4 -2 -6
right_child=1 -3 3 -5 5 -7
leaf_value=-0.0094722020443323493 -0.010794251612527133 -0.04382545187266973 0.060651268941081353 -0.0048791115107602095 0.079749967003507269 0.0073388554430809747
leaf_weight=3724 1425 250 693 323 319 1657
leaf_count=3724 1425 250 693 323 319 1657
internal_value=0.00205108 0.0112466 0.0144556 0.0399738 0.00673757 0.0193714
internal_weight=8391 4667 4417 1016 3401 1976
internal_count=8391 4667 4417 1016 3401 1976
is_linear=0
shrinkage=0.03


Tree=224
num_leaves=7
num_cat=0
split_feature=31 18 17 15 6 25
split_gain=842.875 706.187 635.703 882.189 1126.34 807.181
threshold=-0.15168833185932762 1.3200130979596716 1.1751843632404155 0.24651577636278885 0.51907573043357258 1.9705248142746301
decision_type=2 2 2 2 2 2
left_child=-1 2 3 4 -2 -5
right_child=1 -3 -4 5 -6 -7
leaf_value=-0.028696214593193166 0.0010241927798356741 0.078538158453323612 -0.032488713357967651 0.019953138440239302 -0.046325432362536396 -0.046325321273285557
leaf_weight=824 3462 100 443 2903 510 166
leaf_count=824 3462 100 443 2903 510 166
internal_value=-6.81664e-05 0.00307596 0.00196419 0.00417487 -0.00515651 0.0162294
internal_weight=8408 7584 7484 7041 3972 3069
internal_count=8408 7584 7484 7041 3972 3069
is_linear=0
shrinkage=0.03


Tree=225
num_leaves=7
num_cat=0
split_feature=18 21 15 26 15 8
split_gain=772.397 773.693 624.638 934.909 796.962 777.372
threshold=1.2402894170566632 0.053527733194491438 -0.64616589719287576 -0.3253019270013357 -0.8670719329087121 -0.46793777912834994
decision_type=2 2 2 2 2 2
left_child=1 2 3 5 -5 -1
right_child=-2 -3 -4 4 -6 -7
leaf_value=-0.010187160376778318 0.069420989131274285 -0.035293822182564237 0.0068309142090834923 -0.018265381435982796 -0.095571577754112957 0.051001243626099847
leaf_weight=1047 136 519 5999 334 183 217
leaf_count=1047 136 519 5999 334 183 217
internal_value=0.00101751 -0.000185657 0.00219869 -0.0133552 -0.0469234 0.000635364
internal_weight=8435 8299 7780 1781 517 1264
internal_count=8435 8299 7780 1781 517 1264
is_linear=0
shrinkage=0.03


Tree=226
num_leaves=7
num_cat=0
split_feature=21 12 2 23 2 37
split_gain=1234.92 1075.19 1213.02 904.267 1026.28 1002.29
threshold=0.068258063072879779 -0.43747110491655322 -0.57463544021336699 -0.42757691027195438 1.1657664470970259 6.0602900572549077
decision_type=2 2 2 2 2 2
left_child=1 -1 -3 -4 -5 -6
right_child=-2 2 3 4 5 -7
leaf_value=-0.017065536936365661 -0.049252434801680366 0.0616646922349295 -0.021966123133971765 0.0054209334222766175 0.082832192973012003 -0.010736489034024998
leaf_weight=2041 443 348 942 4190 305 150
leaf_count=2041 443 348 942 4190 305 150
internal_value=-0.00106849 0.00166604 0.00812556 0.00468652 0.0101272 0.0524179
internal_weight=8419 7976 5935 5587 4645 455
internal_count=8419 7976 5935 5587 4645 455
is_linear=0
shrinkage=0.03


Tree=227
num_leaves=7
num_cat=0
split_feature=33 13 33 36 33 31
split_gain=1036.62 896.652 643.861 511.978 868.725 726.262
threshold=0.15231166510194613 -19.587626069901422 0.16643669265605379 6.7393359271010906 0.072834754282826611 -0.1480483282281925
decision_type=2 8 2 2 2 2
left_child=1 -1 -2 -3 5 -5
right_child=2 3 -4 4 -6 -7
leaf_value=-0.085418366107501489 0.10448668467199528 -0.0040441498136395736 0.023483173091616065 -0.043260499480342079 -0.043656909049765484 0.035024489116552683
leaf_weight=104 104 6565 436 111 175 979
leaf_count=104 104 6565 436 111 175 979
internal_value=0.000870482 -0.00188819 0.0407 -0.000671188 0.016728 0.0267315
internal_weight=8474 7934 540 7830 1265 1090
internal_count=8474 7934 540 7830 1265 1090
is_linear=0
shrinkage=0.03


Tree=228
num_leaves=7
num_cat=0
split_feature=18 31 35 21 31 24
split_gain=1271.03 1031.71 880.5 932.64 1544.41 959.644
threshold=1.2402894170566632 -0.25872291820661059 -0.086480225640031452 -0.30629875657745792 -0.04964786391459889 -0.37272414363352918
decision_type=2 2 2 2 2 2
left_child=1 -1 3 4 -3 -5
right_child=-2 2 -4 5 -6 -7
leaf_value=-0.06602839113008685 0.090646758927748747 0.10102251525154177 0.0075595085866006252 -0.08296316771424915 -0.022776835795329964 -0.016017504968303224
leaf_weight=195 133 141 6217 218 220 1301
leaf_count=195 133 141 6217 218 220 1301
internal_value=0.0019681 0.000438258 0.00211845 -0.0158195 0.0269966 -0.026105
internal_weight=8425 8292 8097 1880 361 1519
internal_count=8425 8292 8097 1880 361 1519
is_linear=0
shrinkage=0.03


Tree=229
num_leaves=7
num_cat=0
split_feature=31 12 3 23 38 4
split_gain=1422.1 839.024 1448.23 861.161 814.907 905.519
threshold=-0.27427975927965492 -0.61788627815249997 -0.42684944431456823 -0.38269114983801827 1.0000000180025095e-35 0.94197243270249331
decision_type=2 2 2 2 2 2
left_child=-1 2 -2 -4 5 -3
right_child=1 4 3 -5 -6 -7
leaf_value=-0.089182528148476894 0.00233489077832962 0.0028076192552698733 0.022141907400376085 -0.071594751161824205 -0.025759618611644462 0.038997061154791929
leaf_weight=159 957 5264 101 519 757 696
leaf_count=159 957 5264 101 519 757 696
internal_value=-0.00303063 -0.00127365 -0.0208935 -0.0562157 0.00335687 0.00709201
internal_weight=8453 8294 1577 620 6717 5960
internal_count=8453 8294 1577 620 6717 5960
is_linear=0
shrinkage=0.03


Tree=230
num_leaves=7
num_cat=0
split_feature=32 9 3 16 36 8
split_gain=775.108 798.25 786.35 808.565 698.447 763.537
threshold=1.9330295046628301 -0.25296195022386347 0.70912961707868216 1.281771477216715 6.7393359271010906 -0.3456071629826527
decision_type=2 2 2 2 2 2
left_child=4 -2 -3 -4 -1 -6
right_child=1 2 3 -5 5 -7
leaf_value=-0.0082548089752198222 -0.048686078799164985 0.067778689061826644 -0.022087956900139906 0.052210669841181917 0.059422987816217056 0.0034835641596102293
leaf_weight=6174 111 352 298 221 276 952
leaf_count=6174 111 352 298 221 276 952
internal_value=-0.000809999 0.0240952 0.0338178 0.0099387 -0.00414214 0.0164347
internal_weight=8384 982 871 519 7402 1228
internal_count=8384 982 871 519 7402 1228
is_linear=0
shrinkage=0.03


Tree=231
num_leaves=7
num_cat=0
split_feature=31 32 3 36 36 16
split_gain=848.233 826.468 980.955 1257.66 997.061 989.467
threshold=-0.25872291820661059 -0.18198527983967591 -0.45295157204934794 5.8215644129176907 3.0677824455408698 0.5744425629654254
decision_type=2 2 2 2 2 2
left_child=-1 2 -2 4 -4 -6
right_child=1 -3 3 -5 5 -7
leaf_value=-0.058563973954330911 0.014127103280136322 0.011496430219208039 0.032728750676981042 0.0014459983040941932 -0.066754090837616756 0.019545703371604013
leaf_weight=194 1203 4748 130 1227 789 136
leaf_count=194 1203 4748 130 1227 789 136
internal_value=0.00186998 0.00336335 -0.00771844 -0.0192461 -0.0430994 -0.0539923
internal_weight=8427 8233 3485 2282 1055 925
internal_count=8427 8233 3485 2282 1055 925
is_linear=0
shrinkage=0.03


Tree=232
num_leaves=7
num_cat=0
split_feature=31 18 31 30 36 6
split_gain=945.566 824.122 612.689 1709.09 917.32 1112.72
threshold=-0.27427975927965492 1.2402894170566632 -0.050696431816729483 -0.037072924093942972 6.0318857410300337 -0.011086027250681153
decision_type=2 2 2 2 2 2
left_child=-1 2 -2 4 5 -4
right_child=1 -3 3 -5 -6 -7
leaf_value=-0.068994875756668392 0.013414755739041738 0.073778917504117844 -0.028376598738061334 0.0025411879638748882 -0.007917472994390955 -0.11741864027092595
leaf_weight=163 2375 131 298 4832 413 221
leaf_count=163 2375 131 298 4832 413 221
internal_value=0.000420769 0.00187061 0.000624105 -0.00466026 -0.0416272 -0.0677953
internal_weight=8433 8270 8139 5764 932 519
internal_count=8433 8270 8139 5764 932 519
is_linear=0
shrinkage=0.03


Tree=233
num_leaves=7
num_cat=0
split_feature=32 37 36 33 32 12
split_gain=1095.88 904.387 909.209 1441.03 1162.59 1159.51
threshold=2.1069975497726001 4.7749040587885982 5.173316863805991 -0.0093469814070574701 -1.3518812261486446 -0.90247788288475805
decision_type=2 2 2 2 2 2
left_child=1 -1 3 -3 -4 -6
right_child=-2 2 4 -5 5 -7
leaf_value=0.015908296295851946 0.032710440021075982 0.0032923833398748035 0.030917647922214006 -0.053591616791647159 -0.059846295574527295 -0.0034803195677301241
leaf_weight=1650 815 720 782 891 356 3218
leaf_count=1650 815 720 782 891 356 3218
internal_value=-0.000135058 -0.00368772 -0.00912398 -0.0283051 -0.00198155 -0.00924615
internal_weight=8432 7617 5967 1611 4356 3574
internal_count=8432 7617 5967 1611 4356 3574
is_linear=0
shrinkage=0.03


Tree=234
num_leaves=7
num_cat=0
split_feature=29 36 33 6 12 19
split_gain=1074.98 769.411 854.081 1060.36 1351.03 862.453
threshold=-2.4110196849497232 2.249904835165133 -0.11142761771801631 -1.6569104366232565 -0.61788627815249997 -0.19363899232965354
decision_type=2 2 2 2 2 2
left_child=-1 -2 -3 -4 -5 -6
right_child=1 2 3 4 5 -7
leaf_value=-0.072097130200515183 0.0359966931857955 0.028719282792455187 0.067015868599350381 -0.03539407580652372 0.032046387872192321 -0.0040560117442616532
leaf_weight=170 549 799 175 1141 667 4939
leaf_count=170 549 799 175 1141 667 4939
internal_value=0.000433151 0.00200937 -0.000450723 -0.00385436 -0.00578902 0.000288854
internal_weight=8440 8270 7721 6922 6747 5606
internal_count=8440 8270 7721 6922 6747 5606
is_linear=0
shrinkage=0.03


Tree=235
num_leaves=7
num_cat=0
split_feature=31 33 33 36 12 4
split_gain=1043.12 903.525 899.93 1183.1 1107.72 1042.07
threshold=-0.15168833185932762 0.098284631953705126 -0.1142037174614587 3.8176519431297078 0.43664106905081601 -0.2866325995696245
decision_type=2 2 2 2 2 2
left_child=1 -1 4 -4 5 -2
right_child=2 -3 3 -5 -6 -7
leaf_value=-0.045792063212173204 0.048426024533237202 0.044884582536359283 0.032024735894499542 -0.0067096890784585127 0.085334758181202217 -0.034798578715174278
leaf_weight=730 264 106 793 6100 231 258
leaf_count=730 264 106 793 6100 231 258
internal_value=-0.00229056 -0.0339001 0.00120534 -0.00221358 0.0321211 0.00741111
internal_weight=8482 836 7646 6893 753 522
internal_count=8482 836 7646 6893 753 522
is_linear=0
shrinkage=0.03


Tree=236
num_leaves=7
num_cat=0
split_feature=18 13 3 29 15 32
split_gain=857.471 714.179 855.514 1274.25 637.888 537.49
threshold=1.2402894170566632 -19.587626069901422 -0.55787119567048016 -0.63794956539663639 -0.53898782346565388 -1.6761044644478444
decision_type=2 8 2 2 2 2
left_child=1 -1 3 4 -3 -5
right_child=-2 2 -4 5 -6 -7
leaf_value=-0.076729796909187978 0.072710367935044429 0.013997083639455888 -0.0054691711692049748 0.12208446988282169 -0.045084749250225008 0.042012040387970843
leaf_weight=104 130 776 6838 101 198 301
leaf_count=104 130 776 6838 101 198 301
internal_value=-0.000919772 -0.00215645 -0.0011201 0.020376 0.00165049 0.0646047
internal_weight=8448 8318 8214 1376 974 402
internal_count=8448 8318 8214 1376 974 402
is_linear=0
shrinkage=0.03


Tree=237
num_leaves=7
num_cat=0
split_feature=1 23 36 1 29 32
split_gain=977.359 999.319 919.31 920.766 1222.16 871.502
threshold=-44.279275030331284 -0.35650041697454932 5.9952067579627961 -428.95230268919534 -0.51305799611799985 -2.3399337860934257
decision_type=2 2 2 2 2 2
left_child=1 -1 -3 -4 -5 -2
right_child=5 2 3 4 -6 -7
leaf_value=0.016109289094282869 0.072077152600165367 -0.039897281033433742 -0.07307780465957793 0.040969193075783554 -0.040894395729750392 0.0034797648479923397
leaf_weight=674 162 1422 122 470 240 5454
leaf_count=674 162 1422 122 470 240 5454
internal_value=-0.00174282 -0.0157654 -0.0253258 -0.00024306 0.0131134 0.00558313
internal_weight=8544 2928 2254 832 710 5616
internal_count=8544 2928 2254 832 710 5616
is_linear=0
shrinkage=0.03


Tree=238
num_leaves=7
num_cat=0
split_feature=13 18 24 26 21 37
split_gain=1211.47 877.19 854.049 961.472 642.675 958.123
threshold=-19.587626069901422 1.2402894170566632 0.14217379873165628 -0.36884996868836628 0.010083690006069897 6.0390628155997765
decision_type=8 2 2 2 2 2
left_child=-1 2 4 -4 -2 -6
right_child=1 -3 3 -5 5 -7
leaf_value=-0.095485794647897346 0.0068928362368290462 0.07553808843716979 0.025668615120082672 -0.069893574858721705 0.0041294190959530585 -0.048924792262555007
leaf_weight=106 6586 134 132 291 795 487
leaf_count=106 6586 134 132 291 795 487
internal_value=0.000805739 0.00212901 0.000852992 -0.0401686 0.00310659 -0.0162472
internal_weight=8531 8425 8291 423 7868 1282
internal_count=8531 8425 8291 423 7868 1282
is_linear=0
shrinkage=0.03


Tree=239
num_leaves=7
num_cat=0
split_feature=18 1 37 28 3 12
split_gain=1008.62 567.847 717.313 956.697 671.253 746.523
threshold=1.3200130979596716 -462.3252624652672 5.5073599362801708 -1.4695799024998613 -0.97771053160927612 -0.99487620013466305
decision_type=2 2 2 2 2 2
left_child=1 2 -1 -4 5 -3
right_child=-2 4 3 -5 -6 -7
leaf_value=-0.090420727649082738 0.088470609742216766 -0.010801399741217743 -0.050606199210652937 0.059101562373718969 -0.002388728934870236 0.070804872242950317
leaf_weight=134 102 169 172 108 7496 232
leaf_count=134 102 169 172 108 7496 232
internal_value=-0.000958885 -0.00216145 -0.0359833 -0.00771153 -0.00034507 0.0369862
internal_weight=8413 8311 414 280 7897 401
internal_count=8413 8311 414 280 7897 401
is_linear=0
shrinkage=0.03


Tree=240
num_leaves=7
num_cat=0
split_feature=32 35 22 37 9 12
split_gain=926.679 1001.1 943.338 1096.68 671.746 803.247
threshold=2.1069975497726001 -0.26366988245597461 -0.020196517709186939 4.9732735209982879 1.014820061907973 0.34121117832591336
decision_type=2 2 2 2 2 2
left_child=1 -1 4 -4 5 -2
right_child=2 -3 3 -5 -6 -7
leaf_value=-0.062481167654843392 -0.008712822643871557 2.1843872832656026e-05 0.12512938680296595 0.01826049740798771 -0.039528426986795907 0.090073383540809154
leaf_weight=228 178 7449 155 190 186 115
leaf_count=228 178 7449 155 190 186 115
internal_value=0.00134702 -0.00191331 0.0313813 0.0684463 0.00383147 0.031753
internal_weight=8501 7677 824 345 479 293
internal_count=8501 7677 824 345 479 293
is_linear=0
shrinkage=0.03


Tree=241
num_leaves=7
num_cat=0
split_feature=35 1 21 33 32 6
split_gain=893.882 1003.71 1040.48 927.784 889.828 912.963
threshold=-0.084867476310064 -284.91001132841126 -0.28970883482410187 -0.15592819045987988 0.023805336837735561 0.26295540971978398
decision_type=2 2 2 2 2 2
left_child=4 2 -2 -3 5 -1
right_child=1 3 -4 -5 -6 -7
leaf_value=-0.024933385365530848 0.030955130978451144 0.061412747481799861 -0.063262921745293799 0.006721287353821292 0.0048924671405000978 -0.11186451432685698
leaf_weight=990 144 284 339 5639 928 114
leaf_count=990 144 284 339 5639 928 114
internal_value=0.000532289 0.0060337 -0.0351149 0.00944276 -0.0167559 -0.0348336
internal_weight=8438 6406 483 5923 2032 1104
internal_count=8438 6406 483 5923 2032 1104
is_linear=0
shrinkage=0.03


Tree=242
num_leaves=7
num_cat=0
split_feature=27 34 10 1 10 16
split_gain=1034.68 728.064 1111.02 963.218 889.781 856.979
threshold=-1.8658257179280067 -0.0030574657059442576 -0.95375544434204229 875.62082862528803 -0.82245282613807014 -0.82705639877758386
decision_type=2 2 2 2 2 2
left_child=-1 2 -2 5 -4 -3
right_child=1 3 4 -5 -6 -7
leaf_value=-0.069879657538523057 -0.053472135804663853 0.047000012141792905 0.081014006271174069 0.089833976324731696 -0.0048310662402474341 0.0043077116233222832
leaf_weight=166 414 454 104 123 2313 4845
leaf_count=166 414 454 104 123 2313 4845
internal_value=0.0021013 0.00363194 -0.00867975 0.0100644 -0.000818694 0.00804708
internal_weight=8419 8253 2831 5422 2417 5299
internal_count=8419 8253 2831 5422 2417 5299
is_linear=0
shrinkage=0.03


Tree=243
num_leaves=7
num_cat=0
split_feature=33 37 18 13 9 33
split_gain=802.765 834.973 972.492 1396.31 1404.62 1255.6
threshold=-0.13250666223949545 4.8713658868283671 0.10067057692369616 10.069763721737095 0.73179009666326589 -0.019872911545935758
decision_type=2 2 2 10 2 2
left_child=-1 -2 3 -3 -5 -4
right_child=1 2 5 4 -6 -7
leaf_value=0.030528863161295605 0.012631658034308567 -0.0051338575406817272 -0.055019898536814396 0.11873239578123677 -0.016289871015199801 -0.0095712412661298051
leaf_weight=637 1964 3019 789 161 113 1753
leaf_count=637 1964 3019 789 161 113 1753
internal_value=-0.00158641 -0.00424523 -0.0099377 0.000832313 0.0644352 -0.0238382
internal_weight=8436 7799 5835 3293 274 2542
internal_count=8436 7799 5835 3293 274 2542
is_linear=0
shrinkage=0.03


Tree=244
num_leaves=7
num_cat=0
split_feature=1 24 9 9 25 35
split_gain=1078.93 1021.24 966.139 1002.35 754.237 721.67
threshold=573.87692084080425 -0.27855297674068891 1.1235668625472091 1.877523345272772 1.6945144606810272 0.10631667881220755
decision_type=2 2 2 2 2 2
left_child=4 -2 -3 -4 5 -1
right_child=1 2 3 -5 -6 -7
leaf_value=-0.0063652522349524291 -0.025229555582718072 0.09509515492433912 -0.021082548653908274 0.086705389559268944 -0.051199158385064301 0.018189516719046193
leaf_weight=6098 196 257 212 110 282 1298
leaf_count=6098 196 257 212 110 282 1298
internal_value=-0.0004868 0.0330158 0.0528264 0.0172419 -0.00390703 -0.00203714
internal_weight=8453 775 579 322 7678 7396
internal_count=8453 775 579 322 7678 7396
is_linear=0
shrinkage=0.03


Tree=245
num_leaves=7
num_cat=0
split_feature=12 23 14 1 41 1
split_gain=817.098 630.878 682.776 742.073 617.864 744.116
threshold=-0.61788627815249997 0.070346409843085989 -0.61120380032780053 -284.91001132841126 1.0000000180025095e-35 -14.105259457561599
decision_type=2 2 8 2 2 2
left_child=-1 2 -2 -4 5 -5
right_child=1 -3 3 4 -6 -7
leaf_value=-0.017366067898244811 0.046519696625171171 0.034415539819226591 -0.041656250668238706 -0.013921645293300299 -0.011058990905499942 0.017679677511336155
leaf_weight=1641 301 634 337 863 1761 2903
leaf_count=1641 301 634 337 863 1761 2903
internal_value=0.00157006 0.00615925 0.00320239 0.000903492 0.00356905 0.0104204
internal_weight=8440 6799 6165 5864 5527 3766
internal_count=8440 6799 6165 5864 5527 3766
is_linear=0
shrinkage=0.03


Tree=246
num_leaves=7
num_cat=0
split_feature=32 1 21 7 13 23
split_gain=952.637 892.543 1127.28 760.496 894.094 703.386
threshold=1.9330295046628301 -73.936053417841308 -0.21442997426631483 1.5053599284869736 10.069763721737095 -0.33685556027356872
decision_type=2 2 2 2 8 2
left_child=-1 -2 5 4 -4 -3
right_child=1 2 3 -5 -6 -7
leaf_value=-0.0038984249546689833 -0.052345353801429795 0.028286064145239913 0.035778494058370094 0.0076456477849141634 0.12223690638869934 -0.074225619315568897
leaf_weight=7435 103 122 231 194 213 102
leaf_count=7435 103 122 231 194 213 102
internal_value=-0.000246986 0.0276376 0.0376854 0.0577796 0.079034 -0.0195706
internal_weight=8400 965 862 638 444 224
internal_count=8400 965 862 638 444 224
is_linear=0
shrinkage=0.03


Tree=247
num_leaves=7
num_cat=0
split_feature=20 15 2 6 13 2
split_gain=906.471 995.148 980.249 960.048 1254.65 860.215
threshold=0.060189271381615651 -1.6586962420114981 -0.47961561746245823 -0.41000777954340989 4.6130608903498276 0.46430843461212729
decision_type=2 2 2 2 10 2
left_child=5 -2 -3 4 -4 -1
right_child=1 2 3 -5 -6 -7
leaf_value=-0.00056229086895353837 -0.071909045428037638 0.061590645047226493 0.00021779641380153313 0.016306400893456485 -0.11940974885767155 -0.037145301964671591
leaf_weight=3693 110 372 279 3233 100 676
leaf_count=3693 110 372 279 3233 100 676
internal_value=0.00320361 0.0133304 0.0158581 0.010991 -0.0336044 -0.00629455
internal_weight=8463 4094 3984 3612 379 4369
internal_count=8463 4094 3984 3612 379 4369
is_linear=0
shrinkage=0.03


Tree=248
num_leaves=7
num_cat=0
split_feature=35 36 31 20 33 37
split_gain=1098.44 991.167 1099.02 902.729 812.161 783.662
threshold=-0.26366988245597461 2.249904835165133 0.038529824328096533 0.29583983082566406 -0.0078086298277210827 5.2600927804663344
decision_type=2 2 2 2 2 2
left_child=4 -2 -3 -4 -1 -5
right_child=1 2 3 5 -6 -7
leaf_value=0.0028814530327312044 0.039023614650862959 -0.011004593202865034 -0.00066874170069218454 0.072107286566567272 -0.106739070526022 0.017007719026513591
leaf_weight=101 561 4664 1823 324 141 794
leaf_count=101 561 4664 1823 324 141 794
internal_value=-0.00100006 0.00090255 -0.00195709 0.0123796 -0.0626895 0.0334734
internal_weight=8408 8166 7605 2941 242 1118
internal_count=8408 8166 7605 2941 242 1118
is_linear=0
shrinkage=0.03


Tree=249
num_leaves=7
num_cat=0
split_feature=33 23 21 34 16 1
split_gain=836.15 917.737 906.345 1110.55 820.74 1552.44
threshold=0.15231166510194613 0.10483593153900758 0.0037136108194959212 -0.0023916327979351384 0.15451413850997339 450.35917543646434
decision_type=2 2 2 2 2 2
left_child=1 2 -1 -4 -5 -6
right_child=-2 -3 3 4 5 -7
leaf_value=-0.0024385132945209608 0.034135506619748318 0.032998416971229357 -0.06425422108526406 0.01695231124499294 -0.093733409191035247 0.027618115366550913
leaf_weight=5981 522 531 506 489 209 161
leaf_count=5981 522 531 506 489 209 161
internal_value=-0.00227111 -0.00472396 -0.00749185 -0.0294552 -0.00845307 -0.0415919
internal_weight=8399 7877 7346 1365 859 370
internal_count=8399 7877 7346 1365 859 370
is_linear=0
shrinkage=0.03


end of trees

feature_importances:
edge_rec_ppd=332
elo_diff=206
edge_sr_early=84
edge_rec_sr=53
a_qb_exp_db_log=50
x_pass_a=49
edge_sr_rush=46
x_pass_h=46
edge_fg_value=40
edge_rec_epa=39
edge_st_net=38
edge_epa=37
edge_sr=36
x_rush_h=34
l4_edge_epa=34
edge_expl=32
h_qb_exp_db_log=32
eff_pts_raw=31
edge_epa_rush=30
qb_exp_edge=30
x_rush_a=29
edge_rec_epa_rush=22
l2_edge_epa=19
edge_expl_pass=18
edge_prior_ppd=17
qb_delta_edge=17
edge_prior_epa=14
edge_prior_epa_pass=12
edge_sr_pd=11
edge_expl_rush=10
match_mix_edge=9
edge_sr_3rd=9
edge_prior_epa_rush=7
edge_epa_pass=6
edge_rec_epa_pass=6
edge_prior_sr=3
edge_sr_pass=3
h_qb_changed=3
qb_unsettled_any=3
qb_missing_any=2
home_field=1

parameters:
[boosting: gbdt]
[objective: huber]
[metric: huber]
[tree_learner: serial]
[device_type: cpu]
[data_sample_strategy: bagging]
[data: ]
[valid: ]
[num_iterations: 250]
[learning_rate: 0.03]
[num_leaves: 7]
[num_threads: 1]
[seed: 20260927]
[deterministic: 1]
[force_col_wise: 0]
[force_row_wise: 1]
[histogram_pool_size: -1]
[max_depth: -1]
[min_data_in_leaf: 100]
[min_sum_hessian_in_leaf: 0.001]
[bagging_fraction: 0.8]
[pos_bagging_fraction: 1]
[neg_bagging_fraction: 1]
[bagging_freq: 1]
[bagging_seed: 20260927]
[bagging_by_query: 0]
[feature_fraction: 0.7]
[feature_fraction_bynode: 1]
[feature_fraction_seed: 20260927]
[extra_trees: 0]
[extra_seed: 2444]
[early_stopping_round: 0]
[early_stopping_min_delta: 0]
[first_metric_only: 0]
[max_delta_step: 0]
[lambda_l1: 0]
[lambda_l2: 10]
[linear_lambda: 0]
[min_gain_to_split: 0]
[drop_rate: 0.1]
[max_drop: 50]
[skip_drop: 0.5]
[xgboost_dart_mode: 0]
[uniform_drop: 0]
[drop_seed: 16765]
[top_rate: 0.2]
[other_rate: 0.1]
[min_data_per_group: 100]
[max_cat_threshold: 32]
[cat_l2: 10]
[cat_smooth: 10]
[max_cat_to_onehot: 4]
[top_k: 20]
[monotone_constraints: ]
[monotone_constraints_method: basic]
[monotone_penalty: 0]
[feature_contri: ]
[forcedsplits_filename: ]
[refit_decay_rate: 0.9]
[cegb_tradeoff: 1]
[cegb_penalty_split: 0]
[cegb_penalty_feature_lazy: ]
[cegb_penalty_feature_coupled: ]
[path_smooth: 0]
[interaction_constraints: ]
[verbosity: -1]
[saved_feature_importance_type: 0]
[use_quantized_grad: 0]
[num_grad_quant_bins: 4]
[quant_train_renew_leaf: 0]
[stochastic_rounding: 1]
[linear_tree: 0]
[max_bin: 255]
[max_bin_by_feature: ]
[min_data_in_bin: 3]
[bin_construct_sample_cnt: 200000]
[data_random_seed: 5108]
[is_enable_sparse: 1]
[enable_bundle: 1]
[use_missing: 1]
[zero_as_missing: 0]
[feature_pre_filter: 1]
[pre_partition: 0]
[two_round: 0]
[header: 0]
[label_column: ]
[weight_column: ]
[group_column: ]
[ignore_column: ]
[categorical_feature: ]
[forcedbins_filename: ]
[precise_float_parser: 0]
[parser_config_file: ]
[objective_seed: 12956]
[num_class: 1]
[is_unbalance: 0]
[scale_pos_weight: 1]
[sigmoid: 1]
[boost_from_average: 1]
[reg_sqrt: 0]
[alpha: 14]
[fair_c: 1]
[poisson_max_delta_step: 0.7]
[tweedie_variance_power: 1.5]
[lambdarank_truncation_level: 30]
[lambdarank_norm: 1]
[label_gain: ]
[lambdarank_position_bias_regularization: 0]
[eval_at: ]
[multi_error_top_k: 1]
[auc_mu_weights: ]
[num_machines: 1]
[local_listen_port: 12400]
[time_out: 120]
[machine_list_filename: ]
[machines: ]
[gpu_platform_id: -1]
[gpu_device_id: -1]
[gpu_device_id_list: ]
[gpu_use_dp: 0]
[num_gpu: 1]

end of parameters

pandas_categorical:null
