tree
version=v4
num_class=1
num_tree_per_iteration=1
label_index=0
max_feature_idx=43
objective=huber
feature_names=home_field elo_diff edge_prior_epa edge_prior_epa_pass edge_prior_epa_rush edge_prior_sr edge_prior_ppd edge_epa edge_epa_pass edge_epa_rush edge_sr edge_sr_pass edge_sr_rush eff_pts_raw match_mix_edge edge_sr_early edge_sr_pd edge_sr_3rd edge_expl edge_expl_pass edge_expl_rush x_pass_h x_pass_a x_rush_h x_rush_a x_sack_h x_sack_a edge_rec_epa edge_rec_epa_pass edge_rec_epa_rush edge_rec_sr edge_rec_ppd l4_edge_epa l2_edge_epa edge_st_net edge_fg_value qb_delta_edge qb_exp_edge h_qb_exp_db_log a_qb_exp_db_log h_qb_changed a_qb_changed qb_missing_any qb_unsettled_any
feature_infos=[0:1] [-1067.8629383980472:1542.6797252715346] [-2.8775260301544758:4.0437986886130375] [-2.9586801526997468:3.7409787576749229] [-2.1976000864324097:3.3610396008045029] [-2.629694522293923:3.8934796890162366] [-3.8216676225295494:5.7568705713900261] [-4.8838534365921902:4.8645641061903824] [-3.0656827976436833:3.7409787576749229] [-3.5345914355945762:4.1778995541607102] [-3.7770465738878891:5.0264293025136677] [-4.0134739995970099:4.1382427786012057] [-3.0939347268825586:4.0012605606358971] [-44.08698041635872:54.120117968959377] [-3.1718561142790693:3.8553032873838635] [-3.8560953623909282:5.0702007497336545] [-2.8980669796772975:3.3244088050615215] [-3.1066156359366897:3.3474861368874849] [-2.014483108243752:2.2628465378586546] [-1.3460481684893364:1.7341707807424627] [-2.9993196475517316:2.8980136922633739] [-3.3682776163316017:0.87696287028961772] [-2.4956455469299712:1.0271971660929529] [-3.3923338795023632:1.9320678346216029] [-3.5468645568999868:1.5112174835754908] [-1.6416448009655329:1.3819741849829177] [-1.6102966448128075:1.5750143567269732] [-5.5252623748890741:5.2971052591854626] [-3.1493017262357981:4.0940224029341508] [-4.1509293944586032:4.8063504101438523] [-4.269233672278812:5.8370602659408979] [-5.4681868872573087:5.7748021926493731] [-0.51301711123161531:0.47149563485808899] [-0.55930961759421771:0.54852290420266381] [-5.8827302844111582:7.4439211158955505] [-0.55088848408419977:0.5146602453497966] [-0.41057761219043953:0.50955442142238594] [-0.60562534915281074:0.58342769406075312] [0:7.7231200922663312] [0:7.7314920292456843] [0:1] [0:1] [0:1] [0:1]
tree_sizes=741 771 769 765 770 764 772 773 772 767 770 767 771 765 769 774 770 770 760 765 775 764 773 765 770 766 765 765 764 761 766 772 766 771 771 767 767 769 773 774 770 768 768 766 768 774 768 774 764 759 774 775 774 779 776 767 767 780 763 770 773 773 769 772 769 769 765 760 766 768 769 764 772 773 774 769 765 772 770 771 767 774 767 770 771 781 767 770 772 776 768 770 774 776 771 773 778 772 770 763 769 770 774 774 772 768 776 760 775 767 777 778 781 777 775 774 774 780 773 772 771 771 781 770 766 778 767 772 768 772 774 766 781 770 769 775 772 777 777 774 775 771 771 773 778 772 783 773 779 778 777 776 766 787 774 777 770 780 777 772 777 785 780 769 780 778 778 776 780 786 786 780 783 779 785 786 774 780 783 769 780 784 774 767 782 776 782 769 776 786 789 773 775 781 780 762 770 780 783 782 786 770 776 774 777 781 785 770 781 786 782 780 787 780 772 786 783 778 770 778 780 775 781 785 782 779 777 779 783 775 777 766 773 778 783 775 780 772 772 773 782 782 773 774 774 789 784 771 779 778

Tree=0
num_leaves=7
num_cat=0
split_feature=31 31 31 31 31 31
split_gain=278299 42215.4 36151.2 6428.77 5233.86 5175.19
threshold=0.09960648004369943 1.1459911778019283 -0.91114618569062644 0.60772031880855737 1.5875866626339077 -0.21727814488232647
decision_type=2 2 2 2 2 2
left_child=2 3 -1 -2 -3 -4
right_child=1 4 5 -5 -6 -7
leaf_value=3.8547032995157529 4.1872450912130317 4.353870603369753 4.0040289784035359 4.2821163586093443 4.4701652779911001 4.0934534821842794
leaf_weight=1621 1365 667 1624 1231 1018 928
leaf_count=1621 1365 667 1624 1231 1018 928
internal_value=4.13933 4.30908 3.96521 4.2326 4.42566 4.03624
internal_weight=8454 4281 4173 2596 1685 2552
internal_count=8454 4281 4173 2596 1685 2552
is_linear=0
shrinkage=1


Tree=1
num_leaves=7
num_cat=0
split_feature=31 31 31 31 31 31
split_gain=259772 41459 37114.4 6948.09 6825.13 4480.7
threshold=0.23351953372667528 -0.79686637035678853 1.3197648206154067 0.66907997211363901 -0.13575523107520623 -1.5504643872550374
decision_type=2 2 2 2 2 2
left_child=1 5 3 -2 -3 -1
right_child=2 4 -4 -5 -6 -7
leaf_value=-0.33137500701903255 0.051812356591848803 -0.11956912244913903 0.3016454626850224 0.15263225149983262 -0.021159501214082055 -0.22675185910650567
leaf_weight=677 1136 1644 1374 1372 1037 1162
leaf_count=677 1136 1644 1374 1372 1037 1162
internal_value=-0.00303579 -0.157468 0.176719 0.107353 -0.0817248 -0.266851
internal_weight=8402 4520 3882 2508 2681 1839
internal_count=8402 4520 3882 2508 2681 1839
is_linear=0
shrinkage=0.03


Tree=2
num_leaves=7
num_cat=0
split_feature=31 31 31 31 31 31
split_gain=260017 40308.3 32093.8 8725.99 4439.47 3079.24
threshold=0.10813831217115964 1.2962030018053441 -0.91114618569062644 0.60772031880855737 -0.21727814488232647 -1.5504643872550374
decision_type=2 2 2 2 2 2
left_child=2 3 5 -2 -4 -1
right_child=1 -3 4 -5 -6 -7
leaf_value=-0.33117297747451396 0.038080642585735125 0.29274746908854871 -0.13528772186307075 0.14448885837064501 -0.052571451150480716 -0.2360913261250138
leaf_weight=661 1289 1408 1638 1516 934 928
leaf_count=661 1289 1408 1638 1516 934 928
internal_value=-0.00371895 0.162224 -0.171722 0.0958994 -0.10557 -0.277468
internal_weight=8374 4213 4161 2805 2572 1589
internal_count=8374 4213 4161 2805 2572 1589
is_linear=0
shrinkage=0.03


Tree=3
num_leaves=7
num_cat=0
split_feature=31 31 31 31 31 31
split_gain=245305 42976.1 32620.7 6638.1 6168.13 6012.25
threshold=0.09960648004369943 1.1099226174110834 -0.65630196378153227 -1.489325372893014 1.5875866626339077 0.58305469121489917
decision_type=2 2 2 2 2 2
left_child=2 5 3 -1 -3 -2
right_child=1 4 -4 -5 -6 -7
leaf_value=-0.32406940423180963 0.02985465326464512 0.19890816342050596 -0.081141745686882136 -0.20774705634194035 0.31977873871420404 0.12242344595684725
leaf_weight=739 1268 735 2038 1385 1005 1265
leaf_count=739 1268 735 2038 1385 1005 1265
internal_value=-0.00375456 0.155733 -0.167477 -0.249548 0.27015 0.0763839
internal_weight=8435 4273 4162 2124 1740 2533
internal_count=8435 4273 4162 2124 1740 2533
is_linear=0
shrinkage=0.03


Tree=4
num_leaves=7
num_cat=0
split_feature=31 31 31 31 31 31
split_gain=250972 41548.8 32441.5 7890.56 4897.96 3482.95
threshold=0.09960648004369943 1.3197648206154067 -0.91114618569062644 0.66907997211363901 -0.23991813934575779 -1.5504643872550374
decision_type=2 2 2 2 2 2
left_child=2 3 5 -2 -4 -1
right_child=1 -3 4 -5 -6 -7
leaf_value=-0.3270539038666988 0.046402061099979595 0.29375713537115394 -0.13254878135506243 0.14607378879222688 -0.046978902249359022 -0.22857088077896701
leaf_weight=684 1519 1388 1608 1364 984 929
leaf_count=684 1519 1388 1608 1364 984 929
internal_value=-0.00240842 0.159385 -0.166729 0.0939005 -0.100369 -0.272091
internal_weight=8476 4271 4205 2883 2592 1613
internal_count=8476 4271 4205 2883 2592 1613
is_linear=0
shrinkage=0.03


Tree=5
num_leaves=7
num_cat=0
split_feature=27 27 27 6 6 27
split_gain=225381 32092.2 31097.1 8096.65 5595.56 5371.39
threshold=0.16054050665426392 -0.60701098072693405 1.0550239112385966 0.35154557007397363 1.6806536245817225 -1.441321177064576
decision_type=2 2 2 2 2 2
left_child=1 5 3 -2 -4 -1
right_child=2 -3 4 -5 -6 -7
leaf_value=-0.30666652051971277 0.026092237423793595 -0.072753367436958261 0.21361223642673621 0.13570153145305672 0.33915107494638425 -0.20098072844434839
leaf_weight=706 1125 2148 1157 1321 511 1471
leaf_count=706 1125 2148 1157 1321 511 1471
internal_value=-0.00449886 -0.155531 0.154272 0.0855999 0.253864 -0.2365
internal_weight=8439 4325 4114 2446 1668 2177
internal_count=8439 4325 4114 2446 1668 2177
is_linear=0
shrinkage=0.03


Tree=6
num_leaves=7
num_cat=0
split_feature=31 31 31 31 31 31
split_gain=228941 39259.6 33949.1 10956.1 4277.85 2821.51
threshold=0.10813831217115964 1.4952333692603299 -0.93044713675040736 0.60772031880855737 -0.55531739699342797 -1.5504643872550374
decision_type=2 2 2 2 2 2
left_child=2 3 5 -2 -4 -1
right_child=1 -3 4 -5 -6 -7
leaf_value=-0.31894096430290103 0.029011640492926306 0.30255482748754214 -0.15081458345524559 0.14420253102441694 -0.068434403191197951 -0.22831269910785018
leaf_weight=691 1299 1126 832 1746 1858 905
leaf_count=691 1299 1126 832 1746 1858 905
internal_value=-0.00618955 0.151853 -0.159987 0.0953178 -0.0943783 -0.269292
internal_weight=8457 4171 4286 3045 2690 1596
internal_count=8457 4171 4286 3045 2690 1596
is_linear=0
shrinkage=0.03


Tree=7
num_leaves=7
num_cat=0
split_feature=13 13 13 13 6 6
split_gain=203983 42744.7 25610.7 8311.27 6259.95 4496.67
threshold=6.8698501091935968 -0.79827729314702067 14.004725394402064 -7.3051270076816834 -0.39949648735713961 0.20745508629651824
decision_type=8 10 10 10 2 2
left_child=1 3 4 -1 -2 -3
right_child=2 5 -4 -5 -6 -7
leaf_value=-0.27298915876324537 -0.06428603634004193 -0.064218411916418541 0.26476864648513593 -0.16128977111289264 0.11783758861647402 0.021703673204452736
leaf_weight=1105 181 1523 1530 1464 1817 847
leaf_count=1105 181 1523 1530 1464 1817 847
internal_value=-0.00132316 -0.125676 0.172627 -0.210207 0.101101 -0.0335491
internal_weight=8467 4939 3528 2569 1998 2370
internal_count=8467 4939 3528 2569 1998 2370
is_linear=0
shrinkage=0.03


Tree=8
num_leaves=7
num_cat=0
split_feature=31 31 31 31 31 31
split_gain=211739 38846.9 29702.4 8619.73 6083.9 3379.63
threshold=0.15930550568987611 1.4952333692603299 -0.91114618569062644 0.60772031880855737 -0.23991813934575779 -1.489325372893014
decision_type=2 2 2 2 2 2
left_child=2 3 5 -2 -4 -1
right_child=1 -3 4 -5 -6 -7
leaf_value=-0.30226188995829106 0.033642037615947348 0.30348100855476356 -0.12556435768326471 0.13829679855091348 -0.033753893205661974 -0.20600804724191363
leaf_weight=714 1194 1123 1538 1761 1136 864
leaf_count=714 1194 1123 1538 1761 1136 864
internal_value=-0.000320336 0.153932 -0.148274 0.096266 -0.0868314 -0.251189
internal_weight=8330 4078 4252 2955 2674 1578
internal_count=8330 4078 4252 2955 2674 1578
is_linear=0
shrinkage=0.03


Tree=9
num_leaves=7
num_cat=0
split_feature=31 31 31 31 30 31
split_gain=226714 38814.1 30448.3 6455.01 5450.64 4148.22
threshold=0.09960648004369943 1.0901818433269259 -0.79686637035678853 1.5875866626339077 0.29418962552912836 -1.3744249818097953
decision_type=2 2 2 2 2 2
left_child=2 4 5 -3 -2 -1
right_child=1 3 -4 -5 -6 -7
leaf_value=-0.29879564264585012 0.0174823544254861 0.18414344961916945 -0.087036606403050873 0.30422579836064723 0.10793557108353719 -0.20323774095506655
leaf_weight=893 1009 772 2313 1036 1484 1000
leaf_count=893 1009 772 2313 1036 1484 1000
internal_value=-0.00422426 0.148757 -0.160642 0.254247 0.0715423 -0.249649
internal_weight=8507 4301 4206 1808 2493 1893
internal_count=8507 4301 4206 1808 2493 1893
is_linear=0
shrinkage=0.03


Tree=10
num_leaves=7
num_cat=0
split_feature=10 1 1 10 1 1
split_gain=181211 39631.6 34945.2 9157.91 7662.22 6724.63
threshold=0.2256843834348026 -105.19570456729956 422.30818107086742 -0.50791271733389654 49.019508710205066 -271.49378283378877
decision_type=2 2 2 2 2 2
left_child=1 5 4 -3 -2 -1
right_child=2 3 -4 -5 -6 -7
leaf_value=-0.27271219687819481 -0.0083899009403383979 -0.13044716845831883 0.27055316641404753 -0.007665634732440872 0.11362419846426927 -0.16288897665274502
leaf_weight=1115 625 784 1403 1760 1765 1036
leaf_count=1115 625 784 1403 1760 1765 1036
internal_value=-0.00184506 -0.126318 0.152155 -0.0458666 0.0818147 -0.220816
internal_weight=8488 4695 3793 2544 2390 2151
internal_count=8488 4695 3793 2544 2390 2151
is_linear=0
shrinkage=0.03


Tree=11
num_leaves=7
num_cat=0
split_feature=31 31 31 31 31 31
split_gain=206748 37178 29150.7 5461.43 4984.08 4847.56
threshold=0.09960648004369943 1.1459911778019283 -0.79686637035678853 2.0114643151311804 0.59505668524625832 -1.5504643872550374
decision_type=2 2 2 2 2 2
left_child=2 4 5 -3 -2 -1
right_child=1 3 -4 -5 -6 -7
leaf_value=-0.30724625779587061 0.032018445379646009 0.21096786801638198 -0.08017561848627143 0.33034767437750928 0.11584841222929239 -0.20010643649827548
leaf_weight=663 1312 1092 2333 594 1253 1181
leaf_count=663 1312 1092 2333 594 1253 1181
internal_value=-0.00145692 0.145661 -0.151171 0.254727 0.0732602 -0.240077
internal_weight=8428 4251 4177 1686 2565 1844
internal_count=8428 4251 4177 1686 2565 1844
is_linear=0
shrinkage=0.03


Tree=12
num_leaves=7
num_cat=0
split_feature=31 31 31 27 31 31
split_gain=199464 35310.1 28854.4 6143.34 5103.57 4163.82
threshold=0.09960648004369943 1.3197648206154067 -0.99490080622934551 0.64291077555396259 -0.3853401941059667 2.0114643151311804
decision_type=2 2 2 2 2 2
left_child=2 3 -1 -2 -4 -3
right_child=1 5 4 -5 -6 -7
leaf_value=-0.25463122889031597 0.044613619755630704 0.21686192143172517 -0.12950970312438115 0.13228911500751767 -0.047253200954369863 0.33060215193613113
leaf_weight=1448 1617 785 1377 1309 1365 599
leaf_count=1448 1617 785 1377 1309 1365 599
internal_value=0.000583102 0.143708 -0.146632 0.0841538 -0.0888819 0.268108
internal_weight=8500 4310 4190 2926 2742 1384
internal_count=8500 4310 4190 2926 2742 1384
is_linear=0
shrinkage=0.03


Tree=13
num_leaves=7
num_cat=0
split_feature=31 31 31 31 31 31
split_gain=188067 36716.1 28583.7 5976.67 4958.52 4193.2
threshold=0.09960648004369943 1.3197648206154067 -0.79686637035678853 0.59505668524625832 -1.489325372893014 2.0114643151311804
decision_type=2 2 2 2 2 2
left_child=2 3 4 -2 -1 -3
right_child=1 5 -4 -5 -6 -7
leaf_value=-0.29831155566887535 0.029193757840522885 0.21202246659623525 -0.075494286106703126 0.11536972410952118 -0.19201752857719484 0.3265348627770312
leaf_weight=718 1346 762 2269 1581 1125 600
leaf_count=718 1346 762 2269 1581 1125 600
internal_value=-0.00251511 0.136313 -0.147298 0.0759755 -0.234814 0.264481
internal_weight=8401 4289 4112 2927 1843 1362
internal_count=8401 4289 4112 2927 1843 1362
is_linear=0
shrinkage=0.03


Tree=14
num_leaves=7
num_cat=0
split_feature=31 31 31 31 31 30
split_gain=189184 35576.7 24775.9 6045.69 5077.83 4522.83
threshold=0.09960648004369943 1.0901818433269259 -0.79686637035678853 1.5875866626339077 -1.5504643872550374 -0.20984754415616946
decision_type=2 2 2 2 2 2
left_child=2 5 4 -3 -1 -2
right_child=1 3 -4 -5 -6 -7
leaf_value=-0.29551624485424588 -0.04402467634305593 0.16966708483444132 -0.081515678137003875 0.28663251810873075 -0.18748592579450865 0.077920646340887675
leaf_weight=683 307 748 2342 1034 1167 2145
leaf_count=683 307 748 2342 1034 1167 2145
internal_value=-0.00419315 0.137091 -0.14688 0.238757 -0.228744 0.0625358
internal_weight=8426 4234 4192 1782 1850 2452
internal_count=8426 4234 4192 1782 1850 2452
is_linear=0
shrinkage=0.03


Tree=15
num_leaves=7
num_cat=0
split_feature=31 31 31 31 1 31
split_gain=178723 35126.4 27555.7 5923.77 4511.33 4307.12
threshold=0.3104712682130697 -0.65630196378153227 1.4952333692603299 -1.3744249818097953 379.51269700500876 -0.090423878954469974
decision_type=2 2 2 2 2 2
left_child=1 3 4 -1 -2 -3
right_child=2 5 -4 -5 -6 -7
leaf_value=-0.27554384447231484 0.071111736219271304 -0.084703388525626547 0.27538111705235474 -0.17054653700667247 0.15976001273597548 -0.0074202609818143674
leaf_weight=878 1799 1481 1136 1275 737 1153
leaf_count=878 1799 1481 1136 1275 737 1153
internal_value=-0.00415505 -0.124819 0.15306 -0.214441 0.0974006 -0.0510297
internal_weight=8459 4787 3672 2153 2536 2634
internal_count=8459 4787 3672 2153 2536 2634
is_linear=0
shrinkage=0.03


Tree=16
num_leaves=7
num_cat=0
split_feature=31 31 31 31 15 31
split_gain=183366 34571.6 26572.3 5620.09 4639.65 3930.51
threshold=0.3104712682130697 -0.8305080219216644 1.4692516248387515 -0.1783306278205912 0.32607355047383313 -1.5504643872550374
decision_type=2 2 2 2 2 2
left_child=1 5 4 -3 -2 -1
right_child=2 3 -4 -5 -6 -7
leaf_value=-0.2900227930083783 0.041757534389268901 -0.10113771929487959 0.27226127792094812 -0.018326539732190904 0.12804315028673527 -0.1918900420032989
leaf_weight=666 848 1585 1176 1382 1726 1113
leaf_count=666 848 1585 1176 1382 1726 1113
internal_value=-0.00204096 -0.125814 0.154525 -0.0627562 0.0998881 -0.230044
internal_weight=8496 4746 3750 2967 2574 1779
internal_count=8496 4746 3750 2967 2574 1779
is_linear=0
shrinkage=0.03


Tree=17
num_leaves=7
num_cat=0
split_feature=7 1 1 1 7 7
split_gain=155418 40744.6 21625.7 9484.62 4494.52 3983.28
threshold=0.4141396643665361 -198.15354773872926 417.08250621374526 28.310939035647156 -0.60733218430362246 -0.17856389201300113
decision_type=2 2 2 2 2 2
left_child=1 4 -2 -3 -1 -5
right_child=2 3 -4 5 -6 -7
leaf_value=-0.25551444613871732 0.093081921924560398 -0.094305414687350847 0.25034936591726586 -0.056665321042523122 -0.13397245632511551 0.034405259182375025
leaf_weight=1195 1748 1753 1451 655 404 1225
leaf_count=1195 1748 1753 1451 655 404 1225
internal_value=0.000543366 -0.100117 0.164973 -0.0443185 -0.225829 0.00254395
internal_weight=8431 5232 3199 3633 1599 1880
internal_count=8431 5232 3199 3633 1599 1880
is_linear=0
shrinkage=0.03


Tree=18
num_leaves=7
num_cat=0
split_feature=27 7 7 27 27 13
split_gain=164383 28752.6 24619.3 5935.6 5455.73 2835.42
threshold=0.16054050665426392 1.1640931222361497 -0.53903706067338331 -1.493264420187794 0.64291077555396259 23.176821291547306
decision_type=2 2 2 2 2 8
left_child=2 4 3 -1 -2 -3
right_child=1 5 -4 -5 -6 -7
leaf_value=-0.27477495182544304 0.041884392558307997 0.21767491931983723 -0.053939535504981324 -0.16317982244205265 0.12597067803456369 0.32238404236115198
leaf_weight=641 1440 893 2155 1557 1359 419
leaf_count=641 1440 893 2155 1557 1359 419
internal_value=0.00196944 0.137843 -0.126372 -0.196821 0.083014 0.2533
internal_weight=8464 4111 4353 2198 2799 1312
internal_count=8464 4111 4353 2198 2799 1312
is_linear=0
shrinkage=0.03


Tree=19
num_leaves=7
num_cat=0
split_feature=27 1 1 30 15 13
split_gain=158296 31407.2 26302.6 5877.44 5058.89 4378.45
threshold=0.16905084115433594 385.03185341013938 -168.30719798790298 1.2150352960468427 -1.3316983839406278 9.9465881021851867
decision_type=2 2 2 2 2 8
left_child=2 5 4 -3 -1 -2
right_child=1 3 -4 -5 -6 -7
leaf_value=-0.29265576395081044 0.026376156013411343 0.16892223003021539 -0.063610995491476044 0.28551775332028961 -0.17757963082624337 0.10853267096531688
leaf_weight=526 1310 794 2626 908 1270 1056
leaf_count=526 1310 794 2626 908 1270 1056
internal_value=-0.000401515 0.134485 -0.124514 0.232429 -0.212716 0.0633469
internal_weight=8490 4068 4422 1702 1796 2366
internal_count=8490 4068 4422 1702 1796 2366
is_linear=0
shrinkage=0.03


Tree=20
num_leaves=7
num_cat=0
split_feature=27 13 27 13 14 14
split_gain=148899 25097.7 22638.8 5779.75 3784.85 3689.09
threshold=0.16054050665426392 14.004725394402064 -0.83413548065758392 23.176821291547306 0.32101556572599971 -0.1407966843935847
decision_type=2 8 2 10 10 8
left_child=2 4 -1 -3 -2 -4
right_child=1 3 5 -5 -6 -7
leaf_value=-0.21194249716612168 0.028591305114353864 0.18585357102573088 -0.10331642206191088 0.32548192502040774 0.10242872201421227 -0.032783414568182304
leaf_weight=1642 1182 1212 1435 373 1341 1265
leaf_count=1642 1182 1212 1435 373 1341 1265
internal_value=-0.00200773 0.127303 -0.124361 0.220547 0.0680861 -0.0705133
internal_weight=8450 4108 4342 1585 2523 2700
internal_count=8450 4108 4342 1585 2523 2700
is_linear=0
shrinkage=0.03


Tree=21
num_leaves=7
num_cat=0
split_feature=27 7 7 7 27 6
split_gain=143582 26865.9 24515.6 5684.88 4645.87 4015.09
threshold=0.16054050665426392 0.96821345579356721 -0.62148380816126547 2.0780829294773708 -1.441321177064576 0.20745508629651824
decision_type=2 2 2 2 2 2
left_child=2 5 4 -3 -1 -2
right_child=1 3 -4 -5 -6 -7
leaf_value=-0.26053740436716799 0.013269136622420331 0.18711658309606272 -0.055480938870415192 0.33007926314763308 -0.16174706677290374 0.092753433083837114
leaf_weight=725 974 1364 2339 331 1283 1389
leaf_count=725 974 1364 2339 331 1283 1389
internal_value=-0.00219662 0.125977 -0.121863 0.216807 -0.19853 0.0601849
internal_weight=8405 4058 4347 1695 2008 2363
internal_count=8405 4058 4347 1695 2008 2363
is_linear=0
shrinkage=0.03


Tree=22
num_leaves=7
num_cat=0
split_feature=31 31 31 31 15 1
split_gain=149984 34218.6 18834.5 8037.26 4358.24 2723.41
threshold=0.018573166020018704 1.4952333692603299 -1.0130348414713757 0.56990314805314468 -0.64616589719287576 -462.3252624652672
decision_type=2 2 2 2 2 2
left_child=2 3 5 -2 -4 -1
right_child=1 -3 4 -5 -6 -7
leaf_value=-0.29828427396793949 0.016505591984045519 0.25832018475974766 -0.14601254717187556 0.11023252712201848 -0.059398197179852411 -0.19493023170401405
leaf_weight=366 1473 1154 755 1869 1744 1029
leaf_count=366 1473 1154 755 1869 1744 1029
internal_value=0.000204521 0.118129 -0.135905 0.0690945 -0.0860439 -0.223977
internal_weight=8390 4496 3894 3342 2499 1395
internal_count=8390 4496 3894 3342 2499 1395
is_linear=0
shrinkage=0.03


Tree=23
num_leaves=7
num_cat=0
split_feature=7 1 1 7 10 10
split_gain=131830 34754.2 21930.7 9639.66 4889.58 3537.36
threshold=0.42142013410326618 -198.15354773872926 400.89422768781509 -0.35570009913980138 -0.97727678810121221 1.3140197953563713
decision_type=2 2 2 2 2 2
left_child=1 4 -2 -3 -1 -4
right_child=2 3 5 -5 -6 -7
leaf_value=-0.26514061657953131 0.076492588018539517 -0.10353387182889115 0.18556382708158112 -0.0024166075420785109 -0.1557853310905972 0.28353806583591823
leaf_weight=735 1662 1336 798 2297 871 738
leaf_count=735 1662 1336 798 2297 871 738
internal_value=0.00120863 -0.0913904 0.152717 -0.0397836 -0.207164 0.234167
internal_weight=8437 5239 3198 3633 1606 1536
internal_count=8437 5239 3198 3633 1606 1536
is_linear=0
shrinkage=0.03


Tree=24
num_leaves=7
num_cat=0
split_feature=31 31 31 30 31 29
split_gain=141661 31125 17175.1 5640.64 4632.16 3318.39
threshold=1.0000000180025095e-35 1.3197648206154067 -1.0503179018524118 -0.22139001010137274 2.0114643151311804 0.55939816466592829
decision_type=2 2 2 2 2 2
left_child=2 3 -1 -2 -3 -5
right_child=1 4 -4 5 -6 -7
leaf_value=-0.22132143968674625 -0.044423842687473292 0.18086916290773716 -0.087602678636487311 0.048537754652169127 0.2987575834494543 0.11614448496831305
leaf_weight=1332 394 795 2501 1644 574 1105
leaf_count=1332 394 795 2501 1644 574 1105
internal_value=-0.000607334 0.113204 -0.134526 0.0608422 0.232106 0.0760357
internal_weight=8345 4512 3833 3143 1369 2749
internal_count=8345 4512 3833 3143 1369 2749
is_linear=0
shrinkage=0.03


Tree=25
num_leaves=7
num_cat=0
split_feature=31 31 31 31 29 1
split_gain=136703 26098.4 21505.7 6024.62 3413.55 3214.7
threshold=0.3104712682130697 -1.0503179018524118 1.5148470084613546 -0.10052305850939734 0.55939816466592829 -462.3252624652672
decision_type=2 2 2 2 2 2
left_child=1 5 4 -3 -2 -1
right_child=2 3 -4 -5 -6 -7
leaf_value=-0.29725790275576747 0.053659504817147 -0.093537049300752961 0.24422758255195698 -0.009308198041306474 0.12370259598583516 -0.18757828643409311
leaf_weight=385 1404 2244 1104 1160 1163 961
leaf_count=385 1404 2244 1104 1160 1163 961
internal_value=-0.00334851 -0.109512 0.133944 -0.0649453 0.08575 -0.220911
internal_weight=8421 4750 3671 3404 2567 1346
internal_count=8421 4750 3671 3404 2567 1346
is_linear=0
shrinkage=0.03


Tree=26
num_leaves=7
num_cat=0
split_feature=7 1 1 7 30 30
split_gain=129899 32857.8 18932.2 8388.12 4391.02 3566.3
threshold=0.42142013410326618 -198.15354773872926 427.37093987150223 -0.35570009913980138 -0.6120328224771624 1.9469717737626036
decision_type=2 2 2 2 2 2
left_child=1 4 -2 -3 -1 -4
right_child=2 3 5 -5 -6 -7
leaf_value=-0.23893319194708504 0.086201241776562146 -0.101906492293534 0.20119422392161299 -0.0068449973841398625 -0.1281055014513334 0.31626452767153074
leaf_weight=1082 1751 1295 1005 2326 517 384
leaf_count=1082 1751 1295 1005 2326 517 384
internal_value=0.000384255 -0.0912819 0.152578 -0.0410294 -0.204118 0.23504
internal_weight=8360 5220 3140 3621 1599 1389
internal_count=8360 5220 3140 3621 1599 1389
is_linear=0
shrinkage=0.03


Tree=27
num_leaves=7
num_cat=0
split_feature=31 31 31 31 1 30
split_gain=132154 29955.6 18181.1 6527.3 5790.89 4676.83
threshold=0.018573166020018704 1.1459911778019283 -0.65630196378153227 2.0114643151311804 -462.3252624652672 -0.20984754415616946
decision_type=2 2 2 2 2 2
left_child=2 5 4 -3 -1 -2
right_child=1 3 -4 -5 -6 -7
leaf_value=-0.28964181609644851 -0.042693579706230333 0.16368033063530538 -0.05631149834038391 0.29159693944281967 -0.16055765943178635 0.065935429508103577
leaf_weight=400 410 1081 1800 587 1773 2454
leaf_count=400 410 1081 1800 587 1773 2454
internal_value=-0.0011461 0.109465 -0.127279 0.210166 -0.185537 0.05029
internal_weight=8505 4532 3973 1668 2173 2864
internal_count=8505 4532 3973 1668 2173 2864
is_linear=0
shrinkage=0.03


Tree=28
num_leaves=7
num_cat=0
split_feature=27 7 1 1 30 1
split_gain=115081 28328 19617.4 6614.64 5093.53 5072.17
threshold=0.40102898526106506 -0.64708423848817131 379.51269700500876 -462.3252624652672 1.2150352960468427 28.310939035647156
decision_type=2 2 2 2 2 2
left_child=1 3 -2 -1 -4 -3
right_child=2 5 4 -5 -6 -7
leaf_value=-0.29661933655353717 0.064713601296541481 -0.072336415530834933 0.14845805824978833 -0.15218340533898428 0.25890730221689057 0.0041662637245058545
leaf_weight=363 1720 1560 744 1549 897 1548
leaf_count=363 1720 1560 744 1549 897 1548
internal_value=0.000446997 -0.0904513 0.136079 -0.181006 0.210034 -0.0343416
internal_weight=8381 5020 3361 1912 1641 3108
internal_count=8381 5020 3361 1912 1641 3108
is_linear=0
shrinkage=0.03


Tree=29
num_leaves=7
num_cat=0
split_feature=31 31 31 1 1 31
split_gain=128141 25679.4 21060.6 5876.85 3717.72 3160.03
threshold=0.3104712682130697 -0.65630196378153227 1.4952333692603299 -462.3252624652672 417.08250621374526 2.0114643151311804
decision_type=2 2 2 2 2 2
left_child=1 3 4 -1 -2 -4
right_child=2 -3 5 -5 -6 -7
leaf_value=-0.28649394262329975 0.062445205856867608 -0.040450318487458774 0.18042922999910849 -0.15531677718293591 0.14783281734801756 0.28951254164166557
leaf_weight=389 1964 2621 546 1776 604 581
leaf_count=389 1964 2621 546 1776 604 581
internal_value=-0.00149274 -0.103864 0.131027 -0.180095 0.0830241 0.238716
internal_weight=8481 4786 3695 2165 2568 1127
internal_count=8481 4786 3695 2165 2568 1127
is_linear=0
shrinkage=0.03


Tree=30
num_leaves=7
num_cat=0
split_feature=31 1 31 31 29 1
split_gain=116931 29627.6 13704.7 6007.97 5506.25 2769.01
threshold=-0.066224701292260033 400.89422768781509 -1.0876657303013848 2.0114643151311804 0.57958187078741175 -462.3252624652672
decision_type=2 2 2 2 2 2
left_child=2 4 5 -3 -2 -1
right_child=1 3 -4 -5 -6 -7
leaf_value=-0.27557570302345619 0.014453077071707643 0.15865352386136405 -0.081488788315271121 0.28178129332424434 0.097019199537119266 -0.17131091261733136
leaf_weight=371 1931 1110 2412 573 1160 885
leaf_count=371 1931 1110 2412 573 1160 885
internal_value=0.00329542 0.101074 -0.123894 0.201991 0.0456517 -0.204042
internal_weight=8442 4774 3668 1683 3091 1256
internal_count=8442 4774 3668 1683 3091 1256
is_linear=0
shrinkage=0.03


Tree=31
num_leaves=7
num_cat=0
split_feature=31 31 31 31 31 15
split_gain=123751 29295.1 15625.7 4496.67 4173.79 2822.79
threshold=-0.035912144760886097 1.2962030018053441 -1.0876657303013848 0.60772031880855737 2.0114643151311804 -0.35104067860088439
decision_type=2 2 2 2 2 2
left_child=2 3 -1 -2 -3 -4
right_child=1 4 5 -5 -6 -7
leaf_value=-0.21149523509587875 0.021184466773495961 0.16923190718410799 -0.11483091921953537 0.091608799077794151 0.279022259499767 -0.050327341312195774
leaf_weight=1287 1763 821 1225 1522 596 1263
leaf_count=1287 1763 821 1225 1522 596 1263
internal_value=0.000875661 0.103486 -0.126867 0.0539923 0.217042 -0.0824191
internal_weight=8477 4702 3775 3285 1417 2488
internal_count=8477 4702 3775 3285 1417 2488
is_linear=0
shrinkage=0.03


Tree=32
num_leaves=7
num_cat=0
split_feature=27 27 1 1 10 30
split_gain=101448 22730.8 21662.3 5466.92 4469.01 4426.89
threshold=0.24923739724594016 -0.60701098072693405 422.30818107086742 -271.49378283378877 0.33733975832045343 1.2327574409398061
decision_type=2 2 2 2 2 2
left_child=1 3 4 -1 -2 -4
right_child=2 -3 5 -5 -6 -7
leaf_value=-0.22341809754938849 -0.011399621567815498 -0.034669877919090188 0.13940705141509108 -0.12407365776093732 0.080915770804083575 0.24818710465868107
leaf_weight=920 652 2517 651 1206 1678 835
leaf_count=920 652 2517 651 1206 1678 835
internal_value=-0.00181341 -0.0959087 0.112626 -0.167908 0.055145 0.201782
internal_weight=8459 4643 3816 2126 2330 1486
internal_count=8459 4643 3816 2126 2330 1486
is_linear=0
shrinkage=0.03


Tree=33
num_leaves=7
num_cat=0
split_feature=31 31 1 31 31 30
split_gain=108487 28600.3 12854.7 6536.49 3556.58 3098.38
threshold=-0.066224701292260033 1.4952333692603299 -271.49378283378877 0.60772031880855737 2.0114643151311804 -0.96239734615806194
decision_type=2 2 2 2 2 2
left_child=2 3 -1 -2 -3 -4
right_child=1 4 5 -5 -6 -7
leaf_value=-0.20390116759959578 0.014247221131430118 0.16753568367048782 -0.13912930989680239 0.095251157224584396 0.28116914886251548 -0.062979398940534809
leaf_weight=1143 1821 558 651 1764 572 1924
leaf_count=1143 1821 558 651 1764 572 1924
internal_value=0.000591999 0.0960556 -0.120404 0.0542593 0.227018 -0.082695
internal_weight=8433 4715 3718 3585 1130 2575
internal_count=8433 4715 3718 3585 1130 2575
is_linear=0
shrinkage=0.03


Tree=34
num_leaves=7
num_cat=0
split_feature=31 31 31 15 31 1
split_gain=107430 25293.4 15982.2 5772.24 3602.85 3532.67
threshold=0.030965769977010529 1.5875866626339077 -1.2628674695833793 0.32607355047383313 -0.63843946984805178 372.96551429919845
decision_type=2 2 2 2 2 2
left_child=2 3 -1 -2 -4 -5
right_child=1 -3 4 5 -6 -7
leaf_value=-0.2153985366952666 0.015096287493619126 0.2338646454037136 -0.11776730284161503 0.068098795003235443 -0.049542581450792156 0.15394671653520386
leaf_weight=1004 1365 1006 1163 1455 1784 626
leaf_count=1004 1365 1006 1163 1455 1784 626
internal_value=0.00126045 0.102205 -0.112455 0.0632038 -0.0767739 0.094536
internal_weight=8403 4452 3951 3446 2947 2081
internal_count=8403 4452 3951 3446 2947 2081
is_linear=0
shrinkage=0.03


Tree=35
num_leaves=7
num_cat=0
split_feature=27 30 7 7 27 27
split_gain=97529.9 18533.1 16448.8 5956.2 3781.22 3512.91
threshold=0.24923739724594016 -0.96239734615806194 0.91036394572266977 2.0780829294773708 -1.493264420187794 -0.60701098072693405
decision_type=2 2 2 2 2 2
left_child=1 4 -2 -4 -1 -3
right_child=2 5 3 -5 -6 -7
leaf_value=-0.24496593468277117 0.052469376004723907 -0.10094619043991122 0.15081710353425334 0.29368103997409345 -0.13843698969486282 -0.032718887943247239
leaf_weight=568 1939 958 1516 330 759 2335
leaf_count=568 1939 958 1516 330 759 2335
internal_value=0.00116117 -0.0912506 0.113903 0.177801 -0.185526 -0.0528131
internal_weight=8405 4620 3785 1846 1327 3293
internal_count=8405 4620 3785 1846 1327 3293
is_linear=0
shrinkage=0.03


Tree=36
num_leaves=7
num_cat=0
split_feature=31 31 31 1 30 1
split_gain=100992 22829.9 16075.6 5415.53 3986.36 3355.2
threshold=0.09960648004369943 1.5875866626339077 -0.63843946984805178 -462.3252624652672 0.29418962552912836 239.19743072273255
decision_type=2 2 2 2 2 2
left_child=2 4 3 -1 -2 -6
right_child=1 -3 -4 -5 5 -7
leaf_value=-0.26085589177205715 0.017487308391939019 0.22856838548286595 -0.041617538745042405 -0.13606867856791349 0.044386222298767646 0.11997428230772561
leaf_weight=394 1070 1003 1991 1772 933 1265
leaf_count=394 1070 1003 1991 1772 933 1265
internal_value=0.00167251 0.104006 -0.103465 -0.159862 0.0651952 0.0882352
internal_weight=8428 4271 4157 2166 3268 2198
internal_count=8428 4271 4157 2166 3268 2198
is_linear=0
shrinkage=0.03


Tree=37
num_leaves=7
num_cat=0
split_feature=31 31 31 31 31 31
split_gain=97418.5 27863 11266.1 4768.4 4246.18 3329.87
threshold=-0.079583526732254842 1.3197648206154067 -1.5504643872550374 0.58305469121489917 2.0114643151311804 -0.63843946984805178
decision_type=2 2 2 2 2 2
left_child=2 3 -1 -2 -3 -4
right_child=1 4 5 -5 -6 -7
leaf_value=-0.2256694260334558 0.0099686343012143491 0.15320084397575714 -0.12123402857111859 0.081253462729666479 0.26416986051765451 -0.056703691194069351
leaf_weight=679 1788 768 1504 1596 606 1434
leaf_count=679 1788 768 1504 1596 606 1434
internal_value=0.00112354 0.0902549 -0.11605 0.0437291 0.203699 -0.0900368
internal_weight=8375 4758 3617 3384 1374 2938
internal_count=8375 4758 3617 3384 1374 2938
is_linear=0
shrinkage=0.03


Tree=38
num_leaves=7
num_cat=0
split_feature=31 31 1 30 30 15
split_gain=96962.6 21207.6 15898.3 4632.59 3774.68 3450.53
threshold=0.1372424362176575 1.5875866626339077 -271.49378283378877 0.21396931082361825 -1.4695799024998613 -0.36434377243669214
decision_type=2 2 2 2 2 2
left_child=2 3 4 -2 -1 -4
right_child=1 -3 5 -5 -6 -7
leaf_value=-0.27247800673730665 0.0055169577205695947 0.22245086987752383 -0.096533845314645941 0.086933088991591509 -0.15235456661610339 -0.033279241674267782
leaf_weight=390 867 1009 1538 2295 747 1589
leaf_count=390 867 1009 1538 2295 747 1589
internal_value=0.000583193 0.1033 -0.0998997 0.0646971 -0.195574 -0.0645993
internal_weight=8435 4171 4264 3162 1137 3127
internal_count=8435 4171 4264 3162 1137 3127
is_linear=0
shrinkage=0.03


Tree=39
num_leaves=7
num_cat=0
split_feature=31 31 31 15 30 31
split_gain=91944.7 19355 16793.2 3817.87 3603.27 3339.95
threshold=0.2456037102397525 1.5875866626339077 -1.0876657303013848 -0.15694412218402162 0.26170572689828886 -2.4110196849497232
decision_type=2 2 2 2 2 2
left_child=2 4 5 -4 -2 -1
right_child=1 -3 3 -5 -6 -7
leaf_value=-0.30903698129181784 0.012308037675578485 0.21968805458001608 -0.083991494280564863 -0.018952049884336332 0.088162664706337615 -0.16147439567745403
leaf_weight=168 782 1019 1806 1483 2042 1098
leaf_count=168 782 1019 1806 1483 2042 1098
internal_value=0.00023437 0.108154 -0.0908535 -0.0548118 0.0672751 -0.183325
internal_weight=8398 3843 4555 3289 2824 1266
internal_count=8398 3843 4555 3289 2824 1266
is_linear=0
shrinkage=0.03


Tree=40
num_leaves=7
num_cat=0
split_feature=27 1 1 10 12 12
split_gain=84106.8 19190.2 18913.9 4597.85 4115.12 4015.69
threshold=0.24923739724594016 385.03185341013938 -198.15354773872926 1.0510072309996417 -0.81016721204507658 -0.44618958186005436
decision_type=2 2 2 2 2 2
left_child=2 -2 4 -3 -1 -4
right_child=1 3 5 -5 -6 -7
leaf_value=-0.23000942842876912 0.045382114922351294 0.11991855461820249 -0.089266041718487968 0.22425984500667143 -0.12763736302469983 -0.016794300952116432
leaf_weight=615 2122 697 1028 967 962 2060
leaf_count=615 2122 697 1028 967 962 2060
internal_value=0.000637891 0.105542 -0.0845437 0.181532 -0.168758 -0.0411305
internal_weight=8451 3786 4665 1664 1577 3088
internal_count=8451 3786 4665 1664 1577 3088
is_linear=0
shrinkage=0.03


Tree=41
num_leaves=7
num_cat=0
split_feature=1 1 15 13 15 15
split_gain=82505.1 24251.9 10754.4 6318.59 5644.03 4619.33
threshold=243.11877840826824 -182.72231950210104 0.44916166163169235 23.176821291547306 0.11984785017418735 -1.4206227761253978
decision_type=2 2 2 8 2 2
left_child=1 5 -2 -4 -3 -1
right_child=2 4 3 -5 -6 -7
leaf_value=-0.24153972072186899 0.041353569912507937 -0.054916153465311431 0.13967222760990791 0.27069770093840201 0.018172526704549039 -0.1280532305095417
leaf_weight=457 847 2269 1571 436 1625 1273
leaf_count=457 847 2269 1571 436 1625 1273
internal_value=0.000525424 -0.0661223 0.131632 0.169337 -0.0244472 -0.159248
internal_weight=8478 5624 2854 2007 3894 1730
internal_count=8478 5624 2854 2007 3894 1730
is_linear=0
shrinkage=0.03


Tree=42
num_leaves=7
num_cat=0
split_feature=7 1 10 15 15 1
split_gain=78736.7 21513.2 11270 5701.13 4646.1 4468.63
threshold=0.48194381094804378 -182.72231950210104 1.5791326831142671 -0.22696916471269732 -1.3316983839406278 385.03185341013938
decision_type=2 2 2 2 2 2
left_child=1 4 5 -3 -1 -2
right_child=2 3 -4 -5 -6 -7
leaf_value=-0.23104941183080882 0.056073701693817098 -0.06620551988000134 0.23333114125404059 0.0080452262766661977 -0.12028149531716566 0.14035565916931042
leaf_weight=502 1314 1693 667 2048 1203 1017
leaf_count=502 1314 1693 667 2048 1203 1017
internal_value=0.00188814 -0.0660538 0.125117 -0.0256441 -0.154052 0.0932878
internal_weight=8444 5446 2998 3741 1705 2331
internal_count=8444 5446 2998 3741 1705 2331
is_linear=0
shrinkage=0.03


Tree=43
num_leaves=7
num_cat=0
split_feature=31 31 31 31 31 1
split_gain=77008.2 22503.7 11666.2 4630.43 3497.37 2511.67
threshold=0.59505668524625832 -0.975345538030857 2.0114643151311804 -0.1783306278205912 -2.4110196849497232 422.30818107086742
decision_type=2 2 2 2 2 2
left_child=1 4 5 -3 -1 -2
right_child=2 3 -4 -5 -6 -7
leaf_value=-0.2902264521775707 0.070089471296395423 -0.06130736282964222 0.24416447237246114 0.0028896550196452877 -0.14524031293951986 0.13426127268487509
leaf_weight=176 1483 1900 588 2147 1279 914
leaf_count=176 1483 1900 588 2147 1279 914
internal_value=0.00266569 -0.0638717 0.125112 -0.0273266 -0.16464 0.095015
internal_weight=8487 5502 2985 4047 1455 2397
internal_count=8487 5502 2985 4047 1455 2397
is_linear=0
shrinkage=0.03


Tree=44
num_leaves=7
num_cat=0
split_feature=1 1 10 15 1 15
split_gain=73558.8 20962.6 11281.5 5579.69 5087.45 3368.57
threshold=239.19743072273255 -182.72231950210104 1.1277922590664919 0.28517488255684603 -462.3252624652672 0.44916166163169235
decision_type=2 2 2 2 2 2
left_child=1 4 5 -3 -1 -2
right_child=2 3 -4 -5 -6 -7
leaf_value=-0.24313019400195768 0.031130411243275601 -0.05043832008789275 0.19832494076324594 0.025219725456716153 -0.11989318189301716 0.11471121267780275
leaf_weight=402 835 2543 1099 1329 1348 917
leaf_count=402 835 2543 1099 1329 1348 917
internal_value=-0.000636514 -0.0635626 0.123238 -0.0244719 -0.149423 0.0752795
internal_weight=8473 5622 2851 3872 1750 1752
internal_count=8473 5622 2851 3872 1750 1752
is_linear=0
shrinkage=0.03


Tree=45
num_leaves=7
num_cat=0
split_feature=27 1 1 13 10 10
split_gain=73599 16457.2 16255.2 4694.5 3974.99 3076.35
threshold=0.24923739724594016 422.30818107086742 -198.15354773872926 23.795301930493103 -0.64911368980598827 -0.30976986877344509
decision_type=2 2 2 10 2 2
left_child=2 -2 4 -3 -1 -4
right_child=1 3 5 -5 -6 -7
leaf_value=-0.1931157109192381 0.048934499977412706 0.14641996063282223 -0.070414553917944434 0.27866852672770615 -0.091350236132798981 -0.0095973381974882466
leaf_weight=1012 2313 1130 1418 326 568 1581
leaf_count=1012 2313 1130 1418 326 568 1581
internal_value=0.000985904 0.0990278 -0.0797529 0.177729 -0.157336 -0.0384916
internal_weight=8348 3769 4579 1456 1580 2999
internal_count=8348 3769 4579 1456 1580 2999
is_linear=0
shrinkage=0.03


Tree=46
num_leaves=7
num_cat=0
split_feature=27 1 10 1 13 13
split_gain=71292.3 18632.5 13906.2 4819.86 3594.62 2803.5
threshold=0.16054050665426392 431.9817901543999 -1.0110279420313077 -182.72231950210104 21.403556030836789 9.9465881021851867
decision_type=2 2 2 2 8 8
left_child=2 5 -1 -4 -3 -2
right_child=1 4 3 -5 -6 -7
leaf_value=-0.17773481907905397 0.013064947964277856 0.13994660977162537 -0.11094452280047139 -0.030517409171465164 0.24486403039777058 0.074045284992337909
leaf_weight=1079 1407 941 936 2347 477 1310
leaf_count=1079 1407 941 936 2347 477 1310
internal_value=-0.000216934 0.0889242 -0.0847292 -0.0537149 0.176707 0.0426303
internal_weight=8497 4135 4362 3283 1418 2717
internal_count=8497 4135 4362 3283 1418 2717
is_linear=0
shrinkage=0.03


Tree=47
num_leaves=7
num_cat=0
split_feature=31 31 31 30 31 1
split_gain=72631.1 19363.9 14127.4 2904.95 2835.16 2493.85
threshold=0.15930550568987611 1.5148470084613546 -1.2628674695833793 0.29418962552912836 -0.23991813934575779 702.04504056327789
decision_type=2 2 2 2 2 2
left_child=2 3 -1 -2 -4 -3
right_child=1 5 4 -5 -6 -7
leaf_value=-0.18138351451212265 0.0082601045568784087 0.16056934267458786 -0.074167674090288779 0.071791701480157039 -0.015714647983962399 0.26162373009172823
leaf_weight=1026 962 719 2184 1991 1142 389
leaf_count=1026 962 719 2184 1991 1142 389
internal_value=0.000520772 0.0916549 -0.0845347 0.0511927 -0.0542048 0.198071
internal_weight=8413 4061 4352 2953 3326 1108
internal_count=8413 4061 4352 2953 3326 1108
is_linear=0
shrinkage=0.03


Tree=48
num_leaves=7
num_cat=0
split_feature=27 1 1 27 1 9
split_gain=65083.2 17466 13191 4744.64 4480.95 3585.81
threshold=0.16054050665426392 422.30818107086742 -55.075415465188136 -1.493264420187794 802.57073967256395 0.55779594173111613
decision_type=2 2 2 2 2 2
left_child=2 5 3 -1 -3 -2
right_child=1 4 -4 -5 -6 -7
leaf_value=-0.19883622741279081 0.0081688584510255183 0.1407307624395619 -0.019651302011376961 -0.10205771815333615 0.28002135227505975 0.079125825418453283
leaf_weight=616 1525 1186 1779 1923 263 1099
leaf_count=616 1525 1186 1779 1923 263 1099
internal_value=-0.00141122 0.0845088 -0.0824642 -0.126226 0.167759 0.0380751
internal_weight=8391 4073 4318 2539 1449 2624
internal_count=8391 4073 4318 2539 1449 2624
is_linear=0
shrinkage=0.03


Tree=49
num_leaves=7
num_cat=0
split_feature=27 1 1 1 1 15
split_gain=65092.1 20262.6 9831.35 7836.79 3262.63 2909.49
threshold=0.68816666488275302 -284.91001132841126 427.37093987150223 34.7667902816221 761.27316799336734 -1.3590824401401937
decision_type=2 2 2 2 2 2
left_child=1 5 -2 -3 -4 -1
right_child=2 3 4 -5 -6 -7
leaf_value=-0.23744381808284809 0.06719695217564195 -0.064372219389724344 0.15456138541456313 0.012131148134141409 0.26933732861386872 -0.1306958129326331
leaf_weight=383 1268 2479 950 2331 326 715
leaf_count=383 1268 2479 950 2331 326 715
internal_value=0.00057441 -0.0540543 0.127155 -0.0273493 0.185751 -0.169738
internal_weight=8452 5908 2544 4810 1276 1098
internal_count=8452 5908 2544 4810 1276 1098
is_linear=0
shrinkage=0.03


Tree=50
num_leaves=7
num_cat=0
split_feature=31 31 31 31 31 34
split_gain=67216.1 19297.4 10797.6 3760.27 3513.79 1828.45
threshold=0.60772031880855737 -0.84185733509661598 2.0114643151311804 -0.21727814488232647 -2.4110196849497232 1.9710497933142712
decision_type=2 2 2 2 2 2
left_child=1 4 5 -3 -1 -2
right_child=2 3 -4 -5 -6 -7
leaf_value=-0.27362609703028412 0.077293653327741643 -0.056190974831528108 0.23347309708841577 0.0045073386957285699 -0.12593464260555648 0.14941340966693628
leaf_weight=161 1917 1536 595 2260 1548 391
leaf_count=161 1917 1536 595 2260 1548 391
internal_value=0.00362022 -0.0579575 0.120189 -0.0201365 -0.141359 0.0901034
internal_weight=8408 5505 2903 3796 1709 2308
internal_count=8408 5505 2903 3796 1709 2308
is_linear=0
shrinkage=0.03


Tree=51
num_leaves=7
num_cat=0
split_feature=10 10 7 27 7 27
split_gain=61282.4 15469.4 9799.61 4552.42 3985.71 2616.96
threshold=0.34674661080106228 -0.95375544434204229 2.0103946891111435 -0.42695590598989303 0.92658954132863103 -1.4659172695607436
decision_type=2 2 2 2 2 2
left_child=1 5 4 -3 -2 -1
right_child=2 3 -4 -5 -6 -7
leaf_value=-0.20455738531844306 0.047621713645897269 -0.079084266083128879 0.24390464144285828 -0.011690429647188461 0.11741444333828854 -0.11202779346242923
leaf_weight=595 1575 1411 368 2482 1413 603
leaf_count=595 1575 1411 368 2482 1413 603
internal_value=9.64379e-05 -0.0654659 0.0994525 -0.0362571 0.0809077 -0.159297
internal_weight=8447 5091 3356 3893 2988 1198
internal_count=8447 5091 3356 3893 2988 1198
is_linear=0
shrinkage=0.03


Tree=52
num_leaves=7
num_cat=0
split_feature=31 31 31 30 31 32
split_gain=59261.1 19550.1 9770.85 3569.71 2973.56 2187.98
threshold=-0.066224701292260033 1.4952333692603299 -1.3744249818097953 0.23341170625709126 2.8181725707147933 -0.020365057559219461
decision_type=2 2 2 2 2 2
left_child=2 3 -1 -2 -3 -5
right_child=1 4 -4 5 -6 -7
leaf_value=-0.17322102772548545 -0.0019583371808331962 0.15834740675596265 -0.058966023270996842 0.0070149788863854397 0.30152253050790279 0.076086030654232417
leaf_weight=885 1257 975 2810 535 162 1829
leaf_count=885 1257 975 2810 535 162 1829
internal_value=0.00328267 0.0732169 -0.0867252 0.038905 0.181198 0.0605499
internal_weight=8453 4758 3695 3621 1137 2364
internal_count=8453 4758 3695 3621 1137 2364
is_linear=0
shrinkage=0.03


Tree=53
num_leaves=7
num_cat=0
split_feature=31 31 31 31 31 31
split_gain=62671.4 13787.2 12092.6 3591.3 3000.75 2783.36
threshold=0.15930550568987611 2.0114643151311804 -1.1355996489565696 0.65568935117136729 -0.23991813934575779 -2.4110196849497232
decision_type=2 2 2 2 2 2
left_child=2 3 5 -2 -4 -1
right_child=1 -3 4 -5 -6 -7
leaf_value=-0.27281185738245645 0.022106964622003098 0.21919796609160044 -0.070238163143144294 0.085318239991742456 -0.0095333964796806246 -0.13870458596031268
leaf_weight=170 1299 579 1985 2174 1164 1027
leaf_count=170 1299 579 1985 2174 1164 1027
internal_value=1.43342e-05 0.0847811 -0.0790313 0.0618068 -0.0479004 -0.159853
internal_weight=8398 4052 4346 3473 3149 1197
internal_count=8398 4052 4346 3473 3149 1197
is_linear=0
shrinkage=0.03


Tree=54
num_leaves=7
num_cat=0
split_feature=31 31 31 31 31 31
split_gain=55527.1 18804.4 8698.85 4922.68 1789.82 1716.19
threshold=0.66907997211363901 -0.63843946984805178 2.0114643151311804 -1.489325372893014 -0.079583526732254842 1.3197648206154067
decision_type=2 2 2 2 2 2
left_child=1 3 5 -1 -3 -2
right_child=2 4 -4 -5 -6 -7
leaf_value=-0.18478739976971165 0.060709797851224642 -0.035993206054773789 0.21130991428456075 -0.089236829733161133 0.0074422048595162073 0.11716268236898743
leaf_weight=750 1414 1454 586 1465 2042 773
leaf_count=750 1414 1454 586 1465 2042 773
internal_value=-0.00063051 -0.0540964 0.109281 -0.122275 -0.0106739 0.0811057
internal_weight=8484 5711 2773 2215 3496 2187
internal_count=8484 5711 2773 2215 3496 2187
is_linear=0
shrinkage=0.03


Tree=55
num_leaves=7
num_cat=0
split_feature=31 1 31 7 1 13
split_gain=56443.5 16386.2 8254.31 4249.2 2629.73 2336.89
threshold=-0.090423878954469974 422.30818107086742 -1.489325372893014 2.2606813497320686 -44.279275030331284 14.004725394402064
decision_type=2 2 2 2 2 8
left_child=2 5 -1 -3 -4 -2
right_child=1 3 4 -5 -6 -7
leaf_value=-0.17904409542197516 0.016035688138007705 0.12439139034745107 -0.087929134381012575 0.26836290425768022 -0.027189947641028982 0.083097470486011932
leaf_weight=747 2693 1326 1874 218 991 558
leaf_count=747 2693 1326 1874 218 991 558
internal_value=-0.00124683 0.0661639 -0.0906715 0.146315 -0.0670872 0.0277657
internal_weight=8407 4795 3612 1544 2865 3251
internal_count=8407 4795 3612 1544 2865 3251
is_linear=0
shrinkage=0.03


Tree=56
num_leaves=7
num_cat=0
split_feature=31 31 31 31 31 12
split_gain=57934.8 13572.5 12806 2920.22 2773.46 2771.18
threshold=0.33708133304938109 -0.975345538030857 1.5875866626339077 2.8181725707147933 -2.4110196849497232 -0.21132764420281513
decision_type=2 2 2 2 2 2
left_child=1 4 -2 -4 -1 -3
right_child=2 5 3 -5 -6 -7
leaf_value=-0.25566403886126404 0.05700438360594462 -0.063525374905344698 0.15817728578175547 0.30536042816434167 -0.12497110055277781 -0.0088116950682680818
leaf_weight=169 2591 1476 839 153 1320 1905
leaf_count=169 2591 1476 839 153 1320 1905
internal_value=0.00107363 -0.0662395 0.092495 0.183699 -0.141411 -0.0328142
internal_weight=8453 4870 3583 992 1489 3381
internal_count=8453 4870 3583 992 1489 3381
is_linear=0
shrinkage=0.03


Tree=57
num_leaves=7
num_cat=0
split_feature=31 31 31 31 15 31
split_gain=56816.2 16600.7 9747.21 3767.49 2233.94 2167.26
threshold=0.66907997211363901 -0.63843946984805178 2.0114643151311804 -1.8845601623124673 0.44916166163169235 -0.066224701292260033
decision_type=2 2 2 2 2 2
left_child=1 3 4 -1 -2 -3
right_child=2 5 -4 -5 -6 -7
leaf_value=-0.20287152305458733 0.028675591683320258 -0.041055517374197874 0.21705402821593642 -0.099668688754942156 0.098856087065483503 0.0065428916226987427
leaf_weight=396 564 1502 604 1800 1574 1994
leaf_count=396 564 1502 604 1800 1574 1994
internal_value=-0.000640828 -0.0546703 0.111308 -0.119114 0.0805623 -0.0139658
internal_weight=8434 5692 2742 2196 2138 3496
internal_count=8434 5692 2742 2196 2138 3496
is_linear=0
shrinkage=0.03


Tree=58
num_leaves=7
num_cat=0
split_feature=31 31 31 31 6 34
split_gain=51938.9 14882.1 8628.27 4823.47 2399.05 1958.83
threshold=-0.066224701292260033 1.9327252490140101 -1.2628674695833793 0.66907997211363901 2.1223977816328072 1.9999944115285604
decision_type=2 2 2 2 2 2
left_child=2 3 -1 -2 -3 -5
right_child=1 4 -4 5 -6 -7
leaf_value=-0.15636129556007503 0.012573865676011488 0.14111738274619934 -0.053736002071328871 0.06425691115002205 0.2631895170686458 0.14389810324492663
leaf_weight=1015 2018 382 2700 1714 292 335
leaf_count=1015 2018 382 2700 1714 292 335
internal_value=0.0017517 0.0675068 -0.0821194 0.045603 0.197078 0.0779134
internal_weight=8456 4741 3715 4067 674 2049
internal_count=8456 4741 3715 4067 674 2049
is_linear=0
shrinkage=0.03


Tree=59
num_leaves=7
num_cat=0
split_feature=31 31 31 31 31 31
split_gain=52562.8 11940.5 11333.2 3354.85 2619.49 2378.34
threshold=0.3104712682130697 -1.3744249818097953 1.5875866626339077 -0.21727814488232647 2.5459802741913298 -2.4110196849497232
decision_type=2 2 2 2 2 2
left_child=1 5 -2 -3 -4 -1
right_child=2 3 4 -5 -6 -7
leaf_value=-0.25846565720582676 0.052756344412087909 -0.063397026574001966 0.13854125082145841 -0.0059073776968643988 0.25301865355817826 -0.13404247734220431
leaf_weight=187 2665 2405 763 1473 263 719
leaf_count=187 2665 2405 763 1473 263 719
internal_value=0.000800299 -0.0647683 0.0857308 -0.0416318 0.170045 -0.162265
internal_weight=8475 4784 3691 3878 1026 906
internal_count=8475 4784 3691 3878 1026 906
is_linear=0
shrinkage=0.03


Tree=60
num_leaves=7
num_cat=0
split_feature=31 31 30 7 31 10
split_gain=50718.2 15627 6838.98 3571.42 2792.84 2784.8
threshold=-0.090423878954469974 1.3197648206154067 -0.96239734615806194 2.4283638559134997 -2.4110196849497232 0.3689791083989073
decision_type=2 2 2 2 2 2
left_child=2 5 4 -3 -1 -2
right_child=1 3 -4 -5 -6 -7
leaf_value=-0.25925845585898921 0.00069312769500677704 0.1281015115869614 -0.054269904613933488 0.27680361027546813 -0.12228500548319415 0.054665396214493664
leaf_weight=155 1665 1203 2315 168 1147 1771
leaf_count=155 1665 1203 2315 168 1147 1771
internal_value=-0.000860883 0.0629392 -0.0855911 0.148196 -0.140443 0.0285897
internal_weight=8424 4807 3617 1371 1302 3436
internal_count=8424 4807 3617 1371 1302 3436
is_linear=0
shrinkage=0.03


Tree=61
num_leaves=7
num_cat=0
split_feature=31 31 31 12 32 31
split_gain=45869.8 12063.1 9680.45 4097.73 2897.92 1933.79
threshold=0.3104712682130697 2.0114643151311804 -1.3744249818097953 -0.42902280396996478 -0.035549229908394264 -2.4110196849497232
decision_type=2 2 2 2 2 2
left_child=2 4 5 -4 -2 -1
right_child=1 -3 3 -5 -6 -7
leaf_value=-0.24425888643015259 -0.0024464906743407004 0.20284553031274535 -0.081792622457426981 -0.017100623442468911 0.070997033223653028 -0.12521893713403534
leaf_weight=162 600 603 1338 2566 2467 702
leaf_count=162 600 603 1338 2566 2467 702
internal_value=0.00156671 0.0811716 -0.059748 -0.0394245 0.056668 -0.150078
internal_weight=8438 3670 4768 3904 3067 864
internal_count=8438 3670 4768 3904 3067 864
is_linear=0
shrinkage=0.03


Tree=62
num_leaves=7
num_cat=0
split_feature=27 1 1 1 12 1
split_gain=43589.7 12290.2 8193.25 3808.66 3003.28 3002.3
threshold=0.58523915240793334 -105.19570456729956 761.27316799336734 -462.3252624652672 -0.62911154842914552 379.51269700500876
decision_type=2 2 2 2 2 2
left_child=1 3 5 -1 -3 -2
right_child=2 4 -4 -5 -6 -7
leaf_value=-0.18276663232909734 0.047295378122767538 -0.070743049995532034 0.2397787686610045 -0.080339720487537195 0.004192457345121939 0.11324891032603934
leaf_weight=398 1300 572 319 1894 2778 1225
leaf_count=398 1300 572 319 1894 2778 1225
internal_value=0.00278803 -0.0454741 0.0983555 -0.0988426 -0.00877497 0.0796132
internal_weight=8486 5642 2844 2292 3350 2525
internal_count=8486 5642 2844 2292 3350 2525
is_linear=0
shrinkage=0.03


Tree=63
num_leaves=7
num_cat=0
split_feature=31 31 31 1 31 1
split_gain=45912.7 12008.5 8978.36 3889.32 2032.9 1770.61
threshold=0.56990314805314468 -0.65630196378153227 1.9327252490140101 -462.3252624652672 -0.21727814488232647 823.3784385102457
decision_type=2 2 2 2 2 2
left_child=1 3 -2 -1 -3 -4
right_child=2 4 5 -5 -6 -7
leaf_value=-0.19392816777918487 0.064911396256823684 -0.050190433743967935 0.14994721300473884 -0.088410334677164443 -0.00052275258778950308 0.26407729742092056
leaf_weight=390 2349 1108 449 1722 2204 212
leaf_count=390 2349 1108 449 1722 2204 212
internal_value=-0.000875335 -0.0529938 0.0929063 -0.108717 -0.0172397 0.189942
internal_weight=8434 5424 3010 2112 3312 661
internal_count=8434 5424 3010 2112 3312 661
is_linear=0
shrinkage=0.03


Tree=64
num_leaves=7
num_cat=0
split_feature=1 1 10 15 15 1
split_gain=41063.5 13611.3 7162.47 3660.47 3648.44 3338.4
threshold=257.7800808193852 -198.15354773872926 1.893948693591454 -0.22696916471269732 0.44916166163169235 -462.3252624652672
decision_type=2 2 2 2 2 2
left_child=1 5 4 -3 -2 -1
right_child=2 3 -4 -5 -6 -7
leaf_value=-0.19355544568503982 0.021941002181959369 -0.050087696895948372 0.21850865117940854 0.0074723992248801512 0.10286214435691142 -0.092101637364442157
leaf_weight=393 745 1643 370 2490 1566 1248
leaf_count=393 745 1643 370 2490 1566 1248
internal_value=0.000440498 -0.0446025 0.0972536 -0.0154753 0.0769824 -0.117424
internal_weight=8455 5774 2681 4133 2311 1641
internal_count=8455 5774 2681 4133 2311 1641
is_linear=0
shrinkage=0.03


Tree=65
num_leaves=7
num_cat=0
split_feature=1 1 10 10 22 1
split_gain=39845.3 12634.7 6923.26 4679.12 2444.73 2750.67
threshold=54.705938407302661 573.87692084080425 -1.046762681604642 0.94064450623660545 -0.2298473069445183 -258.84885201741957
decision_type=2 2 2 2 2 2
left_child=2 3 -1 -2 -4 -6
right_child=1 -3 4 -5 5 -7
leaf_value=-0.14191590790542635 0.016018480690922307 0.1690418394042118 -0.0033994759497240914 0.091067299526242776 -0.12780113796362791 -0.046329826710180266
leaf_weight=949 2793 768 787 1014 482 1647
leaf_count=949 2793 768 787 1014 482 1647
internal_value=-0.00103978 0.0588151 -0.0718589 0.0361941 -0.0486521 -0.065286
internal_weight=8440 4575 3865 3807 2916 2129
internal_count=8440 4575 3865 3807 2916 2129
is_linear=0
shrinkage=0.03


Tree=66
num_leaves=7
num_cat=0
split_feature=31 31 1 31 1 32
split_gain=39648.7 13859.5 6878.74 4623.61 2518.8 1934.96
threshold=-0.13575523107520623 1.0901818433269259 -462.3252624652672 2.8181725707147933 -55.075415465188136 -0.020365057559219461
decision_type=2 2 2 2 2 2
left_child=2 5 -1 -3 -4 -2
right_child=1 3 4 -5 -6 -7
leaf_value=-0.18957617732455459 -0.016068218432644853 0.10644137843929966 -0.078866610846013208 0.27389621670796155 -0.020361961041579973 0.034063059519151208
leaf_weight=415 995 1601 2077 160 983 2236
leaf_count=415 995 1601 2077 160 983 2236
internal_value=0.00153504 0.055657 -0.0761503 0.123117 -0.0602 0.018623
internal_weight=8467 4992 3475 1761 3060 3231
internal_count=8467 4992 3475 1761 3060 3231
is_linear=0
shrinkage=0.03


Tree=67
num_leaves=7
num_cat=0
split_feature=31 31 31 31 31 31
split_gain=40460.2 10962.7 8531.88 2878.16 2402.55 2246.36
threshold=0.1459648570039177 2.0114643151311804 -1.4367793223239558 1.0030227979011919 2.9769761283130731 -2.5538904661191926
decision_type=2 2 2 2 2 2
left_child=2 3 5 -2 -3 -1
right_child=1 4 -4 -5 -6 -7
leaf_value=-0.26408448713975891 0.024531370224287235 0.14706701522113375 -0.0437911747188982 0.079957041182466937 0.2991597645853063 -0.1259414158853151
leaf_weight=132 2174 472 3532 1382 129 681
leaf_count=132 2174 472 3532 1382 129 681
internal_value=-0.000268754 0.0665578 -0.0642098 0.0462358 0.184074 -0.151307
internal_weight=8502 4157 4345 3556 601 813
internal_count=8502 4157 4345 3556 601 813
is_linear=0
shrinkage=0.03


Tree=68
num_leaves=7
num_cat=0
split_feature=31 31 31 1 34 9
split_gain=40654.6 13500 6479.63 3830.63 1865.68 1838.7
threshold=0.66907997211363901 -0.63843946984805178 2.0114643151311804 -462.3252624652672 2.0642956468971456 0.54830993659903993
decision_type=2 2 2 2 2 2
left_child=1 3 4 -1 -2 -3
right_child=2 5 -4 -5 -6 -7
leaf_value=-0.18542432635988576 0.059242136941694334 -0.017010126024807958 0.18517080672237338 -0.082506474006599509 0.13621271609906749 0.04136542284856598
leaf_weight=401 1809 2954 578 1809 338 571
leaf_count=401 1809 2954 578 1809 338 571
internal_value=0.00134245 -0.0439814 0.0965426 -0.101932 0.0719349 -0.00746385
internal_weight=8460 5735 2725 2210 2147 3525
internal_count=8460 5735 2725 2210 2147 3525
is_linear=0
shrinkage=0.03


Tree=69
num_leaves=7
num_cat=0
split_feature=31 30 1 1 15 1
split_gain=36777.3 12340.1 6443.41 3347.4 2818.08 2473.04
threshold=0.59505668524625832 -0.96239734615806194 802.57073967256395 -462.3252624652672 1.8213376752993 -182.72231950210104
decision_type=2 2 2 2 2 2
left_child=1 3 4 -1 -2 -3
right_child=2 5 -4 -5 -6 -7
leaf_value=-0.21273644441304304 0.058745671905827725 -0.064628144596061129 0.22428801594261269 -0.097997096728465571 0.15377814957997732 -0.0084073286231991905
leaf_weight=303 2343 892 264 1032 316 3229
leaf_count=303 2343 892 264 1032 316 3229
internal_value=-0.000525718 -0.0465103 0.0851739 -0.125427 0.0705733 -0.0207034
internal_weight=8379 5456 2923 1335 2659 4121
internal_count=8379 5456 2923 1335 2659 4121
is_linear=0
shrinkage=0.03


Tree=70
num_leaves=7
num_cat=0
split_feature=30 7 30 13 23 21
split_gain=33016 8317.59 7182.33 4223.85 2106.18 1695.44
threshold=0.094855638932108202 2.1221233670098143 -1.2157898240431073 10.069763721737095 -0.89202019161625501 -0.24443525299786281
decision_type=2 2 2 8 2 2
left_child=2 3 5 -2 -5 -1
right_child=1 -3 -4 4 -6 -7
leaf_value=-0.068879254736575565 0.014881255648387916 0.2117163171017685 -0.037760690555859934 -0.051044056250860816 0.083511021970550811 -0.15982695391978868
leaf_weight=291 1875 291 3211 104 2018 637
leaf_count=291 1875 291 3211 104 2018 637
internal_value=0.00113206 0.0594042 -0.0592354 0.0478144 0.0767079 -0.132346
internal_weight=8427 4288 4139 3997 2122 928
internal_count=8427 4288 4139 3997 2122 928
is_linear=0
shrinkage=0.03


Tree=71
num_leaves=7
num_cat=0
split_feature=31 31 31 31 9 31
split_gain=32391.7 9945.51 6884.01 3129.08 2842.17 1667.29
threshold=-0.079583526732254842 1.5875866626339077 -1.5504643872550374 2.9769761283130731 0.55779594173111613 -2.4110196849497232
decision_type=2 2 2 2 2 2
left_child=2 4 5 -3 -2 -1
right_child=1 3 -4 -5 -6 -7
leaf_value=-0.23428579175824318 0.010281612258611452 0.11336664351388454 -0.046735456134528411 0.27209975181390411 0.0647957156755746 -0.12076064642224082
leaf_weight=172 2420 859 2944 128 1330 502
leaf_count=172 2420 859 2944 128 1330 502
internal_value=0.000639564 0.0522174 -0.0668484 0.136475 0.0297369 -0.152733
internal_weight=8355 4737 3618 987 3750 674
internal_count=8355 4737 3618 987 3750 674
is_linear=0
shrinkage=0.03


Tree=72
num_leaves=7
num_cat=0
split_feature=27 27 13 15 30 15
split_gain=30384.5 10857.2 6062.56 3204.61 2225.64 1841.7
threshold=0.68816666488275302 -0.98285936192225554 27.660586918320885 -0.1361707035959113 -1.6739495593562517 0.70323556212238614
decision_type=2 2 8 2 2 2
left_child=1 4 5 -3 -1 -2
right_child=2 3 -4 -5 -6 -7
leaf_value=-0.16695946088765171 0.029708087805392847 -0.040891996836357442 0.22507833228908647 0.0095989698628714069 -0.082369573073878835 0.088926162324428126
leaf_weight=421 680 2054 252 2497 941 1649
leaf_count=421 680 2054 252 2497 941 1649
internal_value=0.00192476 -0.0355613 0.08761 -0.0132288 -0.109543 0.0718371
internal_weight=8494 5913 2581 4551 1362 2329
internal_count=8494 5913 2581 4551 1362 2329
is_linear=0
shrinkage=0.03


Tree=73
num_leaves=7
num_cat=0
split_feature=10 30 31 31 31 31
split_gain=32931.4 9083.43 8289.37 2917.23 2432.11 2037.71
threshold=0.35782208652282382 -0.96239734615806194 1.5875866626339077 2.8181725707147933 -2.4110196849497232 -0.21727814488232647
decision_type=2 2 2 2 2 2
left_child=1 4 -2 -4 -1 -3
right_child=2 5 3 -5 -6 -7
leaf_value=-0.2220137523035326 0.042609150265135225 -0.04522636371032878 0.1205883460389628 0.26049688943372717 -0.096965355521411292 -0.0011485104208014867
leaf_weight=159 2293 1834 854 164 1189 1935
leaf_count=159 2293 1834 854 164 1189 1935
internal_value=0.000975422 -0.0466965 0.074569 0.145442 -0.113241 -0.0226598
internal_weight=8428 5117 3311 1018 1348 3769
internal_count=8428 5117 3311 1018 1348 3769
is_linear=0
shrinkage=0.03


Tree=74
num_leaves=7
num_cat=0
split_feature=31 31 10 31 1 12
split_gain=29855.3 10046 6587.27 2829.31 2347.37 2280.61
threshold=0.56990314805314468 -0.99490080622934551 1.9293231933237291 -2.4110196849497232 431.9817901543999 -0.21132764420281513
decision_type=2 2 2 2 2 2
left_child=1 3 4 -1 -2 -3
right_child=2 5 -4 -5 -6 -7
leaf_value=-0.22491593810004115 0.035742022280654012 -0.043736701721085541 0.19525256646646033 -0.092372575248100844 0.092945780925272933 0.0023312086096270185
leaf_weight=162 1578 1620 360 1271 1109 2376
leaf_count=162 1578 1620 360 1271 1109 2376
internal_value=0.00120961 -0.040953 0.0762212 -0.108811 0.0596087 -0.0164075
internal_weight=8476 5429 3047 1433 2687 3996
internal_count=8476 5429 3047 1433 2687 3996
is_linear=0
shrinkage=0.03


Tree=75
num_leaves=7
num_cat=0
split_feature=15 1 1 1 15 22
split_gain=31191.6 9487.33 8243.29 3512.15 3135.6 1687.82
threshold=0.32607355047383313 372.96551429919845 -109.02561303408753 823.3784385102457 -1.4504639578870098 -0.15582902310542487
decision_type=2 2 2 2 2 2
left_child=2 -2 4 -3 -1 -6
right_child=1 3 -4 -5 5 -7
leaf_value=-0.16183102802936908 0.023279806878919611 0.10225125540398207 -0.015644943377849167 0.2296832703864202 -0.03434451306904001 -0.097569646846920322
leaf_weight=471 1957 1341 2853 230 634 1001
leaf_count=471 1957 1341 2853 230 634 1001
internal_value=-0.000510317 0.0675683 -0.0489823 0.122243 -0.093857 -0.0734108
internal_weight=8487 3528 4959 1571 2106 1635
internal_count=8487 3528 4959 1571 2106 1635
is_linear=0
shrinkage=0.03


Tree=76
num_leaves=7
num_cat=0
split_feature=30 1 1 29 31 31
split_gain=27399.3 9628.66 6720.96 2173.73 1956.11 1955.43
threshold=0.082194263555786976 573.87692084080425 -284.91001132841126 0.72840995111727713 2.9769761283130731 -2.4110196849497232
decision_type=2 2 2 2 2 2
left_child=2 3 5 -2 -3 -1
right_child=1 4 -4 -5 -6 -7
leaf_value=-0.21784659309046608 0.013844122225326619 0.12296532742411809 -0.033014130760358806 0.062773974736058058 0.25386518245403256 -0.10156785061799806
leaf_weight=158 2266 645 3123 1275 130 866
leaf_count=158 2266 645 3123 1275 130 866
internal_value=-8.82499e-05 0.052764 -0.055089 0.0315893 0.147877 -0.121443
internal_weight=8463 4316 4147 3541 775 1024
internal_count=8463 4316 4147 3541 775 1024
is_linear=0
shrinkage=0.03


Tree=77
num_leaves=7
num_cat=0
split_feature=31 1 1 15 22 12
split_gain=30905.4 8498.42 6143.97 2393.96 2623.26 2024.18
threshold=0.60772031880855737 -271.49378283378877 573.87692084080425 -1.523238474661045 -0.18137263803758705 -0.95830739982288027
decision_type=2 2 2 2 2 2
left_child=1 3 -2 -1 -5 -3
right_child=2 5 -4 4 -6 -7
leaf_value=-0.1744222403453155 0.056715270687870682 -0.076241428033482952 0.15347239310601021 -0.00094530051655095559 -0.11570026788952253 -0.0099074659612908341
leaf_weight=342 2125 453 821 266 541 3962
leaf_count=342 2125 453 821 266 541 3962
internal_value=0.00569977 -0.0358918 0.0841078 -0.108204 -0.0783498 -0.0168706
internal_weight=8510 5564 2946 1149 807 4415
internal_count=8510 5564 2946 1149 807 4415
is_linear=0
shrinkage=0.03


Tree=78
num_leaves=7
num_cat=0
split_feature=31 31 31 10 31 15
split_gain=27242 7766.17 7039.56 2094.24 1875.72 1561.74
threshold=0.15930550568987611 2.0114643151311804 -1.2628674695833793 1.0312192332873713 -2.4110196849497232 -0.36434377243669214
decision_type=2 2 2 2 2 2
left_child=2 3 4 -2 -1 -4
right_child=1 -3 5 -5 -6 -7
leaf_value=-0.20849341697522572 0.030168937439742124 0.1636137786976693 -0.047939339963732237 0.083077545465655239 -0.096207600757792708 -0.0071111191759247868
leaf_weight=165 2608 561 1567 909 823 1821
leaf_count=165 2608 561 1567 909 823 1821
internal_value=0.00514011 0.0608498 -0.0467962 0.0440404 -0.116861 -0.0260803
internal_weight=8454 4078 4376 3517 988 3388
internal_count=8454 4078 4376 3517 988 3388
is_linear=0
shrinkage=0.03


Tree=79
num_leaves=7
num_cat=0
split_feature=31 31 1 1 15 30
split_gain=29620.1 9421.93 5546.84 3319.4 2530.76 1516.49
threshold=0.66907997211363901 -0.65630196378153227 823.3784385102457 -462.3252624652672 0.44916166163169235 0.88715159719506509
decision_type=2 2 2 2 2 2
left_child=1 3 4 -1 -2 -3
right_child=2 5 -4 -5 -6 -7
leaf_value=-0.16494494761471395 0.013892942789701086 -0.013278051749661511 0.21752373684257267 -0.068309120516802949 0.084806831574959982 0.055548127372557578
leaf_weight=395 593 3270 240 1715 1970 306
leaf_count=395 593 3270 240 1715 1970 306
internal_value=0.00235806 -0.0369794 0.0820035 -0.0870924 0.0685173 -0.00725008
internal_weight=8489 5686 2803 2110 2563 3576
internal_count=8489 5686 2803 2110 2563 3576
is_linear=0
shrinkage=0.03


Tree=80
num_leaves=7
num_cat=0
split_feature=31 31 31 31 8 7
split_gain=27154.3 8000.95 7542.83 3797.05 2381.86 1882.2
threshold=0.3104712682130697 -0.65630196378153227 1.9327252490140101 -2.4110196849497232 -0.3216287658058416 2.4283638559134997
decision_type=2 2 2 2 2 2
left_child=1 3 -2 -1 -3 -4
right_child=2 4 5 -5 -6 -7
leaf_value=-0.22089070236186184 0.042337526581756615 0.036067796905876186 0.11916615209542214 -0.075478527471478582 -0.027648876250870681 0.23884467922717978
leaf_weight=170 3024 722 490 2006 1888 174
leaf_count=170 3024 722 490 2006 1888 174
internal_value=0.00164799 -0.0454547 0.0627319 -0.0877974 -0.00995265 0.153606
internal_weight=8474 4786 3688 2176 2610 664
internal_count=8474 4786 3688 2176 2610 664
is_linear=0
shrinkage=0.03


Tree=81
num_leaves=7
num_cat=0
split_feature=31 31 31 15 15 31
split_gain=26113.6 7747.28 5726.76 2429.87 1795.36 1670.32
threshold=0.56990314805314468 -1.3744249818097953 2.0114643151311804 -0.20398743116967652 0.44916166163169235 -2.5538904661191926
decision_type=2 2 2 2 2 2
left_child=1 5 4 -3 -2 -1
right_child=2 3 -4 -5 -6 -7
leaf_value=-0.21364575911788333 0.011174469025922954 -0.045017804822835732 0.15527521925345439 -0.0010470755641333789 0.067687849668655001 -0.098876393219412301
leaf_weight=139 728 2210 583 2307 1683 756
leaf_count=139 728 2210 583 2307 1683 756
internal_value=0.00059201 -0.0387197 0.0715448 -0.0226122 0.0507403 -0.118865
internal_weight=8406 5412 2994 4517 2411 895
internal_count=8406 5412 2994 4517 2411 895
is_linear=0
shrinkage=0.03


Tree=82
num_leaves=7
num_cat=0
split_feature=31 1 7 30 22 1
split_gain=22990.8 7195.71 5274.82 2087.56 2404.9 2010.51
threshold=0.66907997211363901 -284.91001132841126 2.2606813497320686 -1.5660275520831231 -0.20546647861060044 34.7667902816221
decision_type=2 2 2 2 2 2
left_child=1 3 -2 -1 -5 -3
right_child=2 5 -4 4 -6 -7
leaf_value=-0.16446763384904742 0.058698961998215698 -0.035295244524639412 0.20814171500012596 0.0038212556790676896 -0.10966396783254137 0.0043385233893258757
leaf_weight=337 2498 2551 225 246 516 2090
leaf_count=337 2498 2551 225 246 516 2090
internal_value=0.00012685 -0.0339227 0.0717637 -0.102593 -0.0734521 -0.0174759
internal_weight=8463 5740 2723 1099 762 4641
internal_count=8463 5740 2723 1099 762 4641
is_linear=0
shrinkage=0.03


Tree=83
num_leaves=7
num_cat=0
split_feature=15 30 31 31 32 31
split_gain=23569.1 7884.26 6921.79 2472.42 2282.8 1944.67
threshold=0.32607355047383313 -0.96239734615806194 2.0114643151311804 -2.4110196849497232 -0.035549229908394264 2.9769761283130731
decision_type=2 2 2 2 2 2
left_child=1 3 4 -1 -2 -4
right_child=2 -3 5 -5 -6 -7
leaf_value=-0.21260115019299766 -0.0081370358927503762 -0.016851340317059139 0.12011317489174721 -0.085838055611102831 0.056102367169865289 0.25432888677305188
leaf_weight=155 631 3605 450 1180 2309 135
leaf_count=155 631 3605 450 1180 2309 135
internal_value=0.00222669 -0.0400291 0.0613905 -0.102027 0.0423341 0.15484
internal_weight=8465 4940 3525 1335 2940 585
internal_count=8465 4940 3525 1335 2940 585
is_linear=0
shrinkage=0.03


Tree=84
num_leaves=7
num_cat=0
split_feature=31 1 31 31 24 6
split_gain=22339.2 6396.58 5931.66 2711.16 1787.88 1510.18
threshold=0.48742605338428396 -462.3252624652672 2.0114643151311804 -0.2534724643379303 -0.33996816118938239 2.1223977816328072
decision_type=2 2 2 2 2 2
left_child=1 -1 4 -3 -2 -4
right_child=2 3 5 -5 -6 -7
leaf_value=-0.1523571640364377 -0.0049830955523569847 -0.049025337153146033 0.094779085761141538 -0.0034910390455590843 0.054041311976709937 0.19465686408396585
leaf_weight=405 591 2726 321 2068 2078 288
leaf_count=405 591 2726 321 2068 2078 288
internal_value=-0.000635429 -0.0392812 0.0605909 -0.0294312 0.0410016 0.144394
internal_weight=8477 5199 3278 4794 2669 609
internal_count=8477 5199 3278 4794 2669 609
is_linear=0
shrinkage=0.03


Tree=85
num_leaves=7
num_cat=0
split_feature=31 31 31 1 22 15
split_gain=22034.1 6974.44 4609.44 2756.15 2177.71 2096.58
threshold=-0.035912144760886097 2.0910178006425384 -2.4110196849497232 -80.882252098443118 -0.30116883746403783 0.23553199281085999
decision_type=2 2 2 2 2 2
left_child=2 5 -1 4 -4 -2
right_child=1 -3 3 -5 -6 -7
leaf_value=-0.19990674926268479 -0.00096560197460751423 0.14509704465593545 -0.015672070274683789 -0.0128912549813824 -0.083931202794307241 0.044847294087103515
leaf_weight=176 1327 528 568 1387 1672 2775
leaf_count=176 1327 528 568 1387 1672 2775
internal_value=-0.00044434 0.0434636 -0.0538742 -0.0462579 -0.0667692 0.0300605
internal_weight=8433 4630 3803 3627 2240 4102
internal_count=8433 4630 3803 3627 2240 4102
is_linear=0
shrinkage=0.03


Tree=86
num_leaves=7
num_cat=0
split_feature=1 30 31 1 15 31
split_gain=23004.9 7131.15 6317.25 2232.02 2043.64 1859.64
threshold=239.19743072273255 -1.2157898240431073 2.0114643151311804 -105.19570456729956 0.38651676278282165 2.8181725707147933
decision_type=2 2 2 2 2 2
left_child=1 -1 4 -3 -2 -4
right_child=2 3 5 -5 -6 -7
leaf_value=-0.11118204791215613 0.005189963872170752 -0.049767680192763723 0.11549599974026493 -0.0061218261005555373 0.065236297744045602 0.23777321899034937
leaf_weight=947 775 1602 413 3059 1493 173
leaf_count=947 775 1602 413 3059 1493 173
internal_value=-0.00128931 -0.0365637 0.0679091 -0.0211975 0.0448307 0.154979
internal_weight=8462 5608 2854 4661 2268 586
internal_count=8462 5608 2854 4661 2268 586
is_linear=0
shrinkage=0.03


Tree=87
num_leaves=7
num_cat=0
split_feature=1 1 31 30 31 18
split_gain=21730 8515.15 3905.23 3662.57 1900.63 1843.28
threshold=400.89422768781509 -293.57354221415045 2.8181725707147933 -0.2483838068394012 -2.4110196849497232 0.70335294555164463
decision_type=2 2 2 2 2 2
left_child=1 4 -2 -3 -1 -5
right_child=2 3 -4 5 -6 -7
leaf_value=-0.19753814740332565 0.078775824359135674 -0.042625984220684386 0.23350792057856826 0.00047983685603716035 -0.085349913272266056 0.07736294748801556
leaf_weight=163 1515 2119 157 3272 869 297
leaf_count=163 1515 2119 157 3272 869 297
internal_value=-0.00184399 -0.0259468 0.094607 -0.0114822 -0.104795 0.00707607
internal_weight=8392 6720 1672 5688 1032 3569
internal_count=8392 6720 1672 5688 1032 3569
is_linear=0
shrinkage=0.03


Tree=88
num_leaves=7
num_cat=0
split_feature=15 1 1 1 30 37
split_gain=21192.8 5466.04 5449.04 2698.17 2032.46 1589.76
threshold=0.32607355047383313 -271.49378283378877 367.52818267441222 823.3784385102457 -1.5660275520831231 -0.046567938608311224
decision_type=2 2 2 2 2 2
left_child=1 4 -2 -4 -1 -3
right_child=2 5 3 -5 -6 -7
leaf_value=-0.1550677276990278 0.024634333365136346 -0.045583039833326081 0.081976393068651981 0.19244612206366596 -0.06690881727341097 -0.005755707759121249
leaf_weight=359 1968 1457 1328 235 740 2351
leaf_count=359 1968 1457 1328 235 740 2351
internal_value=0.00209508 -0.0382065 0.0580515 0.0997036 -0.0968455 -0.0210737
internal_weight=8438 4907 3531 1563 1099 3808
internal_count=8438 4907 3531 1563 1099 3808
is_linear=0
shrinkage=0.03


Tree=89
num_leaves=7
num_cat=0
split_feature=27 15 7 24 29 27
split_gain=18570.9 5757.54 4867.61 2081.47 1608.31 1547
threshold=0.60216273870406589 -0.64616589719287576 2.4283638559134997 -0.27855297674068891 -0.10841324183829956 -1.4659172695607436
decision_type=2 2 2 2 2 2
left_child=1 5 3 -2 -3 -1
right_child=2 4 -4 -5 -6 -7
leaf_value=-0.11059498162134923 0.010660274877510171 -0.028914604632823492 0.22226970023657444 0.071355494572314396 0.010790982329261997 -0.052031807321192634
leaf_weight=603 695 1650 159 1926 2046 1329
leaf_count=603 695 1650 159 1926 2046 1329
internal_value=0.00236945 -0.0289601 0.0656714 0.0553629 -0.00696492 -0.0707854
internal_weight=8408 5628 2780 2621 3696 1932
internal_count=8408 5628 2780 2621 3696 1932
is_linear=0
shrinkage=0.03


Tree=90
num_leaves=7
num_cat=0
split_feature=31 31 27 9 31 22
split_gain=19421.8 8212.55 3390.02 2393.5 2138.31 2012.14
threshold=-0.2534724643379303 1.9327252490140101 -2.1882339342266142 0.56724807357982299 2.9769761283130731 -0.21388293137660588
decision_type=2 2 2 2 2 2
left_child=2 3 -1 -2 -3 -4
right_child=1 4 5 -5 -6 -7
leaf_value=-0.17186628864374029 0.0086148301679446534 0.10591161296417602 -0.010538826181064741 0.053436416018939843 0.24064971127510068 -0.063285029196708142
leaf_weight=199 2959 509 966 1676 140 2015
leaf_count=199 2959 509 966 1676 140 2015
internal_value=0.00382094 0.0390512 -0.0546577 0.0249023 0.138188 -0.0462849
internal_weight=8464 5284 3180 4635 649 2981
internal_count=8464 5284 3180 4635 649 2981
is_linear=0
shrinkage=0.03


Tree=91
num_leaves=7
num_cat=0
split_feature=31 31 31 34 42 4
split_gain=19307.3 6670.01 5081.43 2261.55 1609.01 1526.24
threshold=0.48742605338428396 -1.489325372893014 2.9769761283130731 2.0642956468971456 1.0000000180025095e-35 -0.85695159952342703
decision_type=2 2 2 2 2 2
left_child=1 -1 3 4 -2 -3
right_child=2 5 -4 -5 -6 -7
leaf_value=-0.11738329617460387 0.030532703744741468 0.053221370586293171 0.23455691435235609 0.10509865331486416 0.12084992284636904 -0.025424729997652211
leaf_weight=753 2347 225 131 539 184 4289
leaf_count=753 2347 225 131 539 184 4289
internal_value=-2.06645e-05 -0.035315 0.0579826 0.0497109 0.0375484 -0.0213956
internal_weight=8468 5267 3201 3070 2531 4514
internal_count=8468 5267 3201 3070 2531 4514
is_linear=0
shrinkage=0.03


Tree=92
num_leaves=7
num_cat=0
split_feature=30 1 31 1 31 1
split_gain=17361.6 6329.68 4959.32 1360.35 1339.68 1324.98
threshold=0.094855638932108202 573.87692084080425 -1.2628674695833793 -47.715639511314741 -2.5538904661191926 239.19743072273255
decision_type=2 2 2 2 2 2
left_child=2 5 4 -4 -1 -2
right_child=1 -3 3 -5 -6 -7
leaf_value=-0.18999862560204098 0.007790407851137735 0.12093919336165974 -0.046074195578151761 -0.006545767390764139 -0.086010020747907076 0.044687389734369712
leaf_weight=130 1835 753 1449 1701 875 1675
leaf_count=130 1835 753 1449 1701 875 1675
internal_value=9.58025e-05 0.0425809 -0.0434912 -0.0248171 -0.101201 0.0254749
internal_weight=8418 4263 4155 3150 1005 3510
internal_count=8418 4263 4155 3150 1005 3510
is_linear=0
shrinkage=0.03


Tree=93
num_leaves=7
num_cat=0
split_feature=1 1 10 12 15 32
split_gain=19777 6984.89 4488.41 2265.39 1800.83 1568.61
threshold=257.7800808193852 -278.25211134122361 1.9293231933237291 -0.60643726272227438 -0.32079173282525036 -0.056545002832683995
decision_type=2 2 2 2 2 2
left_child=1 -1 4 -3 -2 -5
right_child=2 3 -4 5 -6 -7
leaf_value=-0.098396871040273282 -0.040178045553437777 -0.054143180347447896 0.16664322118737956 -0.033604693171935207 0.05984409333095711 0.0094425287744158808
leaf_weight=1082 168 987 352 1066 2205 2600
leaf_count=1082 168 987 352 1066 2205 2600
internal_value=0.00150933 -0.0301034 0.0679078 -0.0140456 0.052624 -0.00313211
internal_weight=8460 5735 2725 4653 2373 3666
internal_count=8460 5735 2725 4653 2373 3666
is_linear=0
shrinkage=0.03


Tree=94
num_leaves=7
num_cat=0
split_feature=27 1 10 15 24 1
split_gain=17010.5 6088.02 4416.8 3291.71 1760.4 1608.97
threshold=0.68816666488275302 -462.3252624652672 1.9293231933237291 -0.26725042701132179 -0.17296530673374783 246.69651066708744
decision_type=2 2 2 2 2 2
left_child=1 -1 4 -3 -2 -5
right_child=2 3 -4 5 -6 -7
leaf_value=-0.13814801094861812 0.013753262531446533 -0.042383632783569464 0.16002528393904786 -0.0079287533246821459 0.069597754546229018 0.045561554510642706
leaf_weight=398 805 2598 375 2241 1395 643
leaf_count=398 805 2598 375 2241 1395 643
internal_value=0.00184367 -0.0263153 0.0659975 -0.0179593 0.0493184 0.00411336
internal_weight=8455 5880 2575 5482 2200 2884
internal_count=8455 5880 2575 5482 2200 2884
is_linear=0
shrinkage=0.03


Tree=95
num_leaves=7
num_cat=0
split_feature=15 1 1 1 15 35
split_gain=16234 5241.44 4716.56 1993.33 1670.34 1584.96
threshold=0.38651676278282165 -271.49378283378877 823.3784385102457 235.20472619930652 -0.64616589719287576 0.091160229273441598
decision_type=2 2 2 2 2 2
left_child=1 -1 3 -2 5 -3
right_child=2 4 -4 -5 -6 -7
leaf_value=-0.089574629980005524 0.013269698633149266 -0.058609687772069562 0.18247138404966157 0.062390822012644995 -0.0031581323714284545 0.043464941835030912
leaf_weight=1108 1240 1042 226 1872 2774 150
leaf_count=1108 1240 1042 226 1872 2774 150
internal_value=0.00159466 -0.0321872 0.0528883 0.0429233 -0.0159696 -0.04551
internal_weight=8412 5074 3338 3112 3966 1192
internal_count=8412 5074 3338 3112 3966 1192
is_linear=0
shrinkage=0.03


Tree=96
num_leaves=7
num_cat=0
split_feature=1 12 31 31 32 24
split_gain=17458.4 7010.11 3268.6 2953.93 1930.12 1560.43
threshold=372.96551429919845 -0.61788627815249997 2.9769761283130731 -1.4367793223239558 -0.070569280036090629 -0.27409696229931718
decision_type=2 2 2 2 2 2
left_child=1 3 5 -1 -3 -2
right_child=2 4 -4 -5 -6 -7
leaf_value=-0.13219066752706998 0.01881679103192356 -0.037445617685889811 0.22392254932180924 -0.046706353970947877 0.0053362737079267848 0.0857053597188151
leaf_weight=562 422 1257 126 1053 3775 1296
leaf_count=562 422 1257 126 1053 3775 1296
internal_value=-0.000234584 -0.0229094 0.0811831 -0.0770843 -0.00540377 0.0694792
internal_weight=8491 6647 1844 1615 5032 1718
internal_count=8491 6647 1844 1615 5032 1718
is_linear=0
shrinkage=0.03


Tree=97
num_leaves=7
num_cat=0
split_feature=15 30 6 32 15 34
split_gain=17024 4965.17 4803.13 2061.78 1573.34 1509.04
threshold=0.38651676278282165 -1.6363784357905427 2.1736837306672201 -0.024728972362136295 -0.35104067860088439 2.2208433140547132
decision_type=2 2 2 2 2 2
left_child=1 -1 3 -2 -3 -5
right_child=2 4 -4 5 -6 -7
leaf_value=-0.12244564608357603 -0.00337492971336874 -0.039187027680306033 0.17137112934992416 0.048536335819495402 -0.0040868588282624626 0.12380941968317065
leaf_weight=474 634 2250 288 2147 2344 267
leaf_count=474 634 2250 288 2147 2344 267
internal_value=0.00361735 -0.0310057 0.0561516 0.0447399 -0.0213256 0.0573383
internal_weight=8404 5068 3336 3048 4594 2414
internal_count=8404 5068 3336 3048 4594 2414
is_linear=0
shrinkage=0.03


Tree=98
num_leaves=7
num_cat=0
split_feature=31 6 15 19 13 32
split_gain=15234.1 5282.43 3516.32 1775.06 1757.01 1407.88
threshold=-0.035912144760886097 1.6806536245817225 -1.4206227761253978 -0.40615952954589274 31.448657266566936 -0.067504558445503973
decision_type=2 2 2 2 8 2
left_child=2 5 -1 -4 -3 -2
right_child=1 4 3 -5 -6 -7
leaf_value=-0.10833903493515669 -0.020033853172014154 0.091706763952680598 0.028774196352890649 -0.03801462227277045 0.22092633353936117 0.032892615367115824
leaf_weight=599 512 504 404 2754 119 3521
leaf_count=599 512 504 404 2754 119 3521
internal_value=0.00263381 0.0388605 -0.0422454 -0.0294065 0.119489 0.0261405
internal_weight=8413 4656 3757 3158 623 4033
internal_count=8413 4656 3757 3158 623 4033
is_linear=0
shrinkage=0.03


Tree=99
num_leaves=7
num_cat=0
split_feature=1 1 27 1 23 24
split_gain=16627.8 5765.76 3189.29 2729.22 1488.04 1231.61
threshold=54.705938407302661 823.3784385102457 -1.493264420187794 372.96551429919845 -0.35650041697454932 -0.33262019451898772
decision_type=2 2 2 2 2 2
left_child=2 3 4 -2 -1 -5
right_child=1 -3 -4 5 -6 -7
leaf_value=-0.026249791167547248 0.014111863579864683 0.18613078423294013 -0.032215814946558514 0.010751851207894635 -0.1333691595145253 0.076893740954346881
leaf_weight=163 2730 222 3221 321 459 1260
leaf_count=163 2730 222 3221 321 459 1260
internal_value=0.0014169 0.0402956 -0.0444279 0.0323722 -0.106157 0.0636165
internal_weight=8376 4533 3843 4311 622 1581
internal_count=8376 4533 3843 4311 622 1581
is_linear=0
shrinkage=0.03


Tree=100
num_leaves=7
num_cat=0
split_feature=31 1 30 18 39 15
split_gain=15777.6 6832.74 2578.22 2525.04 2254.2 2100.43
threshold=-0.20364968314118975 761.27316799336734 -1.436950077805321 0.85507102516804612 4.816232960488728 -0.64616589719287576
decision_type=2 2 2 2 2 2
left_child=2 3 -1 4 -2 -6
right_child=1 -3 -4 -5 5 -7
leaf_value=-0.10209610558714563 0.055752895861333508 0.16652267667794349 -0.035271778630879297 0.099249258664052736 -0.082465582331811838 0.013473825616865739
leaf_weight=647 1152 325 2602 383 210 3093
leaf_count=647 1152 325 2602 383 210 3093
internal_value=0.00285381 0.0354227 -0.0488515 0.0262906 0.01981 0.00714363
internal_weight=8412 5163 3249 4838 4455 3303
internal_count=8412 5163 3249 4838 4455 3303
is_linear=0
shrinkage=0.03


Tree=101
num_leaves=7
num_cat=0
split_feature=1 1 1 21 8 19
split_gain=14914.6 6396.45 3085.87 1584.78 1534.37 1247.98
threshold=54.705938407302661 573.87692084080425 -462.3252624652672 -0.011591081436803463 0.87934410444988342 -0.21803923139535039
decision_type=2 2 2 2 2 2
left_child=2 4 -1 -4 5 -2
right_child=1 -3 3 -5 -6 -7
leaf_value=-0.12121755145097049 0.060493415349744908 0.11437740239531775 -0.018101801805702658 -0.060930695486503712 0.061152338498120032 0.0049583602476159895
leaf_weight=388 411 801 2294 1177 707 2716
leaf_count=388 411 801 2294 1177 707 2716
internal_value=0.00156569 0.037802 -0.0419426 -0.0327582 0.021548 0.0124272
internal_weight=8494 4635 3859 3471 3834 3127
internal_count=8494 4635 3859 3471 3834 3127
is_linear=0
shrinkage=0.03


Tree=102
num_leaves=7
num_cat=0
split_feature=31 30 31 31 34 39
split_gain=14416.9 4481.39 4064.25 1980.12 1920.34 1498.01
threshold=0.60772031880855737 -0.96239734615806194 2.9769761283130731 -2.5538904661191926 1.9710497933142712 1.0000000180025095e-35
decision_type=2 2 2 2 2 2
left_child=1 3 4 -1 5 -2
right_child=2 -3 -4 -5 -6 -7
leaf_value=-0.186472195733839 0.12617407559588248 -0.012866431306355286 0.20847383053935303 -0.063077307057871054 0.096617674499284475 0.026693669940290255
leaf_weight=124 137 4177 137 1215 534 2083
leaf_count=124 137 4177 137 1215 534 2083
internal_value=0.000177544 -0.0282535 0.0543341 -0.0758021 0.0459397 0.033371
internal_weight=8407 5516 2891 1339 2754 2220
internal_count=8407 5516 2891 1339 2754 2220
is_linear=0
shrinkage=0.03


Tree=103
num_leaves=7
num_cat=0
split_feature=1 1 31 1 42 21
split_gain=14369.2 4822.16 3150.75 2455.3 1772.43 1625.99
threshold=257.7800808193852 -462.3252624652672 2.8181725707147933 -44.279275030331284 1.0000000180025095e-35 -0.24443525299786281
decision_type=2 2 2 2 2 2
left_child=1 -1 4 5 -2 -3
right_child=2 3 -4 -5 -6 -7
leaf_value=-0.12605614884577404 0.03905207602346579 -0.0015750505402684211 0.1786814513609985 -0.00085000142432647746 0.12548844367203352 -0.05588970309279951
leaf_weight=406 2290 677 168 2852 229 1852
leaf_count=406 2290 677 168 2852 229 1852
internal_value=-0.000990563 -0.0276041 0.0562168 -0.0199557 0.0473751 -0.0414134
internal_weight=8474 5787 2687 5381 2519 2529
internal_count=8474 5787 2687 5381 2519 2529
is_linear=0
shrinkage=0.03


Tree=104
num_leaves=7
num_cat=0
split_feature=31 10 31 18 22 19
split_gain=13875.3 4626.85 3404.71 1814.71 1689.3 1903.75
threshold=0.09960648004369943 1.4835584276256164 -1.3993877821851253 0.68219238664546189 -0.30116883746403783 -0.36570528750970371
decision_type=2 2 2 2 2 2
left_child=2 -2 -1 -3 -4 -6
right_child=1 3 4 -5 5 -7
leaf_value=-0.092214558541178687 0.023055446814052003 0.048633571430707158 0.013319730906410166 0.14416273372134289 0.043517439406195117 -0.045490046780191654
leaf_weight=856 3556 325 777 433 231 2275
leaf_count=856 3556 325 777 433 231 2275
internal_value=-5.43746e-05 0.0375514 -0.0392461 0.10437 -0.0251972 -0.0371451
internal_weight=8453 4314 4139 758 3283 2506
internal_count=8453 4314 4139 758 3283 2506
is_linear=0
shrinkage=0.03


Tree=105
num_leaves=7
num_cat=0
split_feature=1 1 31 31 23 39
split_gain=12247.1 4727.89 2730.95 2523.57 1717.7 1591.59
threshold=385.03185341013938 -55.075415465188136 2.8181725707147933 -2.4110196849497232 -0.52762736528581045 4.9522934739897151
decision_type=2 2 2 2 2 2
left_child=1 3 4 -1 -2 -6
right_child=2 -3 -4 -5 5 -7
leaf_value=-0.16026785072003091 -0.027369747186088797 0.0014561474785488901 0.18068809849478429 -0.042031094131535218 0.1092502942235144 0.042633940982716827
leaf_weight=165 193 3897 167 2653 506 927
leaf_count=165 193 3897 167 2653 506 927
internal_value=-0.00135473 -0.0199683 0.0680793 -0.0494963 0.0554799 0.0667506
internal_weight=8508 6715 1793 2818 1626 1433
internal_count=8508 6715 1793 2818 1626 1433
is_linear=0
shrinkage=0.03


Tree=106
num_leaves=7
num_cat=0
split_feature=13 12 31 9 22 31
split_gain=12011.1 4367.95 3281.88 1999.47 2074.34 1586.99
threshold=10.069763721737095 -0.81016721204507658 2.9769761283130731 0.5773079132388742 -0.30116883746403783 -1.0503179018524118
decision_type=8 2 2 2 2 2
left_child=1 -1 -2 4 -3 -6
right_child=2 3 -4 -5 5 -7
leaf_value=-0.079917384808340985 0.043476934475805813 0.018715494902043862 0.19355753584844723 0.037974029644431695 -0.080141465116699812 -0.022904430876899144
leaf_weight=1093 2404 923 130 583 511 2783
leaf_count=1093 2404 923 130 583 511 2783
internal_value=-0.00258897 -0.0260706 0.051907 -0.0136685 -0.0208811 -0.0319993
internal_weight=8427 5893 2534 4800 4217 3294
internal_count=8427 5893 2534 4800 4217 3294
is_linear=0
shrinkage=0.03


Tree=107
num_leaves=7
num_cat=0
split_feature=1 30 30 1 34 1
split_gain=12809 5456.67 2313.79 1658.31 1492.37 1445.64
threshold=385.03185341013938 -0.96239734615806194 1.2327574409398061 -462.3252624652672 2.0984182318808169 823.3784385102457
decision_type=2 2 2 2 2 2
left_child=1 3 -2 -1 -3 -4
right_child=2 4 5 -5 -6 -7
leaf_value=-0.13181999922543325 0.037469706755538026 -0.0083165437402362759 0.083990632749843502 -0.05236567833804822 0.054295111032906386 0.17798983266907439
leaf_weight=308 888 4966 704 1046 358 196
leaf_count=308 888 4966 704 1046 358 196
internal_value=0.00137607 -0.0177362 0.07246 -0.0712734 -0.00401247 0.106193
internal_weight=8466 6678 1788 1354 5324 900
internal_count=8466 6678 1788 1354 5324 900
is_linear=0
shrinkage=0.03


Tree=108
num_leaves=7
num_cat=0
split_feature=1 30 7 1 18 25
split_gain=11410.7 5225.05 2240.48 1626.1 1573.24 1406.38
threshold=400.89422768781509 -0.37490061873555408 2.2606813497320686 -271.49378283378877 0.78026244949045065 -0.11947825931824792
decision_type=2 2 2 2 2 2
left_child=1 3 5 -1 -3 -2
right_child=2 4 -4 -5 -6 -7
leaf_value=-0.081418786001978841 -0.00084061957727516845 0.00051393289883128852 0.16019223972223698 -0.031717442186411447 0.082288364860048327 0.071984054456022101
leaf_weight=910 300 3871 214 1733 214 1153
leaf_count=910 300 3871 214 1733 214 1153
internal_value=0.0011396 -0.0162899 0.0711627 -0.0490723 0.00498832 0.057045
internal_weight=8395 6728 1667 2643 4085 1453
internal_count=8395 6728 1667 2643 4085 1453
is_linear=0
shrinkage=0.03


Tree=109
num_leaves=7
num_cat=0
split_feature=15 1 1 24 39 8
split_gain=12210.9 4977.26 2771.36 2091.58 1454.52 1295.47
threshold=-0.041207602226232924 385.03185341013938 -271.49378283378877 -0.26440483292024791 6.1169946617621926 1.0871160839880394
decision_type=2 2 2 2 2 2
left_child=2 -2 -1 -3 -5 -6
right_child=1 3 -4 4 5 -7
leaf_value=-0.079527946319701018 0.012098517201849051 0.02003440636471393 -0.021679037155505888 0.1161613885430072 -0.0069806487222700882 0.11694220479331478
leaf_weight=1025 3066 440 2708 899 201 111
leaf_count=1025 3066 440 2708 899 201 111
internal_value=0.0027498 0.0347997 -0.0377331 0.0766305 0.0968614 0.0393698
internal_weight=8450 4717 3733 1651 1211 312
internal_count=8450 4717 3733 1651 1211 312
is_linear=0
shrinkage=0.03


Tree=110
num_leaves=7
num_cat=0
split_feature=15 31 31 1 1 21
split_gain=9894.43 3546.01 3426.47 2136.87 1848.06 1835.81
threshold=0.44916166163169235 -2.4110196849497232 2.8181725707147933 -109.02561303408753 367.52818267441222 -0.24443525299786281
decision_type=2 2 2 2 2 2
left_child=1 -1 4 5 -2 -3
right_child=2 3 -4 -5 -6 -7
leaf_value=-0.15312567758405488 0.017252829214419989 0.0057577333260061484 0.17573734084850753 -0.00085508033152578505 0.064672841456402383 -0.058613098673834206
leaf_weight=167 1677 550 164 3096 1328 1424
leaf_count=167 1677 550 164 3096 1328 1424
internal_value=0.00423362 -0.021076 0.0459944 -0.0164336 0.0383542 -0.0407393
internal_weight=8406 5237 3169 5070 3005 1974
internal_count=8406 5237 3169 5070 3005 1974
is_linear=0
shrinkage=0.03


Tree=111
num_leaves=7
num_cat=0
split_feature=1 31 31 33 5 22
split_gain=10857.3 5002.3 2530.25 1844.83 1510.47 1394.39
threshold=34.7667902816221 2.0114643151311804 -2.5538904661191926 -1.0000000180025095e-35 1.0684770530985228 -0.21816717164941304
decision_type=2 2 2 2 2 2
left_child=2 3 -1 -2 -5 -4
right_child=1 -3 5 4 -6 -7
leaf_value=-0.16027098628878592 -0.0076149218241811653 0.10934441750299081 -0.0060497325184867782 0.026068874218570577 0.10918427906826965 -0.046764851360859824
leaf_weight=140 1626 601 1105 2418 206 2417
leaf_count=140 1626 601 1105 2418 206 2417
internal_value=-0.000358317 0.0290538 -0.0392931 0.0174697 0.0329837 -0.0340441
internal_weight=8513 4851 3662 4250 2624 3522
internal_count=8513 4851 3662 4250 2624 3522
is_linear=0
shrinkage=0.03


Tree=112
num_leaves=7
num_cat=0
split_feature=31 15 31 39 15 21
split_gain=11149.7 4277.91 2906.51 1792.24 1525.53 1202.07
threshold=-0.079583526732254842 1.8213376752993 -2.4110196849497232 4.7749040587885982 0.74381087513809419 -0.12805502086407233
decision_type=2 2 2 2 2 2
left_child=2 3 -1 -2 -5 -4
right_child=1 -3 5 4 -6 -7
leaf_value=-0.15624185770870214 0.051332928459951244 0.11019887157762603 -0.011967352080592962 -0.0094521490383362439 0.032853319033904163 -0.047993117589411931
leaf_weight=176 1120 508 1361 1927 1261 2176
leaf_count=176 1120 508 1361 1927 1261 2176
internal_value=-0.00138707 0.0287064 -0.0403925 0.0188638 0.00733201 -0.0342036
internal_weight=8529 4816 3713 4308 3188 3537
internal_count=8529 4816 3713 4308 3188 3537
is_linear=0
shrinkage=0.03


Tree=113
num_leaves=7
num_cat=0
split_feature=31 31 15 22 1 39
split_gain=8901.01 3798.6 2064.86 1358.32 1347.99 1061.08
threshold=-0.21727814488232647 2.1254277190075368 -1.4206227761253978 -0.19114670729757041 -47.715639511314741 4.9732735209982879
decision_type=2 2 2 2 2 2
left_child=2 5 -1 -4 -5 -2
right_child=1 -3 3 4 -6 -7
leaf_value=-0.089603715211532958 0.037450899890652534 0.10395020370435269 0.0023810704066848029 -0.058747341556692444 3.1320136876738803e-05 0.006325799006658946
leaf_weight=593 1393 473 889 1298 480 3333
leaf_count=593 1393 473 889 1298 480 3333
internal_value=-0.00056889 0.0237855 -0.0393629 -0.027899 -0.0429677 0.0155597
internal_weight=8459 5199 3260 2667 1778 4726
internal_count=8459 5199 3260 2667 1778 4726
is_linear=0
shrinkage=0.03


Tree=114
num_leaves=7
num_cat=0
split_feature=30 12 1 1 31 3
split_gain=11645.3 5344.89 2923.16 2054.57 1665.45 1551.11
threshold=0.88715159719506509 -0.81016721204507658 823.3784385102457 -44.279275030331284 -1.4367793223239558 -0.52284488559623787
decision_type=2 2 2 2 2 2
left_child=1 4 -2 -3 -1 -5
right_child=2 3 -4 5 -6 -7
leaf_value=-0.11839355268658486 0.051832486828789111 -0.029115138091381818 0.16719515337551064 0.072648071462071084 -0.044263604283554234 0.0028926427389818375
leaf_weight=479 1794 1959 216 307 663 3032
leaf_count=479 1794 1959 216 307 663 3032
internal_value=0.00214057 -0.0175477 0.064996 -0.00480385 -0.0761145 0.00950399
internal_weight=8450 6440 2010 5298 1142 3339
internal_count=8450 6440 2010 5298 1142 3339
is_linear=0
shrinkage=0.03


Tree=115
num_leaves=7
num_cat=0
split_feature=30 1 1 22 12 21
split_gain=9753.15 4001.81 2961.51 1634.89 1551.37 1282.28
threshold=0.082194263555786976 573.87692084080425 -462.3252624652672 -0.12113625505092904 -0.95830739982288027 0.0037136108194959212
decision_type=2 2 2 2 2 2
left_child=2 -2 -1 -3 -4 -6
right_child=1 3 4 -5 5 -7
leaf_value=-0.10683571901680394 0.022004197983724546 0.037113771297707897 -0.062302619464253847 0.12936653085687372 -0.001436899954189787 -0.048351568559597352
leaf_weight=386 3548 279 648 495 2441 658
leaf_count=386 3548 279 648 495 2441 658
internal_value=0.00416115 0.0356295 -0.0287528 0.0970102 -0.0204461 -0.0115216
internal_weight=8455 4322 4133 774 3747 3099
internal_count=8455 4322 4133 774 3747 3099
is_linear=0
shrinkage=0.03


Tree=116
num_leaves=7
num_cat=0
split_feature=15 12 6 39 27 11
split_gain=10482.4 3510.82 2542.22 1563.12 1449.15 1360.88
threshold=0.38651676278282165 -0.61788627815249997 1.8587610470429092 6.0390628155997765 -2.1882339342266142 1.6694962394457156
decision_type=2 2 2 2 2 2
left_child=1 4 3 -2 -1 -4
right_child=2 -3 5 -5 -6 -7
leaf_value=-0.14309775513535375 0.044963634764124016 -0.012600491301449331 0.045088602589294972 -0.00054944974593615175 -0.054998008888582951 0.1503080170636531
leaf_weight=187 1788 3456 216 1091 1451 246
leaf_count=187 1788 3456 216 1091 1451 246
internal_value=-0.00275987 -0.0298228 0.0384687 0.0277742 -0.0658631 0.103112
internal_weight=8435 5094 3341 2879 1638 462
internal_count=8435 5094 3341 2879 1638 462
is_linear=0
shrinkage=0.03


Tree=117
num_leaves=7
num_cat=0
split_feature=1 12 31 24 32 32
split_gain=9472.81 3955.06 3029.34 1625.58 1615.13 1217.53
threshold=400.89422768781509 -0.61788627815249997 2.9769761283130731 -0.41849529028017823 -0.035549229908394264 -0.1845780399563233
decision_type=2 2 2 2 2 2
left_child=1 5 3 -2 -3 -1
right_child=2 4 -4 -5 -6 -7
leaf_value=-0.12260361546079318 -0.02037505051331772 -0.026299107329923761 0.19660301350532694 0.063468796882016607 0.0087339100701610255 -0.04636019514031281
leaf_weight=215 242 1815 131 1314 3365 1403
leaf_count=215 242 1815 131 1314 3365 1403
internal_value=-0.000587698 -0.0163942 0.062828 0.050382 -0.00356819 -0.0571823
internal_weight=8485 6798 1687 1556 5180 1618
internal_count=8485 6798 1687 1556 5180 1618
is_linear=0
shrinkage=0.03


Tree=118
num_leaves=7
num_cat=0
split_feature=13 31 15 23 15 34
split_gain=9954.92 3834.67 2735.92 1966.99 1789.66 1525.89
threshold=10.069763721737095 -2.4110196849497232 1.8213376752993 -0.42757691027195438 -0.35104067860088439 2.2208433140547132
decision_type=8 2 2 2 2 2
left_child=1 -1 3 -2 -3 -5
right_child=2 4 -4 5 -6 -7
leaf_value=-0.15964812836863776 -0.029714628496510874 -0.036256003656470651 0.11423814090366269 0.036025916124812103 -0.0025155361892492466 0.11956187237392772
leaf_weight=166 352 2521 468 1481 3212 221
leaf_count=166 352 2521 468 1481 3212 221
internal_value=-0.00033027 -0.0216563 0.0494402 0.0341942 -0.0173897 0.0475078
internal_weight=8421 5899 2522 2054 5733 1702
internal_count=8421 5899 2522 2054 5733 1702
is_linear=0
shrinkage=0.03


Tree=119
num_leaves=7
num_cat=0
split_feature=1 31 1 37 19 9
split_gain=8933.16 3413.89 2392.57 1365.59 1186.49 2347.96
threshold=54.705938407302661 2.9769761283130731 -462.3252624652672 -0.063059276079817372 -0.21803923139535039 -0.30674890533725696
decision_type=2 2 2 2 2 2
left_child=2 3 -1 -2 -5 -6
right_child=1 -3 -4 4 5 -7
leaf_value=-0.10072977727336449 -0.014600301526391893 0.17194113423366997 -0.024941318714008884 0.084326165695253863 -0.056966440517168773 0.032926573745629115
leaf_weight=413 696 135 3441 333 276 3157
leaf_count=413 696 135 3441 333 276 3157
internal_value=0.000337123 0.0285508 -0.0333026 0.0238377 0.0309613 0.0255551
internal_weight=8451 4597 3854 4462 3766 3433
internal_count=8451 4597 3854 4462 3766 3433
is_linear=0
shrinkage=0.03


Tree=120
num_leaves=7
num_cat=0
split_feature=15 31 1 4 12 23
split_gain=8450.9 3178.52 2702.78 1699.08 1529.95 1484.03
threshold=0.38651676278282165 -1.3744249818097953 845.79450760693578 -0.72603602826336588 -0.62911154842914552 -0.36866055929825242
decision_type=2 2 2 2 2 2
left_child=1 5 -2 -3 -5 -1
right_child=2 3 -4 4 -6 -7
leaf_value=-0.010340531338006258 0.028384428685787926 0.051146213324466096 0.14604590059800901 -0.05802813770569664 -0.0114076225262846 -0.10128726404692445
leaf_weight=218 3162 309 177 787 3127 641
leaf_count=218 3162 309 177 787 3127 641
internal_value=-0.00197701 -0.0263186 0.0350391 -0.0155253 -0.0209057 -0.0785911
internal_weight=8421 5082 3339 4223 3914 859
internal_count=8421 5082 3339 4223 3914 859
is_linear=0
shrinkage=0.03


Tree=121
num_leaves=7
num_cat=0
split_feature=29 31 31 21 9 13
split_gain=7252.28 3093.34 2260.87 2014.03 1392.43 1582.35
threshold=-0.12771663772591471 2.0114643151311804 -2.4110196849497232 -0.24443525299786281 -0.18996199376960773 1.303621188200796
decision_type=2 2 2 2 2 8
left_child=2 -2 -1 -4 5 -5
right_child=1 -3 3 4 -6 -7
leaf_value=-0.13091464854662233 0.01620158172827214 0.088818213668111046 0.010682719541167549 -0.047229993666299604 -0.10175718747104544 0.013357207467091608
leaf_weight=185 4415 591 969 1492 286 518
leaf_count=185 4415 591 969 1492 286 518
internal_value=0.0018893 0.0249346 -0.0315251 -0.025511 -0.0407662 -0.0316272
internal_weight=8456 5006 3450 3265 2296 2010
internal_count=8456 5006 3450 3265 2296 2010
is_linear=0
shrinkage=0.03


Tree=122
num_leaves=7
num_cat=0
split_feature=29 1 12 22 39 38
split_gain=7077.75 3590.14 1947.96 2659.83 1840.47 1713.52
threshold=-0.12771663772591471 573.87692084080425 -0.81016721204507658 -0.25333733282176096 4.9163179057820896 4.5485858369352732
decision_type=2 2 2 2 2 2
left_child=2 4 -1 -4 -2 -6
right_child=1 -3 3 -5 5 -7
leaf_value=-0.067695560889294945 0.042113415153108763 0.08001106264438422 0.037850131455956358 -0.037386275641870054 -0.058447320186030521 0.0068844893225520317
leaf_weight=1093 1174 778 552 1709 407 2696
leaf_count=1093 1174 778 552 1709 407 2696
internal_value=-0.00124665 0.0211585 -0.0349772 -0.0189323 0.0102914 -0.00184488
internal_weight=8409 5055 3354 2261 4277 3103
internal_count=8409 5055 3354 2261 4277 3103
is_linear=0
shrinkage=0.03


Tree=123
num_leaves=7
num_cat=0
split_feature=1 1 29 22 33 21
split_gain=8237.42 4622.08 2114.57 1647.25 1558.77 1457.03
threshold=-55.075415465188136 823.3784385102457 -1.5122311015314833 -0.2298473069445183 -0.21221957232486424 -0.052156547244064426
decision_type=2 2 2 2 2 2
left_child=2 4 -1 -4 -2 -3
right_child=1 5 3 -5 -6 -7
leaf_value=-0.11124494756434518 -0.077042915585988803 0.054474392084253795 0.0053148560191827463 -0.047947378877475924 0.01780202291303289 0.21033136689375775
leaf_weight=339 151 101 743 1737 5233 134
leaf_count=339 151 101 743 1737 5233 134
internal_value=-0.00015625 0.0208326 -0.0419182 -0.0320329 0.0150041 0.148304
internal_weight=8438 5619 2819 2480 5384 235
internal_count=8438 5619 2819 2480 5384 235
is_linear=0
shrinkage=0.03


Tree=124
num_leaves=7
num_cat=0
split_feature=1 1 31 38 24 31
split_gain=7388.85 3097.63 2288.48 1614.74 1162.79 1514.22
threshold=239.19743072273255 -462.3252624652672 2.8181725707147933 2.249904835165133 -0.29245954194163076 0.2456037102397525
decision_type=2 2 2 2 2 2
left_child=1 -1 3 -2 -5 -6
right_child=2 -3 -4 4 5 -7
leaf_value=-0.10075217823120387 0.10544162322500435 -0.014726373017685465 0.14235733044796814 -0.010943985205673407 -0.067732370436191555 0.043013818858622876
leaf_weight=397 231 5163 169 637 110 1708
leaf_count=397 231 5163 169 637 110 1708
internal_value=-0.000902454 -0.0210387 0.0382487 0.0311946 0.023809 0.0359791
internal_weight=8415 5560 2855 2686 2455 1818
internal_count=8415 5560 2855 2686 2455 1818
is_linear=0
shrinkage=0.03


Tree=125
num_leaves=7
num_cat=0
split_feature=13 31 31 24 32 22
split_gain=6496.29 3187.61 2393.38 1977.18 1750.74 1817.87
threshold=9.9465881021851867 -2.5538904661191926 2.8181725707147933 -0.27855297674068891 -0.037072924093942972 -0.25333733282176096
decision_type=8 2 2 2 2 2
left_child=1 -1 3 -2 5 -3
right_child=2 4 -4 -5 -6 -7
leaf_value=-0.15649240329134256 -0.0095683236335252601 0.012272611438076087 0.15240855704796941 0.051912177157458224 0.004224221738728909 -0.045393987890611429
leaf_weight=127 635 678 161 1780 3296 1749
leaf_count=127 635 678 161 1780 3296 1749
internal_value=0.00402257 -0.0134605 0.0436246 0.0357737 -0.010019 -0.0293002
internal_weight=8426 5850 2576 2415 5723 2427
internal_count=8426 5850 2576 2415 5723 2427
is_linear=0
shrinkage=0.03


Tree=126
num_leaves=7
num_cat=0
split_feature=15 1 15 4 30 20
split_gain=8882.84 4494.84 1735.84 1368.29 1148.89 1081.69
threshold=-0.35104067860088439 431.9817901543999 -1.6586962420114981 -0.74285968949530445 1.2327574409398061 -0.43379625655856741
decision_type=2 2 2 2 2 2
left_child=2 -2 -1 5 -3 -4
right_child=1 4 3 -5 -6 -7
leaf_value=-0.10011922034365069 0.006912791363530367 0.036647895815053191 -0.034959802201457231 -0.042804338279528023 0.092244080485928401 0.06609720647146089
leaf_weight=403 4274 607 168 2001 797 197
leaf_count=403 4274 607 168 2001 797 197
internal_value=0.000791964 0.0222692 -0.04317 -0.0330893 0.068637 0.0198914
internal_weight=8447 5678 2769 2366 1404 365
internal_count=8447 5678 2769 2366 1404 365
is_linear=0
shrinkage=0.03


Tree=127
num_leaves=7
num_cat=0
split_feature=1 1 1 32 24 15
split_gain=7560.16 2623.92 1495.98 1131.88 972.938 957.929
threshold=58.233890555184423 823.3784385102457 -462.3252624652672 -0.035549229908394264 -0.36658026975112828 -0.35104067860088439
decision_type=2 2 2 2 2 2
left_child=2 3 -1 -2 5 -4
right_child=1 -3 4 -5 -6 -7
leaf_value=-0.084561293658266951 -0.0072877361291576711 0.1211833001308547 -0.023683772942294245 0.029155420481620155 -0.032032872239979922 0.044682793119200717
leaf_weight=402 987 239 404 3378 2755 323
leaf_count=402 987 239 404 3378 2755 323
internal_value=0.000394384 0.0263735 -0.0303893 0.0209172 -0.0239108 0.00688506
internal_weight=8488 4604 3884 4365 3482 727
internal_count=8488 4604 3884 4365 3482 727
is_linear=0
shrinkage=0.03


Tree=128
num_leaves=7
num_cat=0
split_feature=15 15 31 39 34 35
split_gain=6833.78 2872.98 2697.9 1247.3 1229.51 1231.82
threshold=0.38651676278282165 -1.4504639578870098 2.327253247673386 5.3254430739639957 2.2208433140547132 -0.063489105415079669
decision_type=2 2 2 2 2 2
left_child=1 -1 4 -4 5 -2
right_child=2 -3 3 -5 -6 -7
leaf_value=-0.085082856635813248 0.059250367832827222 -0.013893574741737601 0.16226117980250945 0.048973174348512553 0.075933495189136502 0.0065267915087853746
leaf_weight=567 481 4470 185 181 346 2142
leaf_count=567 481 4470 185 181 346 2142
internal_value=-2.04374e-05 -0.0220598 0.0332331 0.109029 0.0235549 0.0163834
internal_weight=8372 5037 3335 366 2969 2623
internal_count=8372 5037 3335 366 2969 2623
is_linear=0
shrinkage=0.03


Tree=129
num_leaves=7
num_cat=0
split_feature=15 1 31 36 24 22
split_gain=6033.44 3098.5 2243.82 1386.74 1561.9 1146.96
threshold=0.28517488255684603 823.3784385102457 -2.4110196849497232 -0.0040157303247984558 -0.24457702614139168 -0.038536883759987102
decision_type=2 2 2 2 2 2
left_child=2 -2 -1 4 -4 -3
right_child=1 5 3 -5 -6 -7
leaf_value=-0.12557113451967861 0.023105306587645223 0.052939213728211046 0.0042145546530395154 -0.0043064697649140213 -0.058340141354400937 0.19067415259352752
leaf_weight=166 3452 106 525 3039 1119 130
leaf_count=166 3452 106 525 3039 1119 130
internal_value=0.0016361 0.03051 -0.0203421 -0.0163524 -0.038459 0.133477
internal_weight=8537 3688 4849 4683 1644 236
internal_count=8537 3688 4849 4683 1644 236
is_linear=0
shrinkage=0.03


Tree=130
num_leaves=7
num_cat=0
split_feature=1 1 37 23 30 39
split_gain=5818.56 2821.09 1798.46 1348.65 1184.69 1118.69
threshold=431.9817901543999 -271.49378283378877 -0.037721982719299017 -0.36866055929825242 2.6233393576225184 4.9938224302714262
decision_type=2 2 2 2 2 2
left_child=1 3 -3 -1 5 -2
right_child=4 2 -4 -5 -6 -7
leaf_value=0.0060891799645540409 0.082754127696218843 -0.025073770864702954 0.0096541527201314242 -0.071889847467208084 0.14212812739749286 0.025271784086947149
leaf_weight=256 468 2072 3767 873 119 880
leaf_count=256 468 2072 3767 873 119 880
internal_value=0.000329665 -0.0111205 -0.00269103 -0.0543099 0.0544231 0.045691
internal_weight=8435 6968 5839 1129 1467 1348
internal_count=8435 6968 5839 1129 1467 1348
is_linear=0
shrinkage=0.03


Tree=131
num_leaves=7
num_cat=0
split_feature=9 1 7 24 1 17
split_gain=5970.15 2732.38 2169.44 1906.76 1452.78 1026.04
threshold=0.5773079132388742 -462.3252624652672 2.4283638559134997 -0.27855297674068891 573.87692084080425 0.46704554744704041
decision_type=2 2 2 2 2 2
left_child=1 -1 3 5 -3 -2
right_child=2 4 -4 -5 -6 -7
leaf_value=-0.090416741580257767 0.049040389237548575 -0.011650240281502926 0.14411974795093493 0.050946867924331972 0.079517395446352931 -0.037787328334039701
leaf_weight=388 163 5547 165 1553 152 412
leaf_count=388 163 5547 165 1553 152 412
internal_value=0.00113757 -0.0144078 0.0422877 0.0337548 -0.00908365 -0.012756
internal_weight=8380 6087 2293 2128 5699 575
internal_count=8380 6087 2293 2128 5699 575
is_linear=0
shrinkage=0.03


Tree=132
num_leaves=7
num_cat=0
split_feature=15 31 13 24 31 24
split_gain=6318.68 2996.9 2022.42 1209.66 1383.92 1190.02
threshold=0.44916166163169235 -2.4110196849497232 28.887179450510924 -0.27855297674068891 0.70612358180467572 0.0036943100130318678
decision_type=2 2 8 2 2 2
left_child=1 -1 3 -2 -5 -3
right_child=2 5 -4 4 -6 -7
leaf_value=-0.14226534443554179 -0.0041176040986600129 -0.0075989661778836362 0.11631154467922546 0.0053280168232744006 0.056757676153573272 -0.041735114854133122
leaf_weight=164 817 3944 238 724 1349 1191
leaf_count=164 817 3944 238 724 1349 1191
internal_value=0.000184911 -0.0197635 0.0339339 0.0267721 0.0389076 -0.0155822
internal_weight=8427 5299 3128 2890 2073 5135
internal_count=8427 5299 3128 2890 2073 5135
is_linear=0
shrinkage=0.03


Tree=133
num_leaves=7
num_cat=0
split_feature=1 1 23 30 39 23
split_gain=5984.71 3135.59 1621.18 1458.54 1312.43 1279.77
threshold=-109.02561303408753 573.87692084080425 -0.35650041697454932 -1.6363784357905427 5.7945356795747589 0.017483244548430681
decision_type=2 2 2 2 2 2
left_child=2 -2 -1 5 -3 -4
right_child=1 4 3 -5 -6 -7
leaf_value=0.005091296466575428 0.0067305971809975646 0.10171031192627659 -0.15967208621217244 -0.042416740925840267 0.021126247229985892 -0.028129970847796171
leaf_weight=518 5320 473 191 1495 302 107
leaf_count=518 5320 473 191 1495 302 107
internal_value=-0.000587302 0.0150027 -0.0415917 -0.0550319 0.0709777 -0.114887
internal_weight=8406 6095 2311 1793 775 298
internal_count=8406 6095 2311 1793 775 298
is_linear=0
shrinkage=0.03


Tree=134
num_leaves=7
num_cat=0
split_feature=31 1 32 22 27 22
split_gain=5445.98 2731.5 1485.64 1442.54 1322.62 1024.22
threshold=-0.18808419060240841 823.3784385102457 -0.1262971716442475 -0.18842880371060905 -0.81908476765774352 -0.021279637747367786
decision_type=2 2 2 2 2 2
left_child=2 -2 4 -4 -1 -3
right_child=1 5 3 -5 -6 -7
leaf_value=-0.085366997664316865 0.015091378794819574 0.04217183585744351 0.01157703544138741 -0.035167599436759088 0.0019148142625521952 0.17319059490029068
leaf_weight=622 4890 102 947 1567 207 127
leaf_count=622 4890 102 947 1567 207 127
internal_value=0.00052899 0.0199645 -0.0292027 -0.0175832 -0.0638098 0.119039
internal_weight=8462 5119 3343 2514 829 229
internal_count=8462 5119 3343 2514 829 229
is_linear=0
shrinkage=0.03


Tree=135
num_leaves=7
num_cat=0
split_feature=31 1 31 24 33 29
split_gain=5683.53 3073.53 1618.71 1479.12 1331.25 1231.33
threshold=1.0901818433269259 -284.91001132841126 2.9769761283130731 -0.27855297674068891 -0.15168833185932762 0.69169157756868083
decision_type=2 2 2 2 2 2
left_child=1 4 3 -2 -1 -3
right_child=2 5 -4 -5 -6 -7
leaf_value=-0.11837501038493735 -0.0076831954841679491 -0.010824659915462271 0.14507145085292203 0.05568003502822691 -0.040302543280580479 0.027703333536880339
leaf_weight=257 457 4683 130 1177 826 878
leaf_count=257 457 4683 130 1177 826 878
internal_value=-0.00103165 -0.0137509 0.0466822 0.0380196 -0.059743 -0.00470285
internal_weight=8408 6644 1764 1634 1083 5561
internal_count=8408 6644 1764 1634 1083 5561
is_linear=0
shrinkage=0.03


Tree=136
num_leaves=7
num_cat=0
split_feature=15 31 31 1 21 8
split_gain=5584.97 2564.88 1779.32 1317.75 2485.11 1147.05
threshold=0.7710203838862576 -2.4110196849497232 2.9769761283130731 -44.279275030331284 -0.24443525299786281 -0.28922392160527988
decision_type=2 2 2 2 2 2
left_child=1 -1 -2 4 -3 -5
right_child=2 3 -4 5 -6 -7
leaf_value=-0.1260214224824163 0.03258827288386397 0.02073749918345507 0.13973396080879136 0.03385873331948832 -0.045741270352380327 -0.0086780348902760745
leaf_weight=173 2091 683 141 714 1891 2682
leaf_count=173 2091 683 141 714 1891 2682
internal_value=-0.000587328 -0.0153571 0.03995 -0.0119449 -0.0280894 0.00033836
internal_weight=8375 6143 2232 5970 2574 3396
internal_count=8375 6143 2232 5970 2574 3396
is_linear=0
shrinkage=0.03


Tree=137
num_leaves=7
num_cat=0
split_feature=31 7 1 39 18 30
split_gain=5323.74 2748.78 1879.35 1241.71 1132.59 1111.14
threshold=-0.090423878954469974 2.4283638559134997 -462.3252624652672 4.9732735209982879 0.11383322513790362 -0.2483838068394012
decision_type=2 2 2 2 2 2
left_child=2 3 -1 5 -5 -2
right_child=1 -3 -4 4 -6 -7
leaf_value=-0.085835320721999772 -0.044860249443054202 0.13809278463448085 -0.017246204751073736 0.029775253903675886 -0.0060920890641329621 0.049490058045500787
leaf_weight=396 115 170 3235 1312 1971 1322
leaf_count=396 115 170 3235 1312 1971 1322
internal_value=0.00253796 0.0229519 -0.0249418 0.0185217 0.00828863 0.0416816
internal_weight=8521 4890 3631 4720 3283 1437
internal_count=8521 4890 3631 4720 3283 1437
is_linear=0
shrinkage=0.03


Tree=138
num_leaves=7
num_cat=0
split_feature=15 7 32 32 39 35
split_gain=5975.87 2855.06 1785.11 1496.28 1195.35 1111.96
threshold=-0.1361707035959113 2.4283638559134997 -0.035549229908394264 -0.1262971716442475 5.1328485759866682 0.062631549764930364
decision_type=2 2 2 2 2 2
left_child=3 2 -2 -1 -4 -5
right_child=1 -3 4 5 -6 -7
leaf_value=-0.064497791305328053 -0.01385588557077333 0.14266049412892043 0.051637666101219351 -0.026881457857004944 0.015911084393613367 0.021674554227766665
leaf_weight=784 1160 163 1309 2189 2375 518
leaf_count=784 1160 163 1309 2189 2375 518
internal_value=0.00183915 0.0228278 0.0185098 -0.0282432 0.0287109 -0.0175444
internal_weight=8498 5007 4844 3491 3684 2707
internal_count=8498 5007 4844 3491 3684 2707
is_linear=0
shrinkage=0.03


Tree=139
num_leaves=7
num_cat=0
split_feature=9 12 39 6 22 31
split_gain=4623.12 2350.04 1486.74 1393.53 1243.77 1467.02
threshold=0.54830993659903993 -0.81016721204507658 4.8713658868283671 2.1736837306672201 -0.34739028829796598 1.1099226174110834
decision_type=2 2 2 2 2 2
left_child=1 2 -1 -2 -3 -6
right_child=3 4 -4 -5 5 -7
leaf_value=0.020451560095482244 0.02597826073436425 0.02649234780139265 -0.068420955657764612 0.095758585354055251 -0.017855854785729364 0.048109204737283848
leaf_weight=201 2129 894 948 286 3684 321
leaf_count=201 2129 894 948 286 3684 321
internal_value=-0.000402013 -0.0144137 -0.0528317 0.0346029 -0.00531397 -0.0124621
internal_weight=8463 6048 1149 2415 4899 4005
internal_count=8463 6048 1149 2415 4899 4005
is_linear=0
shrinkage=0.03


Tree=140
num_leaves=7
num_cat=0
split_feature=30 31 31 39 21 14
split_gain=4788.18 2279.3 1352.52 1202.96 1200.93 1184.17
threshold=0.88715159719506509 -2.2974493358254651 2.9769761283130731 4.6774800307930642 0.04004057092542429 -0.13334710882465509
decision_type=2 2 2 2 2 8
left_child=1 -1 -2 5 -5 -3
right_child=2 3 -4 4 -6 -7
leaf_value=-0.10926876939727231 0.033641307197913528 -0.020898896733213677 0.12877918063605925 -0.011283376189710247 -0.067029597086248921 0.039847601861426024
leaf_weight=201 1865 449 137 4613 367 775
leaf_count=201 1865 449 137 4613 367 775
internal_value=0.000380997 -0.0122839 0.0407594 -0.00897094 -0.0155177 0.0175752
internal_weight=8407 6405 2002 6204 4980 1224
internal_count=8407 6405 2002 6204 4980 1224
is_linear=0
shrinkage=0.03


Tree=141
num_leaves=7
num_cat=0
split_feature=1 15 32 22 36 6
split_gain=4444.22 2653.53 1405.49 1349.6 1330.63 1092.37
threshold=573.87692084080425 -0.26725042701132179 -0.11956224899830707 -0.12113625505092904 0.00015898930060728736 1.770966897726131
decision_type=2 2 2 2 2 2
left_child=1 2 -1 -2 -4 -5
right_child=3 -3 4 5 -6 -7
leaf_value=-0.062479678367640019 0.014428569896383718 0.0089000567637504864 -0.034954673916016588 0.05529699233078271 0.012065607339460797 0.14643097357376467
leaf_weight=754 265 4657 1274 277 930 227
leaf_count=754 265 4657 1274 277 930 227
internal_value=0.00176366 -0.00521155 -0.0273836 0.0700157 -0.0151491 0.0983937
internal_weight=8384 7615 2958 769 2204 504
internal_count=8384 7615 2958 769 2204 504
is_linear=0
shrinkage=0.03


Tree=142
num_leaves=7
num_cat=0
split_feature=15 1 32 7 21 32
split_gain=4848.15 2033.41 1787.42 1568.59 1282.24 957.51
threshold=0.32607355047383313 823.3784385102457 -0.1262971716442475 -0.47541428299803073 -0.052156547244064426 -0.022426110150579073
decision_type=2 2 2 2 2 2
left_child=2 5 3 -1 -3 -2
right_child=1 4 -4 -5 -6 -7
leaf_value=-0.079571903815754408 -0.008271550990000532 0.027671621151872584 -0.0099566276045310754 0.0085674802099957176 0.17159412221092246 0.029962782546650052
leaf_weight=674 762 101 3958 245 128 2539
leaf_count=674 762 101 3958 245 128 2539
internal_value=0.000592926 0.027328 -0.0187744 -0.0562352 0.111931 0.0211385
internal_weight=8407 3530 4877 919 229 3301
internal_count=8407 3530 4877 919 229 3301
is_linear=0
shrinkage=0.03


Tree=143
num_leaves=7
num_cat=0
split_feature=1 1 32 18 23 16
split_gain=5063.03 1911.25 1310.66 1274.92 1264.92 970.527
threshold=367.52818267441222 -284.91001132841126 -0.12172067385531986 1.2402894170566632 -0.53971705102261536 1.1606887304959825
decision_type=2 2 2 2 2 2
left_child=1 2 -1 4 -2 -3
right_child=3 5 -4 -5 -6 -7
leaf_value=-0.092205630988172138 -0.035942655930001483 -0.006139285207675118 -0.022601084913817238 0.13749573826967249 0.046524610528199416 0.072524974194066269
leaf_weight=376 180 5351 685 116 1560 135
leaf_count=376 180 5351 685 116 1560 135
internal_value=0.00117001 -0.0112392 -0.0478983 0.044769 0.0378369 -0.00407507
internal_weight=8403 6547 1061 1856 1740 5486
internal_count=8403 6547 1061 1856 1740 5486
is_linear=0
shrinkage=0.03


Tree=144
num_leaves=7
num_cat=0
split_feature=15 12 1 24 23 3
split_gain=4085.01 2039.54 1764.43 1573.89 1085.87 1014.22
threshold=0.44916166163169235 -0.81016721204507658 802.57073967256395 0.0036943100130318678 -0.056899672330283868 -0.52284488559623787
decision_type=2 2 2 2 2 2
left_child=1 -1 -2 -3 -4 -5
right_child=2 3 4 5 -6 -7
leaf_value=-0.051997294119336651 0.019582726735946684 0.0026402147731586405 0.032807156350321443 0.020173894472028078 0.15937029530334731 -0.058667702080798002
leaf_weight=1148 2870 3275 121 180 128 696
leaf_count=1148 2870 3275 121 180 128 696
internal_value=-0.000763767 -0.0167877 0.0264267 -0.00694863 0.101509 -0.0424225
internal_weight=8418 5299 3119 4151 249 876
internal_count=8418 5299 3119 4151 249 876
is_linear=0
shrinkage=0.03


Tree=145
num_leaves=7
num_cat=0
split_feature=13 1 22 15 31 23
split_gain=4731.8 1876.3 1500.74 2839.13 1276.31 1242.28
threshold=10.069763721737095 -284.91001132841126 -0.19561950973744538 -1.4206227761253978 2.8181725707147933 -0.42757691027195438
decision_type=8 2 2 2 2 2
left_child=1 2 3 -1 5 -2
right_child=4 -3 -4 -5 -6 -7
leaf_value=-0.08973202736790363 -0.016539007629352537 -0.0055677194022669633 -0.078848698022504021 0.064971905606404201 0.11441478974684033 0.039340560985831281
leaf_weight=185 430 4787 625 226 162 1995
leaf_count=185 430 4787 625 226 162 1995
internal_value=0.00146536 -0.0135336 -0.0499362 -0.00514103 0.0351483 0.0294048
internal_weight=8410 5823 1036 411 2587 2425
internal_count=8410 5823 1036 411 2587 2425
is_linear=0
shrinkage=0.03


Tree=146
num_leaves=7
num_cat=0
split_feature=29 39 32 31 15 31
split_gain=4942.78 2212.73 1916.29 1252.83 1133.6 1066.01
threshold=0.72840995111727713 6.2643497376646673 -0.069313945424062995 1.6076069884785051 -1.5654992127139296 -2.4110196849497232
decision_type=2 2 2 2 2 2
left_child=2 -2 5 4 -4 -1
right_child=1 -3 3 -5 -6 -7
leaf_value=-0.12508231043815612 0.057481143762233532 -0.010136186217731042 -0.079893489670084444 0.071838175650539529 -0.0060335091437410966 -0.035667535907836091
leaf_weight=121 1402 626 186 168 4149 1806
leaf_count=121 1402 626 186 168 4149 1806
internal_value=-0.00406313 0.0366618 -0.0169446 -0.00619661 -0.00937917 -0.0418988
internal_weight=8458 2028 6430 4503 4335 1927
internal_count=8458 2028 6430 4503 4335 1927
is_linear=0
shrinkage=0.03


Tree=147
num_leaves=7
num_cat=0
split_feature=13 27 25 18 18 29
split_gain=3943.98 1802.95 1217.69 1231.74 1062.52 1074.83
threshold=10.069763721737095 -2.1882339342266142 -0.38756218593302366 1.2402894170566632 0.71416192776948295 0.69169157756868083
decision_type=8 2 2 2 2 2
left_child=1 -1 -2 -4 5 -3
right_child=2 4 3 -5 -6 -7
leaf_value=-0.10357109345987363 -0.062156759137060584 -0.01734659548241432 0.029682582539363254 0.12376472975113499 0.07573294676960475 0.027515962968818506
leaf_weight=187 113 5061 2289 124 114 522
leaf_count=187 113 5061 2289 124 114 522
internal_value=-0.000850269 -0.0143092 0.0304335 0.0350081 -0.0112029 -0.0131103
internal_weight=8410 5884 2526 2413 5697 5583
internal_count=8410 5884 2526 2413 5697 5583
is_linear=0
shrinkage=0.03


Tree=148
num_leaves=7
num_cat=0
split_feature=9 1 31 39 2 22
split_gain=3784.02 2119.66 1481.41 1339.43 1255.74 1190.24
threshold=0.56724807357982299 -168.30719798790298 1.6076069884785051 6.1169946617621926 -0.76268958981437973 -0.17441468061303836
decision_type=2 2 2 2 2 2
left_child=1 5 4 -2 -3 -1
right_child=3 2 -4 -5 -6 -7
leaf_value=-0.0082779020485192773 0.050664883357294722 0.050175923009166401 0.10185675917744635 0.003697826897071307 -0.0079704549928161471 -0.058042571245814877
leaf_weight=717 1476 356 115 867 3849 1095
leaf_count=717 1476 356 115 867 3849 1095
internal_value=0.00102704 -0.0113671 7.81748e-05 0.0333748 -0.00294036 -0.0385044
internal_weight=8475 6132 4320 2343 4205 1812
internal_count=8475 6132 4320 2343 4205 1812
is_linear=0
shrinkage=0.03


Tree=149
num_leaves=7
num_cat=0
split_feature=29 34 27 21 21 37
split_gain=4751.46 1937.12 1546.11 1611.17 1495.46 1406.63
threshold=-0.099136832723806009 1.7895743601992598 -2.1882339342266142 -0.29481993764943853 -0.042843391245163003 -0.088892723760159095
decision_type=2 2 2 2 2 2
left_child=2 5 -1 -4 -3 -2
right_child=1 4 3 -5 -6 -7
leaf_value=-0.10475813413716956 -0.028416729090014786 0.023422841661968712 0.014306446717735647 -0.03383215154935848 0.10052901405690456 0.017617167964619238
leaf_weight=207 719 527 826 2511 398 3312
leaf_count=207 719 527 826 2511 398 3312
internal_value=-0.00054769 0.0184056 -0.0270296 -0.0219094 0.0573197 0.00935621
internal_weight=8500 4956 3544 3337 925 4031
internal_count=8500 4956 3544 3337 925 4031
is_linear=0
shrinkage=0.03


Tree=150
num_leaves=7
num_cat=0
split_feature=12 18 38 19 15 38
split_gain=3664.42 2381.29 1247.33 1213.07 1180.34 1011.98
threshold=-0.61788627815249997 0.85507102516804612 4.4716224665663962 -0.43922193949618432 0.38651676278282165 5.2390944889447963
decision_type=2 2 2 2 2 2
left_child=2 3 -1 -2 -5 -3
right_child=1 5 -4 4 -6 -7
leaf_value=0.015056095868832879 0.081445345766423788 0.12788227048405743 -0.052237539270231489 -0.010506264109711595 0.016036839906020072 0.039404637853211577
leaf_weight=298 168 172 1359 3197 2836 364
leaf_count=298 168 172 1359 3197 2836 364
internal_value=-0.000287896 0.00955335 -0.0401175 0.00425769 0.00197704 0.0696189
internal_weight=8394 6737 1657 6201 6033 536
internal_count=8394 6737 1657 6201 6033 536
is_linear=0
shrinkage=0.03


Tree=151
num_leaves=7
num_cat=0
split_feature=12 10 37 24 8 39
split_gain=3959.79 2274.59 1243.34 1336.57 1224.94 1178.79
threshold=-0.61788627815249997 1.9293231933237291 -0.0010332781456458609 0.12077146914492533 1.3976215301855914 4.5591125415341898
decision_type=2 2 2 2 2 2
left_child=5 2 -2 -4 -3 -1
right_child=1 4 3 -5 -6 -7
leaf_value=0.021229981704626553 -0.0083723303047462689 -0.0029241936615644355 0.022525314034823433 -0.053614854582024911 0.11675080889753169 -0.050798424658618113
leaf_weight=233 2760 107 3543 211 260 1417
leaf_count=233 2760 107 3543 211 260 1417
internal_value=0.00103528 0.011054 0.00689641 0.0181147 0.0827071 -0.0405605
internal_weight=8531 6881 6514 3754 367 1650
internal_count=8531 6881 6514 3754 367 1650
is_linear=0
shrinkage=0.03


Tree=152
num_leaves=7
num_cat=0
split_feature=1 34 16 21 9 34
split_gain=2973.89 1805.39 1392.48 1075.85 1334.1 1067.86
threshold=54.705938407302661 1.9053805874027565 -1.4148460785564176 -0.054019645827883316 0.62917760927426836 -1.8302532405349778
decision_type=2 2 2 2 2 2
left_child=2 5 -1 -3 -5 -2
right_child=1 3 -4 4 -6 -7
leaf_value=-0.095932564818556748 0.068613113458327782 0.020782665393633 -0.015835763969324509 0.018681401684880253 0.13117413237862205 0.0025732711986284299
leaf_weight=197 225 415 3670 155 251 3555
leaf_count=197 225 415 3670 155 251 3555
internal_value=-0.000788434 0.0154954 -0.0201531 0.0555373 0.0897088 0.00667488
internal_weight=8468 4601 3867 821 406 3780
internal_count=8468 4601 3867 821 406 3780
is_linear=0
shrinkage=0.03


Tree=153
num_leaves=7
num_cat=0
split_feature=29 39 16 19 18 31
split_gain=2668.38 2200.82 1123.99 1102.21 1101.44 1456.73
threshold=-0.099136832723806009 4.9163179057820896 1.2514960028512303 -0.19692164067157211 -0.30219017794260816 -2.5538904661191926
decision_type=2 2 2 2 2 2
left_child=4 -2 3 -3 5 -1
right_child=1 2 -4 -5 -6 -7
leaf_value=-0.10132827125611851 0.044594232390836132 0.042921960883079063 0.051196817457834234 -0.011629840011505575 -0.035851533386761635 0.0067143337706057843
leaf_weight=112 1413 368 343 2818 1972 1405
leaf_count=112 1413 368 343 2818 1972 1405
internal_value=-0.00107258 0.0130988 0.000397793 -0.00521423 -0.0211258 -0.00187378
internal_weight=8431 4942 3529 3186 3489 1517
internal_count=8431 4942 3529 3186 3489 1517
is_linear=0
shrinkage=0.03


Tree=154
num_leaves=7
num_cat=0
split_feature=15 31 24 7 11 32
split_gain=3236.39 1588.57 1318.86 1102.42 1041.78 1221.14
threshold=0.44916166163169235 -2.5538904661191926 0.0036943100130318678 2.4283638559134997 0.10169966900949083 0.048070646697407259
decision_type=2 2 2 2 2 2
left_child=1 -1 -3 -2 5 -4
right_child=3 2 4 -5 -6 -7
leaf_value=-0.11223386287294475 0.017849213579859712 -0.0050195939532915587 -0.039545327481393722 0.097016320247203108 -0.088864209665825561 0.053543844398330244
leaf_weight=141 2988 3945 755 158 296 143
leaf_count=141 2988 3945 755 158 296 143
internal_value=-0.00192527 -0.016267 -0.013421 0.02212 -0.0409073 -0.0242951
internal_weight=8426 5280 5139 3146 1194 898
internal_count=8426 5280 5139 3146 1194 898
is_linear=0
shrinkage=0.03


Tree=155
num_leaves=7
num_cat=0
split_feature=15 31 10 22 23 9
split_gain=3233.84 1586.25 1586.03 1165.86 1063.96 1459.87
threshold=-0.26725042701132179 -2.5538904661191926 1.4835584276256164 -0.30116883746403783 0.10483593153900758 1.1235668625472091
decision_type=2 2 2 2 2 2
left_child=1 -1 4 -3 5 -2
right_child=2 3 -4 -5 -6 -7
leaf_value=-0.12208136184534557 0.0088853976919447339 0.011994610683159958 0.053983575008771698 -0.030738801845854574 0.064513919210571827 -0.060314540769714785
leaf_weight=132 4109 782 777 2110 271 284
leaf_count=132 4109 782 777 2110 271 284
internal_value=0.000764352 -0.0240613 0.0145808 -0.0191821 0.00791504 0.00428491
internal_weight=8465 3024 5441 2892 4664 4393
internal_count=8465 3024 5441 2892 4664 4393
is_linear=0
shrinkage=0.03


Tree=156
num_leaves=7
num_cat=0
split_feature=37 1 15 1 14 10
split_gain=3091.18 2129.62 1537.56 1310.58 1053.39 1149.91
threshold=-0.0010332781456458609 802.57073967256395 -2.0130816957803859 -271.49378283378877 1.1107816090861113 2.1029422105851308
decision_type=2 2 2 2 10 2
left_child=2 3 -1 -2 -5 -6
right_child=1 -3 -4 4 5 -7
leaf_value=-0.10661040670746429 -0.048957377539131555 0.10303992035764234 -0.015671106000803178 0.021506524448183805 -0.051092924005464314 0.05704229941925941
leaf_weight=166 289 233 3596 3684 363 107
leaf_count=166 289 233 3596 3684 363 107
internal_value=0.000259043 0.0165305 -0.0199558 0.0117725 0.016105 -0.0257994
internal_weight=8438 4676 3762 4443 4154 470
internal_count=8438 4676 3762 4443 4154 470
is_linear=0
shrinkage=0.03


Tree=157
num_leaves=7
num_cat=0
split_feature=9 13 34 22 37 22
split_gain=3289.26 2333.17 1442.7 1331.41 1374.64 1220.08
threshold=0.56724807357982299 -19.587626069901422 1.9053805874027565 -0.34739028829796598 -0.081416831067971526 -0.026233205952299592
decision_type=2 8 2 2 2 2
left_child=1 -1 -2 -3 -5 -4
right_child=2 3 5 4 -6 -7
leaf_value=-0.14300725663615307 0.01887605018025618 0.021981484097486088 0.031494335838400354 -0.040236744620555938 -0.0039513647289652985 0.11934553067660504
leaf_weight=105 1758 1173 313 1267 3567 267
leaf_count=105 1758 1173 313 1267 3567 267
internal_value=0.00244044 -0.00914049 0.0326253 -0.00656677 -0.0135253 0.0732735
internal_weight=8450 6112 2338 6007 4834 580
internal_count=8450 6112 2338 6007 4834 580
is_linear=0
shrinkage=0.03


Tree=158
num_leaves=7
num_cat=0
split_feature=12 34 33 38 35 21
split_gain=2691.27 1677.42 1222.73 1562.32 986.66 984.009
threshold=-0.61788627815249997 1.7895743601992598 -0.15168833185932762 6.7220277478230468 -0.054877648271084122 -0.21051499092036033
decision_type=2 2 2 2 2 2
left_child=-1 2 4 -4 -2 -3
right_child=1 5 3 -5 -6 -7
leaf_value=-0.03241553488877507 -0.12179404397444291 -0.0035710289595010398 0.00027520590992400473 0.04256661596475169 -0.017756286693307071 0.062181416558622749
leaf_weight=1638 100 276 4342 950 341 773
leaf_count=1638 100 276 4342 950 341 773
internal_value=0.00197838 0.0103208 0.00390595 0.00793317 -0.0435251 0.0450111
internal_weight=8420 6782 5733 5292 441 1049
internal_count=8420 6782 5733 5292 441 1049
is_linear=0
shrinkage=0.03


Tree=159
num_leaves=7
num_cat=0
split_feature=1 1 15 24 24 3
split_gain=2892.29 1964.15 999.775 902.008 874.026 825.807
threshold=573.87692084080425 -198.15354773872926 -1.4504639578870098 -0.3591136547539367 -0.27409696229931718 -0.5688204977779141
decision_type=2 2 2 2 2 2
left_child=1 2 -1 -4 -2 -3
right_child=4 5 3 -5 -6 -7
leaf_value=-0.072974723007674228 0.0016436944155152453 0.033915470673212988 0.031038418687170458 -0.032617816901863453 0.073710195564115649 -0.0012125109861897511
leaf_weight=429 205 669 242 991 575 5327
leaf_count=429 205 669 242 991 575 5327
internal_value=0.000374838 -0.00525655 -0.03401 -0.0199749 0.0550302 0.00275682
internal_weight=8438 7658 1662 1233 780 5996
internal_count=8438 7658 1662 1233 780 5996
is_linear=0
shrinkage=0.03


Tree=160
num_leaves=7
num_cat=0
split_feature=32 1 1 37 33 33
split_gain=3103.53 1976.58 1236.15 872.7 850.595 927.25
threshold=-0.035549229908394264 573.87692084080425 -284.91001132841126 -0.023029859964338765 -0.045115062930350822 -0.12197043132721873
decision_type=2 2 2 2 2 2
left_child=2 -2 3 -1 5 -4
right_child=1 -3 4 -5 -6 -7
leaf_value=-0.04205842647511436 0.0051749251016560581 0.057923419643834712 -0.025688041456817474 -0.12427933690010333 -0.041250681024943919 0.021734725769048942
leaf_weight=578 4803 728 717 143 714 748
leaf_count=578 4803 728 717 143 714 748
internal_value=-0.000966292 0.0122098 -0.0260518 -0.0598428 -0.0146486 -0.00149172
internal_weight=8431 5531 2900 721 2179 1465
internal_count=8431 5531 2900 721 2179 1465
is_linear=0
shrinkage=0.03


Tree=161
num_leaves=7
num_cat=0
split_feature=1 13 23 21 25 36
split_gain=2436.49 1737.35 1405.22 1054.48 1314.7 1075.48
threshold=367.52818267441222 -19.587626069901422 -0.52762736528581045 -0.12805502086407233 -0.43670150193262408 -0.0030642047348386765
decision_type=2 8 2 2 2 2
left_child=1 -1 -2 4 -3 -5
right_child=2 3 -4 5 -6 -7
leaf_value=-0.12138696756952537 -0.041173664397427014 -0.051132742167329007 0.041494291117823746 -0.034344171788657965 0.018212137226076969 -0.0019459144963330762
leaf_weight=106 200 266 1664 1454 2279 2495
leaf_count=106 200 266 1664 1454 2279 2495
internal_value=0.0022604 -0.00630262 0.032452 -0.00424038 0.0107925 -0.0139314
internal_weight=8464 6600 1864 6494 2545 3949
internal_count=8464 6600 1864 6494 2545 3949
is_linear=0
shrinkage=0.03


Tree=162
num_leaves=7
num_cat=0
split_feature=9 16 23 18 9 21
split_gain=3307.31 1661.75 1129.82 1246.24 1366.07 874.696
threshold=0.56724807357982299 -1.4148460785564176 -0.022741850406355086 0.79818808018810183 1.1235668625472091 -0.30629875657745792
decision_type=2 2 2 2 2 2
left_child=1 -1 3 4 -2 -3
right_child=2 5 -4 -5 -6 -7
leaf_value=-0.097444932406023144 0.016835921707649033 0.012418558559486845 0.055736769778168334 0.059444348638215863 -0.058577275785390993 -0.015590783014935031
leaf_weight=190 792 1277 899 373 286 4568
leaf_count=190 792 1277 899 373 286 4568
internal_value=-0.000629596 -0.0123872 0.0294896 0.0129574 -0.00352616 -0.00946062
internal_weight=8385 6035 2350 1451 1078 5845
internal_count=8385 6035 2350 1451 1078 5845
is_linear=0
shrinkage=0.03


Tree=163
num_leaves=7
num_cat=0
split_feature=1 1 21 38 32 24
split_gain=3462.13 1759.47 1408.88 1196.98 1185.07 952.429
threshold=573.87692084080425 -44.279275030331284 -0.24443525299786281 4.3241107269113215 -0.1058923908120137 -0.27409696229931718
decision_type=2 2 2 2 2 2
left_child=1 2 4 -2 -1 -5
right_child=3 -3 -4 5 -6 -7
leaf_value=-0.056068233104179729 0.13071792512478536 0.0056010543473413556 -0.036872863554599115 -0.016902364778918089 0.031058659826746989 0.062955764256703142
leaf_weight=174 161 4766 2085 184 587 455
leaf_count=174 161 4766 2085 184 587 455
internal_value=0.000721395 -0.00554612 -0.0241678 0.0596891 0.0106686 0.0400545
internal_weight=8412 7612 2846 800 761 639
internal_count=8412 7612 2846 800 761 639
is_linear=0
shrinkage=0.03


Tree=164
num_leaves=7
num_cat=0
split_feature=31 39 18 31 38 19
split_gain=2461.73 1365.17 1412.97 1150.22 1006.41 1084.16
threshold=-0.21727814488232647 4.7749040587885982 0.85507102516804612 -2.2974493358254651 6.6207394291472461 -0.40615952954589274
decision_type=2 2 2 2 2 2
left_child=3 -2 -3 -1 5 -5
right_child=1 2 -4 4 -6 -7
leaf_value=-0.085820306297391652 0.040172284907544445 -0.00079828082468510596 0.058285407638314912 0.021066749838530612 0.023585019496474732 -0.030712152154432321
leaf_weight=206 1348 3543 396 432 521 2109
leaf_count=206 1348 3543 396 432 521 2109
internal_value=0.00158791 0.014231 0.00527414 -0.0188472 -0.0140768 -0.0218611
internal_weight=8555 5287 3939 3268 3062 2541
internal_count=8555 5287 3939 3268 3062 2541
is_linear=0
shrinkage=0.03


Tree=165
num_leaves=7
num_cat=0
split_feature=15 39 22 32 20 18
split_gain=3223.45 1320.22 1241.46 1149 1253.49 1412.63
threshold=0.44916166163169235 6.0390628155997765 -0.52216208257302432 -0.098601472921046346 0.2403926228435235 0.028943965442400427
decision_type=2 2 2 2 2 2
left_child=3 2 -2 4 -1 -6
right_child=1 -3 -4 -5 5 -7
leaf_value=-0.055401153443233889 -0.034878355830257377 -0.0013086350590162993 0.046464425580042559 -0.006242176383038805 0.090570562377918593 -0.037228980461882451
leaf_weight=970 179 1157 1802 4026 119 187
leaf_count=970 179 1157 1802 4026 119 187
internal_value=0.000110922 0.0241659 0.0389762 -0.0141448 -0.0388364 0.0137642
internal_weight=8440 3138 1981 5302 1276 306
internal_count=8440 3138 1981 5302 1276 306
is_linear=0
shrinkage=0.03


Tree=166
num_leaves=7
num_cat=0
split_feature=1 1 23 35 10 8
split_gain=2641.87 1734.22 1709.63 968.684 1074.74 2693.16
threshold=431.9817901543999 -462.3252624652672 -0.24302588747212081 -0.039168422672980853 -0.30976986877344509 -0.28922392160527988
decision_type=2 2 2 2 2 2
left_child=1 -1 -2 4 5 -3
right_child=2 3 -4 -5 -6 -7
leaf_value=-0.065075811023947661 -0.01933028167129227 0.024152244050258939 0.056494238180757987 -0.010307830999106198 0.032627203562355281 -0.096155246174681727
leaf_weight=419 349 540 1081 4619 1187 231
leaf_count=419 349 540 1081 4619 1187 231
internal_value=0.000975374 -0.00663251 0.0379831 -0.00281613 0.0148197 -0.0126628
internal_weight=8426 6996 1430 6577 1958 771
internal_count=8426 6996 1430 6577 1958 771
is_linear=0
shrinkage=0.03


Tree=167
num_leaves=7
num_cat=0
split_feature=33 39 31 35 27 9
split_gain=2368.43 1780.99 1672.52 1299.43 1084.34 1298.47
threshold=-0.15168833185932762 4.8713658868283671 2.1691942804599891 -0.1165524739104622 1.5098326137532283 0.035603717376765188
decision_type=2 2 2 2 2 2
left_child=-1 2 4 -3 5 -2
right_child=1 3 -4 -5 -6 -7
leaf_value=-0.048255939627742959 -0.00054433302792374376 0.041377012454057165 0.11769517435723643 -0.0078254169434279781 -0.056239923737104361 0.052570437959806718
leaf_weight=813 773 523 168 5153 141 882
leaf_count=813 773 523 168 5153 141 882
internal_value=0.000101715 0.00530398 0.0298501 -0.00322699 0.0210268 0.0279079
internal_weight=8453 7640 1964 5676 1796 1655
internal_count=8453 7640 1964 5676 1796 1655
is_linear=0
shrinkage=0.03


Tree=168
num_leaves=7
num_cat=0
split_feature=30 15 19 15 26 37
split_gain=3060.45 1832.44 1145.77 890.635 1120.11 1025.3
threshold=-0.96239734615806194 1.8213376752993 -0.40615952954589274 0.38651676278282165 -0.13662416978222111 -0.049092793696469614
decision_type=2 2 2 2 2 2
left_child=-1 2 -2 4 -4 -6
right_child=1 -3 3 -5 5 -7
leaf_value=-0.039859640491130867 0.059049146492314714 0.063890972640457025 0.02625647129763687 0.014517503759733288 -0.041754700456396676 -0.0035439444792088586
leaf_weight=1369 322 498 673 2770 950 1856
leaf_count=1369 322 498 673 2770 950 1856
internal_value=0.0010285 0.00899212 0.00474071 0.00185242 -0.00824429 -0.0165829
internal_weight=8438 7069 6571 6249 3479 2806
internal_count=8438 7069 6571 6249 3479 2806
is_linear=0
shrinkage=0.03


Tree=169
num_leaves=7
num_cat=0
split_feature=1 39 12 5 21 21
split_gain=2792.87 1770.37 1432.75 1298.87 1313.75 987.504
threshold=385.03185341013938 3.7494348669884658 -0.61788627815249997 -0.78596854262050353 0.035489252031342122 -0.0044210870252883909
decision_type=2 2 2 2 2 2
left_child=2 -2 -1 -4 -5 -3
right_child=1 5 3 4 -6 -7
leaf_value=-0.033553751442035221 0.10099576922000064 0.003368707473460263 0.069525967082381249 -3.3799600184526772e-05 -0.062756108034702926 0.055541378131635837
leaf_weight=1586 283 1021 215 4511 312 471
leaf_count=1586 283 1021 215 4511 312 471
internal_value=0.000179758 0.0334904 -0.00878335 -0.000934416 -0.00421276 0.0200989
internal_weight=8399 1775 6624 5038 4823 1492
internal_count=8399 1775 6624 5038 4823 1492
is_linear=0
shrinkage=0.03


Tree=170
num_leaves=7
num_cat=0
split_feature=15 36 15 34 15 23
split_gain=3004.45 1515.14 1312.51 1146.05 1164.71 982.226
threshold=-0.35104067860088439 -0.0018101662063876617 1.0812711571217981 -1.3704242005437237 -1.4798494719672248 -0.34510263489931575
decision_type=2 2 2 2 2 2
left_child=1 3 -2 4 -1 -4
right_child=2 -3 5 -5 -6 -7
leaf_value=-0.076859680428705376 0.0028859185435069126 -0.007635472598750327 -0.0081417431830111148 -0.069711316862766229 0.044532491551944983 0.049258132192186728
leaf_weight=103 4190 1591 348 868 182 1125
leaf_count=103 4190 1591 348 868 182 1125
internal_value=-0.00100413 -0.0267124 0.0114779 -0.0527441 -0.000457307 0.0357338
internal_weight=8407 2744 5663 1153 285 1473
internal_count=8407 2744 5663 1153 285 1473
is_linear=0
shrinkage=0.03


Tree=171
num_leaves=7
num_cat=0
split_feature=13 1 23 23 1 36
split_gain=2999.21 1861.91 1548.49 1080.7 1836.09 960.787
threshold=-4.5059163726161469 573.87692084080425 0.047998290844489623 -0.35187278182231696 31.810717329822641 1.5612511283791267e-17
decision_type=8 2 2 2 2 2
left_child=3 2 -2 -1 5 -5
right_child=1 -3 -4 4 -6 -7
leaf_value=0.0051145461711194148 -0.0023480675671047413 0.051965702504905606 0.046091619324619457 -0.085572429077118775 0.063432468394354236 -0.028605255013224015
leaf_weight=421 5351 782 658 644 108 474
leaf_count=421 5351 782 658 644 108 474
internal_value=-9.01827e-05 0.00872784 0.00302396 -0.0362824 -0.0504242 -0.0618877
internal_weight=8438 6791 6009 1647 1226 1118
internal_count=8438 6791 6009 1647 1226 1118
is_linear=0
shrinkage=0.03


Tree=172
num_leaves=7
num_cat=0
split_feature=1 42 19 35 33 37
split_gain=2114.86 1657.53 1538.08 1461.1 1478.91 1077.56
threshold=54.705938407302661 1.0000000180025095e-35 -0.22256330753615589 -0.13098840089731165 0.016001123886857118 -0.095328390214030709
decision_type=2 2 2 2 2 2
left_child=-1 2 -2 -4 -5 -6
right_child=1 -3 3 4 5 -7
leaf_value=-0.015587561533348804 0.064404514123797232 0.075268112102202134 0.075515655887834099 -0.022998350407622419 -0.056922040055341579 0.022076084777461993
leaf_weight=3883 399 361 226 1598 160 1853
leaf_count=3883 399 361 226 1598 160 1853
internal_value=0.000691977 0.014447 0.00909863 0.00319505 -0.0015273 0.0155467
internal_weight=8480 4597 4236 3837 3611 2013
internal_count=8480 4597 4236 3837 3611 2013
is_linear=0
shrinkage=0.03


Tree=173
num_leaves=7
num_cat=0
split_feature=15 35 15 30 12 12
split_gain=2670.16 1503.55 1145.09 1233.02 996.41 1219.23
threshold=-0.35104067860088439 0.062631549764930364 -1.4798494719672248 -0.74663953054577814 -0.056411086802561468 -0.81016721204507658
decision_type=2 2 2 2 2 2
left_child=1 4 -3 -4 5 -1
right_child=-2 2 3 -5 -6 -7
leaf_value=-0.053883564436711523 0.012195836480013739 -0.064092450691547634 0.082395110882197808 -0.01828132975432608 -0.093687370091867755 -0.0063833954725159353
leaf_weight=876 5700 106 260 179 224 1085
leaf_count=876 5700 106 260 179 224 1085
internal_value=0.000514397 -0.0238309 0.0204627 0.0418519 -0.0349219 -0.027768
internal_weight=8430 2730 545 439 2185 1961
internal_count=8430 2730 545 439 2185 1961
is_linear=0
shrinkage=0.03


Tree=174
num_leaves=7
num_cat=0
split_feature=31 18 39 22 39 33
split_gain=2308.76 1676.86 1347.89 1279.19 1175.67 1163.23
threshold=-0.21727814488232647 1.2402894170566632 5.3254430739639957 -0.178165684965397 5.4094089116575796 -0.0096591568432663269
decision_type=2 2 2 2 2 2
left_child=3 2 5 -1 -4 -2
right_child=1 -3 4 -5 -6 -7
leaf_value=0.0038692580643571173 -0.0069462744536914521 0.1134547690713739 -0.095136187285184859 -0.034769941067250919 0.00063004726906427846 0.043711938881957346
leaf_weight=1242 576 133 110 2016 2989 1368
leaf_count=1242 576 133 110 2016 2989 1368
internal_value=-0.000324237 0.0121214 0.00922971 -0.0200733 -0.00306427 0.0287434
internal_weight=8434 5176 5043 3258 3099 1944
internal_count=8434 5176 5043 3258 3099 1944
is_linear=0
shrinkage=0.03


Tree=175
num_leaves=7
num_cat=0
split_feature=15 32 39 12 24 18
split_gain=2723.81 1544.92 1034.34 991.535 987.703 842.068
threshold=1.0812711571217981 -0.056545002832683995 5.2806591939842535 -0.90247788288475805 -0.21507489873250535 0.85507102516804612
decision_type=2 2 2 2 2 2
left_child=1 3 -3 -1 -5 -2
right_child=5 2 -4 4 -6 -7
leaf_value=-0.065677490952504539 0.021748689604328277 0.019287271728089667 -0.0099390876146805123 0.01481379306828268 -0.033528045761926896 0.073198541013936275
leaf_weight=515 1111 1700 2995 546 1209 383
leaf_count=515 1111 1700 2995 546 1209 383
internal_value=-0.00128153 -0.00917572 0.000661908 -0.0294364 -0.0184896 0.0353373
internal_weight=8459 6965 4695 2270 1755 1494
internal_count=8459 6965 4695 2270 1755 1494
is_linear=0
shrinkage=0.03


Tree=176
num_leaves=7
num_cat=0
split_feature=34 32 1 38 8 6
split_gain=2067.02 1707.26 1102.28 960.934 1226.11 1777.16
threshold=1.8141622182577224 -0.1262971716442475 -284.91001132841126 6.7393359271010906 -0.36242456970782116 0.27285341305880084
decision_type=2 2 2 2 2 2
left_child=1 2 -1 -3 -5 -6
right_child=-2 3 -4 4 5 -7
leaf_value=-0.085172874717438812 0.036669641687883267 -0.0066546666059690163 -0.019204033101768287 0.088304922772305353 -0.040729000588251518 0.046202848043454724
leaf_weight=356 1107 5206 626 207 367 473
leaf_count=356 1107 5206 626 207 367 473
internal_value=-0.00131878 -0.00717384 -0.0437369 -0.00137114 0.0247146 0.00818958
internal_weight=8342 7235 982 6253 1047 840
internal_count=8342 7235 982 6253 1047 840
is_linear=0
shrinkage=0.03


Tree=177
num_leaves=7
num_cat=0
split_feature=15 1 36 18 5 22
split_gain=2195.35 1409.11 1128.69 1037.26 1032.12 1080.83
threshold=0.44916166163169235 -462.3252624652672 -0.0042131429344633726 1.2402894170566632 -0.55769314814335036 -0.21388293137660588
decision_type=2 2 2 2 2 2
left_child=1 -1 4 -2 -3 -6
right_child=3 2 -4 -5 5 -7
leaf_value=-0.064245420951060769 0.016352035600817227 0.017097377318739889 0.0030812648769644011 0.10505169964410485 0.0070423573850278264 -0.055376206629733173
leaf_weight=412 3040 365 3293 114 332 972
leaf_count=412 3040 365 3293 114 332 972
internal_value=4.76151e-05 -0.0116073 -0.00711625 0.0198799 -0.0271349 -0.0395517
internal_weight=8528 5374 4962 3154 1669 1304
internal_count=8528 5374 4962 3154 1669 1304
is_linear=0
shrinkage=0.03


Tree=178
num_leaves=7
num_cat=0
split_feature=18 32 35 23 20 37
split_gain=2363.86 1669.46 1158.8 1159.34 1367.18 951.738
threshold=0.71416192776948295 -0.067504558445503973 0.1042406664980378 0.016164695105953617 -0.21705854774053077 -0.088892723760159095
decision_type=2 2 2 2 2 2
left_child=1 2 3 -1 -5 -3
right_child=-2 5 -4 4 -6 -7
leaf_value=-0.04840625940454335 0.047696190732585776 -0.021444407109423996 0.035308440318412106 -0.043725184375003563 0.072395068947225805 0.0096490857440048837
leaf_weight=1426 844 1095 220 180 166 4463
leaf_count=1426 844 1095 220 180 166 4463
internal_value=0.000385547 -0.00495931 -0.0284499 -0.0365194 0.0124543 0.00349574
internal_weight=8394 7550 1992 1772 346 5558
internal_count=8394 7550 1992 1772 346 5558
is_linear=0
shrinkage=0.03


Tree=179
num_leaves=7
num_cat=0
split_feature=1 12 21 35 1 35
split_gain=2369.7 1448.31 1320.08 1327.87 1178.24 1016.22
threshold=400.89422768781509 -0.81016721204507658 -0.069249868154602837 0.11467953711605121 802.57073967256395 0.062631549764930364
decision_type=2 2 2 2 2 2
left_child=1 5 3 -2 -4 -1
right_child=2 -3 4 -5 -6 -7
leaf_value=-0.054367381911874534 -0.013913540298474488 -0.003718058615207292 0.038900246316582121 0.09700629988602831 0.13264900032805915 0.018833364730474547
leaf_weight=915 682 5599 732 103 139 204
leaf_count=915 682 5599 732 103 139 204
internal_value=-0.00204578 -0.00997534 0.0299893 0.00167741 0.0551971 -0.0409739
internal_weight=8374 6718 1656 785 871 1119
internal_count=8374 6718 1656 785 871 1119
is_linear=0
shrinkage=0.03


Tree=180
num_leaves=7
num_cat=0
split_feature=32 29 37 20 34 22
split_gain=2455.68 1211.56 1131.73 962.542 995.49 850.587
threshold=-0.035549229908394264 -1.038974330962692 -0.088892723760159095 -0.15658108516973387 1.7895743601992598 -0.52216208257302432
decision_type=2 2 2 2 2 2
left_child=1 -1 5 -3 -5 -2
right_child=2 3 -4 4 -6 -7
leaf_value=-0.058894260615053082 0.034027937443660838 0.013540336248542211 0.017173925254806072 -0.037478126815825755 0.027646870651224162 -0.034822961566813228
leaf_weight=640 200 821 4609 1255 246 704
leaf_count=640 200 821 4609 1255 246 704
internal_value=-0.000678002 -0.0226654 0.0111549 -0.0124701 -0.0266924 -0.0193848
internal_weight=8475 2962 5513 2322 1501 904
internal_count=8475 2962 5513 2322 1501 904
is_linear=0
shrinkage=0.03


Tree=181
num_leaves=7
num_cat=0
split_feature=29 39 39 36 26 26
split_gain=1843.21 1041.66 1204.18 923.036 1078.75 1333.26
threshold=0.72840995111727713 6.2643497376646673 6.9270674697505212 -0.0030642047348386765 -0.044552836480464271 -0.070583570332678522
decision_type=2 2 2 2 2 2
left_child=3 -2 -3 4 5 -1
right_child=1 2 -4 -5 -6 -7
leaf_value=-0.015891544995146726 0.039822662093549233 -0.029625422881498019 0.065864272947856184 0.0011436051090823996 -0.040777507609070493 0.072347497035071484
leaf_weight=788 1401 480 147 4155 1271 181
leaf_count=788 1401 480 147 4155 1271 181
internal_value=0.000673314 0.0255221 -0.00655536 -0.00723434 -0.0227107 0.00116131
internal_weight=8423 2028 627 6395 2240 969
internal_count=8423 2028 627 6395 2240 969
is_linear=0
shrinkage=0.03


Tree=182
num_leaves=7
num_cat=0
split_feature=1 12 4 24 34 2
split_gain=1777.46 941.889 1383.4 894.952 849.162 1064.42
threshold=573.87692084080425 -0.81016721204507658 -0.72603602826336588 -0.26440483292024791 1.7895743601992598 0.52533785034984237
decision_type=2 2 2 2 2 2
left_child=1 -1 -3 -2 -4 -6
right_child=3 2 4 -5 5 -7
leaf_value=-0.028074933197961702 -0.0080262886732816695 0.068483064312839279 -0.0056711953251090911 0.063223055555733973 0.06595391253103354 -0.0034468123892269198
leaf_weight=1142 215 255 5518 574 347 447
leaf_count=1142 215 255 5518 574 347 447
internal_value=0.00135661 -0.00305406 0.00133313 0.0439504 -0.00148371 0.0273263
internal_weight=8498 7709 6567 789 6312 794
internal_count=8498 7709 6567 789 6312 794
is_linear=0
shrinkage=0.03


Tree=183
num_leaves=7
num_cat=0
split_feature=18 15 37 21 19 8
split_gain=1556.03 1389.78 1314.4 1071.15 1236.19 1169.61
threshold=1.2402894170566632 -1.4206227761253978 -0.21876702937162498 0.04004057092542429 -0.40615952954589274 1.2412927335718327
decision_type=2 2 2 2 2 2
left_child=1 2 -1 4 -3 -5
right_child=-2 3 -4 5 -6 -7
leaf_value=-0.12353559661940063 0.10044465320593078 0.058751933019906645 -0.017711542648437897 -0.056039697760736189 0.0051967493140007825 0.04484934496714009
leaf_weight=128 136 402 470 453 6694 125
leaf_count=128 136 402 470 453 6694 125
internal_value=0.00335811 0.00164255 -0.0420221 0.0050954 0.00830915 -0.0338295
internal_weight=8408 8272 598 7674 7096 578
internal_count=8408 8272 598 7674 7096 578
is_linear=0
shrinkage=0.03


Tree=184
num_leaves=7
num_cat=0
split_feature=32 16 16 39 35 38
split_gain=1683.76 1123.3 1098.24 940.469 939.136 1025.42
threshold=-0.070569280036090629 1.7886278280411945 0.84291227474761232 4.9732735209982879 -0.10152206550328435 6.7135633652932718
decision_type=2 2 2 2 2 2
left_child=2 3 -1 -2 -5 -6
right_child=1 -3 -4 4 5 -7
leaf_value=-0.029834393748848595 0.023388878617181467 0.087567879426498699 0.050139877909915684 0.035625008904865675 -0.014890585509264104 0.023623377270912883
leaf_weight=1921 1851 144 159 514 3089 769
leaf_count=1921 1851 144 159 514 3089 769
internal_value=-0.000141921 0.00751707 -0.0235103 0.00552718 -0.00207116 -0.00717252
internal_weight=8447 6367 2080 6223 4372 3858
internal_count=8447 6367 2080 6223 4372 3858
is_linear=0
shrinkage=0.03


Tree=185
num_leaves=7
num_cat=0
split_feature=1 18 2 23 38 33
split_gain=2202.77 1506.66 1533.22 1180.69 1117.09 1047.68
threshold=-55.075415465188136 1.3200130979596716 -0.92356609383777866 -0.35650041697454932 2.249904835165133 0.037375183463918563
decision_type=2 2 2 2 2 2
left_child=3 2 -2 -1 -4 -6
right_child=1 -3 4 -5 5 -7
leaf_value=0.012404902060444539 0.10129703500560971 0.11864552138624965 0.05282981983472778 -0.033786831139751568 -0.012023148342236251 0.015309662415383334
leaf_weight=640 141 101 387 2167 2730 2330
leaf_count=640 141 101 387 2167 2730 2330
internal_value=-0.00154839 0.00918058 0.00699365 -0.0232484 0.00437138 0.000568281
internal_weight=8496 5689 5588 2807 5447 5060
internal_count=8496 5689 5588 2807 5447 5060
is_linear=0
shrinkage=0.03


Tree=186
num_leaves=7
num_cat=0
split_feature=18 33 15 38 38 11
split_gain=1529.02 1241.11 964.647 1401.8 1454.35 1412.15
threshold=1.2402894170566632 -0.25872291820661059 0.44916166163169235 5.173316863805991 2.249904835165133 1.0000000180025095e-35
decision_type=2 2 2 2 2 2
left_child=1 -1 3 4 -3 -5
right_child=-2 2 -4 5 -6 -7
leaf_value=-0.073642995431285191 0.10253640793263913 0.029309457747122417 0.015034870483608208 0.018828774867721273 -0.041222504511294132 -0.021732369272019429
leaf_weight=193 122 315 2970 2221 1417 1172
leaf_count=193 122 315 2970 2221 1417 1172
internal_value=0.00123629 -0.000376623 0.00145889 -0.00642251 -0.0283002 0.00479557
internal_weight=8410 8288 8095 5125 1732 3393
internal_count=8410 8288 8095 5125 1732 3393
is_linear=0
shrinkage=0.03


Tree=187
num_leaves=7
num_cat=0
split_feature=1 31 35 17 33 17
split_gain=1652.86 1488.86 1102.39 1030.47 1005.76 945.996
threshold=-462.3252624652672 2.9769761283130731 0.11467953711605121 -0.3529521870274559 -0.27427975927965492 0.031165671347746723
decision_type=2 2 2 2 2 2
left_child=-1 2 4 -4 -2 -5
right_child=1 -3 3 5 -6 -7
leaf_value=-0.059773340416412107 -0.08643957343353674 0.09676411140352896 -0.03602792717706136 0.10633570215868997 -0.0022120381370155156 0.026231773634289371
leaf_weight=402 120 136 152 177 6942 493
leaf_count=402 120 136 152 177 6942 493
internal_value=-0.00117071 0.0018375 7.95035e-05 0.0327438 -0.00376347 0.0486461
internal_weight=8422 8020 7884 822 7062 670
internal_count=8422 8020 7884 822 7062 670
is_linear=0
shrinkage=0.03


Tree=188
num_leaves=7
num_cat=0
split_feature=37 16 1 22 37 31
split_gain=1756.62 1062.39 1056.28 1033.28 857.39 762.508
threshold=-0.084867476310064 -1.4148460785564176 573.87692084080425 -0.12113625505092904 -0.11667451162090851 0.22028340857193393
decision_type=2 2 2 2 2 2
left_child=1 -1 -2 -4 5 -3
right_child=2 4 3 -5 -6 -7
leaf_value=-0.097518936718896596 0.0047110167164553093 0.0049671294638913201 -0.005655765902849226 0.067407409465383913 -0.050601867467530662 -0.055180794682602084
leaf_weight=148 5658 1201 264 494 479 215
leaf_count=148 5658 1201 264 494 479 215
internal_value=0.00148458 -0.0226755 0.00920101 0.0422183 -0.016349 -0.00448842
internal_weight=8459 2043 6416 758 1895 1416
internal_count=8459 2043 6416 758 1895 1416
is_linear=0
shrinkage=0.03


Tree=189
num_leaves=7
num_cat=0
split_feature=1 23 35 42 32 35
split_gain=1422.39 1255.27 1086.92 1087.03 899.819 790.768
threshold=406.04529902068651 -0.53971705102261536 -0.099167580816181031 1.0000000180025095e-35 -0.065076050916513653 -0.009335029169116044
decision_type=2 2 2 2 2 2
left_child=4 -2 -3 -4 5 -1
right_child=1 2 3 -5 -6 -7
leaf_value=-0.04379327919303571 -0.049034670665860175 0.10853769286897531 0.01411478712016245 0.095535788997131235 0.00084185570935939628 -0.006515299924861319
leaf_weight=903 177 147 1163 160 4676 1176
leaf_count=903 177 147 1163 160 4676 1176
internal_value=-0.000368142 0.0245436 0.0336744 0.0246044 -0.0064694 -0.0228389
internal_weight=8402 1647 1470 1323 6755 2079
internal_count=8402 1647 1470 1323 6755 2079
is_linear=0
shrinkage=0.03


Tree=190
num_leaves=7
num_cat=0
split_feature=34 12 5 22 21 15
split_gain=2022.43 1419.51 1617.98 1002.73 829.796 849.65
threshold=1.8141622182577224 -0.61788627815249997 -0.78596854262050353 -0.71022882618026328 0.064176063572776651 -0.32079173282525036
decision_type=2 2 2 2 2 2
left_child=1 3 -3 -1 5 -4
right_child=-2 2 4 -5 -6 -7
leaf_value=-0.10512635623432091 0.037712126523651204 0.080772868028002459 -0.022843587159031471 -0.022702965220591672 -0.057433696876077543 0.0068424377418156131
leaf_weight=138 1122 213 1081 1430 220 4230
leaf_count=138 1122 213 1081 1430 220 4230
internal_value=0.000394521 -0.00537542 0.00154539 -0.0305773 -0.00164594 0.000768574
internal_weight=8434 7312 5744 1568 5531 5311
internal_count=8434 7312 5744 1568 5531 5311
is_linear=0
shrinkage=0.03


Tree=191
num_leaves=7
num_cat=0
split_feature=1 1 35 30 39 32
split_gain=1656.61 1318.7 941.793 1131.28 882.456 1008.62
threshold=823.3784385102457 -664.03069053082902 -0.10716136519478939 -1.2157898240431073 4.7749040587885982 -0.020365057559219461
decision_type=2 2 2 2 2 2
left_child=1 -1 3 -3 5 -4
right_child=-2 2 4 -5 -6 -7
leaf_value=-0.10274509263908968 0.0803235208956075 -0.04766545894802833 -0.022629549489547946 0.043522423125136683 -0.0088313258434404469 0.030763514314813098
leaf_weight=103 222 137 428 761 5566 1169
leaf_count=103 222 137 428 761 5566 1169
internal_value=0.00127308 -0.000972139 0.000453963 0.0292389 -0.00319044 0.0164023
internal_weight=8386 8164 8061 898 7163 1597
internal_count=8386 8164 8061 898 7163 1597
is_linear=0
shrinkage=0.03


Tree=192
num_leaves=7
num_cat=0
split_feature=9 33 34 22 17 33
split_gain=1954.01 1476.85 1458.56 1398.02 921.215 873.858
threshold=0.47658736340229985 -0.25872291820661059 -0.09217822019593129 -0.31686468568118759 0.53972013491000947 0.037375183463918563
decision_type=2 2 2 2 2 2
left_child=1 -1 -2 4 -4 -5
right_child=2 -3 3 5 -6 -7
leaf_value=-0.090007010975472285 -0.013532460165774585 -0.0051668603768474453 0.050451919473954381 0.027744749608848776 -0.040258686667014112 0.074286710816559007
leaf_weight=181 706 5635 141 767 294 714
leaf_count=181 706 5635 141 767 294 714
internal_value=0.0017369 -0.00795713 0.0231883 0.036719 -0.0103829 0.0505307
internal_weight=8438 5816 2622 1916 435 1481
internal_count=8438 5816 2622 1916 435 1481
is_linear=0
shrinkage=0.03


Tree=193
num_leaves=7
num_cat=0
split_feature=10 34 22 19 39 36
split_gain=1958.09 1032.01 1103.1 919.118 832.596 831.39
threshold=-0.95375544434204229 1.7895743601992598 -0.0086634199320306266 -0.40615952954589274 5.772996334337213 -0.0014690731138654442
decision_type=2 2 2 2 2 2
left_child=5 3 4 -2 -3 -1
right_child=1 2 -4 -5 -6 -7
leaf_value=-0.063772357830847476 0.050410865154532289 -0.029859115394613431 0.068330884157848118 -0.0031560799721077732 0.036411322784610095 -0.013703063672105045
leaf_weight=551 293 300 422 5926 370 653
leaf_count=551 293 300 422 5926 370 653
internal_value=-0.00166833 0.00418507 0.0309428 -0.000555466 0.00673526 -0.0369534
internal_weight=8515 7311 1092 6219 670 1204
internal_count=8515 7311 1092 6219 670 1204
is_linear=0
shrinkage=0.03


Tree=194
num_leaves=7
num_cat=0
split_feature=37 26 33 1 8 1
split_gain=1216.19 1085.15 1136.46 1019.85 1072.81 1022.28
threshold=-0.0010332781456458609 -0.078902285416940582 -0.19585854077939133 -271.49378283378877 -0.3044005217511741 802.57073967256395
decision_type=2 2 2 2 2 2
left_child=1 2 -1 -2 -5 -6
right_child=3 -3 -4 4 5 -7
leaf_value=-0.07335556739072005 -0.042350928570365029 -0.023804448317292271 0.018240156900851841 0.056613471202725765 0.0055516927523628452 0.068180482479858681
leaf_weight=125 289 2389 1259 484 3628 241
leaf_count=125 289 2389 1259 484 3628 241
internal_value=0.00103874 -0.0115948 0.00950054 0.0113101 0.0149616 0.00961855
internal_weight=8415 3773 1384 4642 4353 3869
internal_count=8415 3773 1384 4642 4353 3869
is_linear=0
shrinkage=0.03


Tree=195
num_leaves=7
num_cat=0
split_feature=29 39 39 13 1 21
split_gain=2044.73 1243.29 1445.5 1051.49 1111 1328.85
threshold=0.72840995111727713 6.2547894266644208 6.9270674697505212 7.2509413121844686 802.57073967256395 0.045052613145244232
decision_type=2 2 2 8 2 2
left_child=-1 3 -3 -2 5 -5
right_child=1 2 -4 4 -6 -7
leaf_value=-0.0052003981003688523 0.11721922830302522 -0.031878596029898024 0.072670633801365195 0.034891664866021493 0.099064488512038903 -0.065178032860594939
leaf_weight=6398 151 473 148 953 196 127
leaf_count=6398 151 473 148 953 196 127
internal_value=0.00315886 0.0291717 -0.00620507 0.044503 0.0350533 0.0226342
internal_weight=8446 2048 621 1427 1276 1080
internal_count=8446 2048 621 1427 1276 1080
is_linear=0
shrinkage=0.03


Tree=196
num_leaves=7
num_cat=0
split_feature=34 37 9 33 33 25
split_gain=1593.46 1386.17 1069.72 896.731 702.906 1021.17
threshold=1.8785863321841121 -0.26366988245597461 -0.25317141868943199 0.10914729008194392 -0.096005191021228981 -0.056323598437797745
decision_type=2 2 2 2 2 2
left_child=1 -1 -2 4 -4 -6
right_child=2 -3 3 -5 5 -7
leaf_value=-0.076389995175011355 -0.047446829790377433 -0.003526029603885204 0.090969537882243878 0.10289961975750497 -0.041577213877868474 0.040768748782843311
leaf_weight=233 121 7172 126 181 188 423
leaf_count=233 121 7172 126 181 188 423
internal_value=-0.00102389 -0.00591864 0.0335851 0.0446619 0.0291733 0.01517
internal_weight=8444 7405 1039 918 737 611
internal_count=8444 7405 1039 918 737 611
is_linear=0
shrinkage=0.03


Tree=197
num_leaves=7
num_cat=0
split_feature=1 39 24 21 7 12
split_gain=1523.5 1050.32 1169.17 1041.08 998.656 1126.45
threshold=-55.075415465188136 4.9163179057820896 -0.69566553009501764 -0.24443525299786281 0.021853998389291102 -0.79427217248631654
decision_type=2 2 2 2 2 2
left_child=3 2 -2 -1 5 -3
right_child=1 4 -4 -5 -6 -7
leaf_value=0.0091420009237376532 -0.067223761524666442 -0.04146657242276932 0.034597344171680665 -0.031731488697883468 -0.010512504964040031 0.036138894672763489
leaf_weight=768 100 196 1436 2032 2987 936
leaf_count=768 100 196 1436 2032 2987 936
internal_value=-0.00247026 0.00649116 0.0275764 -0.0205278 -0.0014194 0.0224565
internal_weight=8455 5655 1536 2800 4119 1132
internal_count=8455 5655 1536 2800 4119 1132
is_linear=0
shrinkage=0.03


Tree=198
num_leaves=7
num_cat=0
split_feature=18 12 2 37 26 24
split_gain=1826.45 1381.76 859.195 841.443 996.82 955.05
threshold=1.2402894170566632 -0.61788627815249997 -0.96709388548300701 -0.049092793696469614 -0.078902285416940582 0.14217379873165628
decision_type=2 2 2 2 2 2
left_child=1 -1 -3 4 -4 -5
right_child=-2 2 3 5 -6 -7
leaf_value=-0.025741714898131686 0.11650210136840165 0.074934699967503557 0.015228933169339745 0.013228557705740053 -0.030244574023180995 -0.050015627664011138
leaf_weight=1612 111 145 677 4474 1174 216
leaf_count=1612 111 145 677 4474 1174 216
internal_value=0.000786862 -0.000899393 0.00511961 0.00345993 -0.0136203 0.0102156
internal_weight=8409 8298 6686 6541 1851 4690
internal_count=8409 8298 6686 6541 1851 4690
is_linear=0
shrinkage=0.03


Tree=199
num_leaves=7
num_cat=0
split_feature=39 15 6 34 29 21
split_gain=1586.09 1199.48 1347.82 1051.24 1026.57 1303.29
threshold=4.9732735209982879 -1.3927420328658748 -1.4411224837986285 -0.67836329250604299 -0.0078304797239732386 -0.19636526888294745
decision_type=2 2 2 2 2 2
left_child=4 -2 3 -3 -1 -6
right_child=1 2 -4 -5 5 -7
leaf_value=-0.0045132454040210978 -0.051799110701579727 0.12738816959552529 -0.0076926219004368962 -0.0037061179348013614 -0.014326378494242712 0.05322254899420286
leaf_weight=894 524 111 5391 100 336 1036
leaf_count=894 524 111 5391 100 336 1036
internal_value=-0.000900785 -0.00883349 -0.00472943 0.0679018 0.0204894 0.036696
internal_weight=8392 6126 5602 211 2266 1372
internal_count=8392 6126 5602 211 2266 1372
is_linear=0
shrinkage=0.03


Tree=200
num_leaves=7
num_cat=0
split_feature=1 23 40 42 33 33
split_gain=1400.59 1208.34 1326.87 939.048 831.808 845.552
threshold=54.705938407302661 -0.25649433061319665 1.0000000180025095e-35 1.0000000180025095e-35 -0.06790915964830159 0.011853222031669846
decision_type=2 2 2 2 2 2
left_child=-1 4 3 -3 -2 -6
right_child=1 2 -4 -5 5 -7
leaf_value=-0.013813532937949199 0.036890755301908301 0.020394460742277361 -0.034151817758529032 0.074405331460571072 -0.062710477539095213 -0.0056852549263622402
leaf_weight=3874 220 2724 358 317 358 649
leaf_count=3874 220 2724 358 317 358 649
internal_value=-0.000525241 0.0106087 0.0198067 0.0262501 -0.0148255 -0.0263757
internal_weight=8500 4626 3399 3041 1227 1007
internal_count=8500 4626 3399 3041 1227 1007
is_linear=0
shrinkage=0.03


Tree=201
num_leaves=7
num_cat=0
split_feature=9 39 37 13 39 27
split_gain=1962.8 1467.49 1329.64 1279.68 1144.02 987.568
threshold=0.54830993659903993 6.2643497376646673 0.10630430698675848 7.4723037474026315 6.9191895344339427 0.7805673190002963
decision_type=2 2 2 8 2 2
left_child=2 3 -1 -2 -3 -5
right_child=1 4 -4 5 -6 -7
leaf_value=-0.014550411169291871 0.10855693908876152 -0.033078169472414903 0.022659451289040049 -0.028715047118575292 0.054386547173509429 0.039308468140661718
leaf_weight=5004 201 545 1035 219 168 1255
leaf_count=5004 201 545 1035 219 168 1255
internal_value=0.000960148 0.0239272 -0.00814624 0.0392018 -0.0120022 0.0290765
internal_weight=8427 2388 6039 1675 713 1474
internal_count=8427 2388 6039 1675 713 1474
is_linear=0
shrinkage=0.03


Tree=202
num_leaves=7
num_cat=0
split_feature=12 19 34 24 1 16
split_gain=1271.3 943.522 1189.87 973.326 876.579 897.31
threshold=-0.81016721204507658 -0.22256330753615589 1.7895743601992598 -1.2318070892460329 -30.913155412016291 -0.58151675993859342
decision_type=2 2 2 2 2 2
left_child=-1 4 3 -3 5 -2
right_child=1 2 -4 -5 -6 -7
leaf_value=-0.030977080861475947 0.038212534186820829 0.078782848140449613 0.027559764537739506 -0.0091044744375508926 0.058066590725442388 -0.04108417149038375
leaf_weight=1149 269 106 1053 5206 489 228
leaf_count=1149 269 106 1053 5206 489 228
internal_value=-0.00177415 0.0028263 -0.00142025 -0.00720596 0.0299784 0.00174214
internal_weight=8500 7351 6365 5312 986 497
internal_count=8500 7351 6365 5312 986 497
is_linear=0
shrinkage=0.03


Tree=203
num_leaves=7
num_cat=0
split_feature=39 31 9 11 22 14
split_gain=1491.6 1179.32 1155.92 1271.05 1258.96 1614.38
threshold=4.7749040587885982 -2.5538904661191926 -0.060702136473932876 0.56767691454816638 -0.075471416763151083 0.55059280845810032
decision_type=2 2 2 2 2 10
left_child=2 -2 -1 -4 -5 -6
right_child=1 -3 3 4 5 -7
leaf_value=-0.0036682831377855369 -0.095961568836122751 -0.0010370737618099011 0.078277014591681057 -0.03690102408364003 -0.045160181050499279 0.082740407716776668
leaf_weight=690 110 6420 548 243 116 307
leaf_count=690 110 6420 548 243 116 307
internal_value=0.00404187 -0.00278039 0.0273319 0.0448375 0.0165718 0.0474331
internal_weight=8434 6530 1904 1214 666 423
internal_count=8434 6530 1904 1214 666 423
is_linear=0
shrinkage=0.03


Tree=204
num_leaves=7
num_cat=0
split_feature=1 2 19 23 34 6
split_gain=1683.52 1085.83 1057.82 984.896 947.409 866.815
threshold=54.705938407302661 -0.27585022523053576 -0.014312508185389714 -0.20581876207005775 0.01924699061398787 0.69434332222308848
decision_type=2 2 2 2 2 2
left_child=5 4 3 -3 -2 -1
right_child=1 2 -4 -5 -6 -7
leaf_value=-0.012355796038904965 0.077309622270986436 -0.08262416752750304 0.013479644179290056 -0.0053716300672445542 -0.0043735427878797053 -0.085788744757358995
leaf_weight=3706 374 191 3294 575 190 141
leaf_count=3706 374 191 3294 575 190 141
internal_value=-0.000621291 0.0115665 0.00609014 -0.0254509 0.0501954 -0.0152627
internal_weight=8471 4624 4060 766 564 3847
internal_count=8471 4624 4060 766 564 3847
is_linear=0
shrinkage=0.03


Tree=205
num_leaves=7
num_cat=0
split_feature=32 34 37 13 35 26
split_gain=1591.44 993.212 955.039 1100.44 1025.54 877.35
threshold=-0.035549229908394264 2.2208433140547132 -0.088892723760159095 5.7142122938199629 -0.037117621990711384 0.049078478166264643
decision_type=2 2 2 10 2 2
left_child=-1 2 3 -2 -4 -3
right_child=1 5 4 -5 -6 -7
leaf_value=-0.018631145862107179 -0.0069662968069854067 0.023594839238396493 0.03266284319670127 -0.091241427211075046 0.00041582958620049406 0.11218969788957149
leaf_weight=2962 681 379 1278 166 2856 131
leaf_count=2962 681 379 1278 166 2856 131
internal_value=-0.000943556 0.00861415 0.00448594 -0.024355 0.0104396 0.0480714
internal_weight=8453 5491 4981 847 4134 510
internal_count=8453 5491 4981 847 4134 510
is_linear=0
shrinkage=0.03


Tree=206
num_leaves=7
num_cat=0
split_feature=16 1 37 38 19 12
split_gain=1294.43 979.177 961.345 890.991 846.624 878.634
threshold=-1.4148460785564176 823.3784385102457 -0.18273778634263718 6.6100226439425702 -0.40615952954589274 -0.36922093512387205
decision_type=2 2 2 2 2 2
left_child=2 3 -1 4 -2 -6
right_child=1 -3 -4 -5 5 -7
leaf_value=-0.13524219311909241 0.032566703291040958 0.061994527931614161 -0.0089423747844994059 0.018346940817330477 -0.029009461760758987 -0.0021592560237441343
leaf_weight=100 468 222 110 1748 1461 4320
leaf_count=100 468 222 110 1748 1461 4320
internal_value=-0.000683575 0.00123721 -0.0724988 -0.000524752 -0.00582451 -0.00898334
internal_weight=8429 8219 210 7997 6249 5781
internal_count=8429 8219 210 7997 6249 5781
is_linear=0
shrinkage=0.03


Tree=207
num_leaves=7
num_cat=0
split_feature=31 9 18 28 26 13
split_gain=1034.14 1520.66 1932.01 1362.55 831.176 813.404
threshold=1.1099226174110834 1.1235668625472091 0.76495167224017335 1.1269698738566489 0.21268331426272005 -19.587626069901422
decision_type=2 2 2 2 2 8
left_child=4 -2 3 -3 5 -1
right_child=1 2 -4 -5 -6 -7
leaf_value=-0.08987391132116318 0.042939063965596928 -0.011586629348655638 0.030579143287386836 -0.13148101980296464 0.064187204297501729 -0.0075607667472501212
leaf_weight=100 980 193 400 146 133 6472
leaf_count=100 980 193 400 146 133 6472
internal_value=-0.00207876 0.0186142 -0.0137859 -0.0655104 -0.00740376 -0.00894789
internal_weight=8424 1719 739 339 6705 6572
internal_count=8424 1719 739 339 6705 6572
is_linear=0
shrinkage=0.03


Tree=208
num_leaves=7
num_cat=0
split_feature=13 34 34 38 28 15
split_gain=1316.76 1014.71 892.326 817.687 812.91 1025.94
threshold=-19.587626069901422 1.7895743601992598 1.7179473553517897 6.6100226439425702 -0.24824933562593976 -0.70565913839162164
decision_type=8 2 2 2 2 2
left_child=-1 2 3 -2 5 -5
right_child=1 -3 -4 4 -6 -7
leaf_value=-0.10172540603772452 -0.0078470464228222354 0.026328142563515202 -0.087765957858313676 0.0028165205908576825 0.0030603600474314718 0.094086688562910609
leaf_weight=105 5501 1165 102 211 1122 225
leaf_count=105 5501 1165 102 211 1122 225
internal_value=-0.000905173 0.000486787 -0.00374811 -0.00241165 0.0167074 0.0509705
internal_weight=8431 8326 7161 7059 1558 436
internal_count=8431 8326 7161 7059 1558 436
is_linear=0
shrinkage=0.03


Tree=209
num_leaves=7
num_cat=0
split_feature=7 33 25 5 1 22
split_gain=1474.22 1310.53 682.812 916.333 1044.06 1345.07
threshold=2.2606813497320686 -0.25872291820661059 -0.43670150193262408 -0.54561224927676644 -55.075415465188136 -0.32920125360325464
decision_type=2 2 2 2 2 2
left_child=1 -1 -3 -4 5 -5
right_child=-2 2 3 4 -6 -7
leaf_value=-0.077986517476268336 0.074489774302296002 -0.042664303907470121 0.025438273996632132 0.038476541764710256 0.004204945451995944 -0.033650982892654072
leaf_weight=192 220 323 1178 266 4693 1514
leaf_count=192 220 323 1178 266 4693 1514
internal_value=-0.000416375 -0.00252306 -0.000610628 0.00121811 -0.00322208 -0.0227176
internal_weight=8386 8166 7974 7651 6473 1780
internal_count=8386 8166 7974 7651 6473 1780
is_linear=0
shrinkage=0.03


Tree=210
num_leaves=7
num_cat=0
split_feature=16 35 18 24 37 9
split_gain=1030.65 1064.96 826.003 736.276 1078.57 849.813
threshold=-1.4148460785564176 -0.13907372532277837 1.2402894170566632 0.14217379873165628 -0.021473545870749709 0.56724807357982299
decision_type=2 2 2 2 2 2
left_child=-1 -2 3 5 -5 -3
right_child=1 2 -4 4 -6 -7
leaf_value=-0.064757483022313725 0.041681333518929137 -0.0061530751550037182 0.072978540418752985 0.022566206835115409 -0.07757473513822663 0.017196398680007118
leaf_weight=203 559 5243 124 147 254 1904
leaf_count=203 559 5243 124 147 254 1904
internal_value=0.000397611 0.00208115 -0.000854713 -0.00216261 -0.0412088 8.26887e-05
internal_weight=8434 8231 7672 7548 401 7147
internal_count=8434 8231 7672 7548 401 7147
is_linear=0
shrinkage=0.03


Tree=211
num_leaves=7
num_cat=0
split_feature=12 33 35 18 27 22
split_gain=1386.67 800.664 798.001 722.078 851.875 779.005
threshold=-0.44618958186005436 -0.25872291820661059 -0.173721084520985 1.2402894170566632 1.8562685969001675 -0.13847899265582084
decision_type=2 2 2 2 2 2
left_child=-1 -2 -3 4 -4 -6
right_child=1 2 3 -5 5 -7
leaf_value=-0.021552875220076574 -0.071490530409874062 0.062841403997062062 0.0074073151826542878 0.073970555087880169 -0.091713039517604011 -0.0082610743937183567
leaf_weight=2155 107 218 5363 126 138 322
leaf_count=2155 107 218 5363 126 138 322
internal_value=-0.000847877 0.00628688 0.0077499 0.00562901 0.00402594 -0.0347153
internal_weight=8429 6274 6167 5949 5823 460
internal_count=8429 6274 6167 5949 5823 460
is_linear=0
shrinkage=0.03


Tree=212
num_leaves=7
num_cat=0
split_feature=32 33 23 14 23 24
split_gain=1307.33 848.489 867.443 1586.33 1317.69 892.332
threshold=-0.037072924093942972 -0.045115062930350822 -0.0089715171992365648 -0.14878914171342983 -0.29420746149070837 0.0036943100130318678
decision_type=2 2 2 10 2 2
left_child=1 2 4 -4 -1 -6
right_child=-2 -3 3 -5 5 -7
leaf_value=0.019341263662282768 0.0093720442467301428 -0.039764829704699772 -0.013346253497918185 0.085388683150988076 -0.021968787157865748 -0.091720709444345086
leaf_weight=533 5479 888 370 230 650 216
leaf_count=533 5479 888 370 230 650 216
internal_value=0.000767678 -0.0155378 -0.00463129 0.0252815 -0.0175486 -0.0402149
internal_weight=8366 2887 1999 600 1399 866
internal_count=8366 2887 1999 600 1399 866
is_linear=0
shrinkage=0.03


Tree=213
num_leaves=7
num_cat=0
split_feature=33 1 38 22 20 29
split_gain=1315.98 1017.1 994.845 970.992 955.49 873.548
threshold=-0.25872291820661059 823.3784385102457 6.6100226439425702 -0.017952733941693718 -0.0099861693877103357 -1.2886884899173798
decision_type=2 2 2 2 2 2
left_child=-1 2 5 -3 -4 -2
right_child=1 3 4 -5 -6 -7
leaf_value=-0.079339521442140848 -0.048188196459900488 -0.008687040843746878 -0.0057184687479535029 0.11423479188653758 0.038527333696263946 -0.0049015984633189492
leaf_weight=186 442 100 833 123 914 5908
leaf_count=186 442 100 833 123 914 5908
internal_value=-0.00250388 -0.000692975 -0.00246825 0.0611058 0.0175177 -0.00798565
internal_weight=8506 8320 8097 223 1747 6350
internal_count=8506 8320 8097 223 1747 6350
is_linear=0
shrinkage=0.03


Tree=214
num_leaves=7
num_cat=0
split_feature=18 38 25 34 34 9
split_gain=1308.18 992.797 1016.88 808.316 1505.08 1027.18
threshold=1.2402894170566632 2.249904835165133 -0.43670150193262408 1.8141622182577224 1.64064807453926 -0.25317141868943199
decision_type=2 2 2 2 2 2
left_child=1 -1 -3 4 -4 -5
right_child=-2 2 3 5 -6 -7
leaf_value=0.036714846536760853 0.08932165119321421 -0.055964269165036287 -0.0042865419434833987 -0.054253401297398592 -0.087872416272014364 0.036574628830195521
leaf_weight=525 131 334 6399 122 190 762
leaf_count=525 131 334 6399 122 190 762
internal_value=-0.00129679 -0.0028269 -0.00552955 -0.00320363 -0.00682633 0.0235729
internal_weight=8463 8332 7807 7473 6589 884
internal_count=8463 8332 7807 7473 6589 884
is_linear=0
shrinkage=0.03


Tree=215
num_leaves=7
num_cat=0
split_feature=31 3 5 24 36 23
split_gain=1275.31 1546.47 723.457 964.715 737.325 975.488
threshold=-0.63843946984805178 -0.5477185353718711 1.9300181005255481 0.14217379873165628 -0.0042131429344633726 -0.08855434456612403
decision_type=2 2 2 2 2 2
left_child=-1 -2 3 4 -3 -6
right_child=1 2 -4 -5 5 -7
leaf_value=-0.020462949439765375 0.060414230130528185 -0.01377424850273354 0.062493856938265133 -0.056809782526072328 -0.0056603445097630611 0.024970402718010837
leaf_weight=2171 430 1645 163 245 1794 1939
leaf_count=2171 430 1645 163 245 1794 1939
internal_value=-0.000722022 0.00619449 0.00206774 0.000208269 0.0029064 0.0102741
internal_weight=8387 6216 5786 5623 5378 3733
internal_count=8387 6216 5786 5623 5378 3733
is_linear=0
shrinkage=0.03


Tree=216
num_leaves=7
num_cat=0
split_feature=43 20 32 39 32 35
split_gain=1066.53 1671.85 1061.51 919.917 1132.08 872.138
threshold=1.0000000180025095e-35 0.30214286609432467 -0.11956224899830707 5.3636340903656388 0.031423185359494066 -0.054877648271084122
decision_type=2 2 2 2 2 2
left_child=1 2 -1 4 5 -3
right_child=-2 3 -4 -5 -6 -7
leaf_value=-0.044844427675888449 -0.018163814789294276 -0.044214895104523748 -0.00012208463059966795 0.013707471581498851 0.11636784096130902 0.055764258324660053
leaf_weight=549 2764 102 3283 1233 196 261
leaf_count=549 2764 102 3283 1233 196 261
internal_value=-0.00293954 0.00456162 -0.00662938 0.0283963 0.0599856 0.0272387
internal_weight=8388 5624 3832 1792 559 363
internal_count=8388 5624 3832 1792 559 363
is_linear=0
shrinkage=0.03


Tree=217
num_leaves=7
num_cat=0
split_feature=12 22 32 22 9 23
split_gain=1411.93 1158.7 757.594 857.161 1411.31 869.24
threshold=-0.81016721204507658 -0.71022882618026328 -0.021298029930656683 -0.25333733282176096 -0.38128687864775462 0.022306133720015182
decision_type=2 2 2 2 2 2
left_child=1 -1 3 4 -2 -5
right_child=2 -3 -4 5 -6 -7
leaf_value=-0.11996123923341082 0.08961442200131714 -0.018784093304766693 0.01401077526791336 -0.02603427382312436 -0.0040138991227710715 0.025602425769111654
leaf_weight=104 190 1025 4712 1567 523 352
leaf_count=104 190 1025 4712 1567 523 352
internal_value=0.0020084 -0.0290756 0.00682001 -0.00605772 0.0218305 -0.016479
internal_weight=8473 1129 7344 2632 713 1919
internal_count=8473 1129 7344 2632 713 1919
is_linear=0
shrinkage=0.03


Tree=218
num_leaves=7
num_cat=0
split_feature=15 18 19 38 38 9
split_gain=1612.74 1118.23 1038.91 926.417 858.744 829.289
threshold=-1.4206227761253978 0.71416192776948295 -0.40615952954589274 5.5353618778730294 6.0075831725221649 -1.2292724303709315
decision_type=2 2 2 2 2 2
left_child=-1 2 -2 -3 -5 -4
right_child=1 3 5 4 -6 -7
leaf_value=-0.044998146165440331 0.04472085391911923 0.078661355359945437 -0.074002908937956968 -0.058696150711904732 0.032712255597564598 0.00033808304523404365
leaf_weight=593 465 310 128 107 437 6312
leaf_count=593 465 310 128 107 437 6312
internal_value=0.00226741 0.00593306 0.00190417 0.0381094 0.0139981 -0.00125194
internal_weight=8352 7759 6905 854 544 6440
internal_count=8352 7759 6905 854 544 6440
is_linear=0
shrinkage=0.03


Tree=219
num_leaves=7
num_cat=0
split_feature=18 37 21 37 29 25
split_gain=1064.52 1034.66 1087.35 821.806 766.711 754.976
threshold=0.85507102516804612 0.10630430698675848 0.068258063072879779 0.044118443688119027 1.5693071843491169 0.027897346833569255
decision_type=2 2 2 2 2 2
left_child=1 2 -1 -2 -3 -4
right_child=3 4 5 -5 -6 -7
leaf_value=-0.0027989270391936658 0.087593612323822748 0.026983374720392653 -0.011716913682368636 0.013354131666219923 -0.053338482747304024 -0.10579121433198452
leaf_weight=5922 211 1487 153 353 106 150
leaf_count=5922 211 1487 153 353 106 150
internal_value=0.00273748 -0.000157491 -0.00568399 0.0421703 0.0213393 -0.0601804
internal_weight=8382 7818 6225 564 1593 303
internal_count=8382 7818 6225 564 1593 303
is_linear=0
shrinkage=0.03


Tree=220
num_leaves=7
num_cat=0
split_feature=1 35 39 22 23 21
split_gain=1444.55 1168.26 949.737 892.486 1155.1 925.881
threshold=-284.91001132841126 -0.13907372532277837 4.7578820629520608 -0.17441468061303836 0.035427553092891861 0.0058202629193700381
decision_type=2 2 2 2 2 2
left_child=3 -2 -3 -1 5 -5
right_child=1 2 -4 4 -6 -7
leaf_value=0.00018594342802694979 0.04980276386468456 0.021050421372160451 -0.0052772684870076945 -0.10850871235603772 0.016362111897518239 -0.022930308065631174
leaf_weight=437 458 1595 5313 306 152 188
leaf_count=437 458 1595 5313 306 152 188
internal_value=-0.000838451 0.00393204 0.000823219 -0.0330239 -0.0551498 -0.0770416
internal_weight=8449 7366 6908 1083 646 494
internal_count=8449 7366 6908 1083 646 494
is_linear=0
shrinkage=0.03


Tree=221
num_leaves=7
num_cat=0
split_feature=9 24 24 35 8 30
split_gain=1403.51 1257.6 973.23 874.375 969.149 1914.94
threshold=0.56724807357982299 -0.27855297674068891 0.12077146914492533 -0.046032387058801777 -0.28922392160527988 -0.42999680641102001
decision_type=2 2 2 2 2 2
left_child=3 -2 -3 4 -1 -6
right_child=1 2 -4 -5 5 -7
leaf_value=0.035109375162275837 -0.015395919425237013 0.043658008215888659 -0.020683156218202339 -0.013740053317401123 -0.10012179113404694 0.011652911557124472
leaf_weight=807 625 1427 242 4414 162 689
leaf_count=807 625 1427 242 4414 162 689
internal_value=0.000784479 0.020724 0.0342611 -0.00677034 0.0117559 -0.0105407
internal_weight=8366 2294 1669 6072 1658 851
internal_count=8366 2294 1669 6072 1658 851
is_linear=0
shrinkage=0.03


Tree=222
num_leaves=7
num_cat=0
split_feature=12 18 24 27 13 18
split_gain=1387.51 1054.83 1182.86 835.852 719.466 880.978
threshold=-0.90247788288475805 0.78026244949045065 -0.098739050911727383 1.9705248142746301 16.540408501320204 0.26673509647867727
decision_type=2 2 2 2 10 2
left_child=-1 3 -3 4 5 -2
right_child=1 2 -4 -5 -6 -7
leaf_value=-0.033912238726184145 0.0066533249336683158 0.0051623309526554082 0.085853055573807194 -0.058601600242157777 0.040761537734660312 -0.019277356126764848
leaf_weight=956 4621 378 280 197 407 1572
leaf_count=956 4621 378 280 197 407 1572
internal_value=-8.04004e-05 0.00429768 0.04027 0.000761246 0.00261911 5.07449e-05
internal_weight=8411 7455 658 6797 6600 6193
internal_count=8411 7455 658 6797 6600 6193
is_linear=0
shrinkage=0.03


Tree=223
num_leaves=7
num_cat=0
split_feature=37 26 22 16 10 22
split_gain=895.219 922.141 1087.31 907.998 1274.96 908.379
threshold=-0.0023846697657426835 -0.13940804725856731 -0.15582902310542487 -0.73111183483270592 -1.0110279420313077 0.0054050982590561148
decision_type=2 2 2 2 2 2
left_child=1 2 -1 -2 -5 -6
right_child=3 -3 -4 4 5 -7
leaf_value=0.028388138624683711 0.068933140166721349 -0.017643515383961937 -0.068978247115925206 -0.092681144984388675 0.0023871080673546988 0.033907285851983181
leaf_weight=833 220 2764 108 101 3282 1089
leaf_count=833 220 2764 108 101 3282 1089
internal_value=0.00208614 -0.00892365 0.0166054 0.0107804 0.00777217 0.0102996
internal_weight=8397 3705 941 4692 4472 4371
internal_count=8397 3705 941 4692 4472 4371
is_linear=0
shrinkage=0.03


Tree=224
num_leaves=7
num_cat=0
split_feature=37 22 43 39 28 32
split_gain=791.803 678.91 908.191 895.613 699.166 657.004
threshold=-0.26366988245597461 0.014825898817166873 1.0000000180025095e-35 6.1169946617621926 -0.98505353627318337 0.21741832496051403
decision_type=2 2 2 2 2 2
left_child=-1 4 -3 -4 -2 -6
right_child=1 2 3 -5 5 -7
leaf_value=-0.050475295343672608 0.031929585423562057 0.041397950533161948 0.013256229732577259 -0.075657186459421238 -0.0064229799886957413 0.046942659368521947
leaf_weight=258 499 801 399 126 6110 205
leaf_count=258 499 801 399 126 6110 205
internal_value=0.000263436 0.00193158 0.0214866 -0.00909828 -0.00189974 -0.00461913
internal_weight=8398 8140 1326 525 6814 6315
internal_count=8398 8140 1326 525 6814 6315
is_linear=0
shrinkage=0.03


Tree=225
num_leaves=7
num_cat=0
split_feature=33 35 36 20 24 25
split_gain=920.115 1024.34 1010.88 1038.68 1028.62 735.692
threshold=-0.15168833185932762 -0.074946775914313951 0.00064545457422538974 -0.43379625655856741 -0.11125492082564413 -0.43670150193262408
decision_type=2 2 2 2 2 2
left_child=1 -1 3 -3 -5 -2
right_child=5 2 -4 4 -6 -7
leaf_value=-0.092943276819483986 -0.040720300103227296 -0.10379683166125725 0.038044197462135693 0.052356638282962491 -0.053706038048409892 0.0067689835156779093
leaf_weight=164 296 135 236 139 174 7296
leaf_count=164 296 135 236 139 174 7296
internal_value=0.00154429 -0.0279074 -0.0111995 -0.0374046 -0.00644202 0.00486632
internal_weight=8440 848 684 448 313 7592
internal_count=8440 848 684 448 313 7592
is_linear=0
shrinkage=0.03


Tree=226
num_leaves=7
num_cat=0
split_feature=33 35 12 11 7 26
split_gain=1028.94 955.498 817.139 761.65 770.951 760.654
threshold=-0.15168833185932762 -0.1165524739104622 -0.61788627815249997 -0.99304569851025437 2.4283638559134997 -0.092838314558190291
decision_type=2 2 2 2 2 2
left_child=-1 5 -3 -4 -5 -2
right_child=1 2 3 4 -6 -7
leaf_value=-0.032701136038855924 0.085324272217635569 -0.02396856950626446 0.043101972515415164 -0.0016719958421432988 0.065810108254752628 0.01563840462106534
leaf_weight=843 187 1182 393 5154 147 518
leaf_count=843 187 1182 393 5154 147 518
internal_value=-0.001462 0.00205026 -0.00137997 0.00334293 0.000319714 0.0350573
internal_weight=8424 7581 6876 5694 5301 705
internal_count=8424 7581 6876 5694 5301 705
is_linear=0
shrinkage=0.03


Tree=227
num_leaves=7
num_cat=0
split_feature=1 38 7 27 19 33
split_gain=1052.26 692.977 747.959 964.147 793.253 1139.05
threshold=-664.03069053082902 6.6100226439425702 2.4283638559134997 1.9705248142746301 0.011168061307397862 0.088343360494617634
decision_type=2 2 2 2 2 2
left_child=-1 2 3 4 5 -2
right_child=1 -3 -4 -5 -6 -7
leaf_value=-0.086865798369050021 -0.020086784359977069 0.018914926178574432 0.065665244103098902 -0.061107979279709047 0.010091006211387305 0.025027226490050555
leaf_weight=110 2602 1822 134 241 2951 615
leaf_count=110 2602 1822 134 241 2951 615
internal_value=0.00134364 0.00260593 -0.0019575 -0.00347146 -0.00112418 -0.0114114
internal_weight=8475 8365 6543 6409 6168 3217
internal_count=8475 8365 6543 6409 6168 3217
is_linear=0
shrinkage=0.03


Tree=228
num_leaves=7
num_cat=0
split_feature=18 33 1 22 43 35
split_gain=1186.86 922.2 728.765 1268.15 1250.04 898.513
threshold=1.2402894170566632 -0.25872291820661059 -44.279275030331284 -0.17441468061303836 1.0000000180025095e-35 -0.173721084520985
decision_type=2 2 2 2 2 2
left_child=1 -1 3 -3 5 -4
right_child=-2 2 4 -5 -6 -7
leaf_value=-0.062482500890325192 0.088006026333237022 0.015363273258547409 0.094987749219354656 -0.026029001452060208 -0.012144533631792808 0.015934435277659267
leaf_weight=192 133 1080 125 1707 1711 3478
leaf_count=192 133 1080 125 1707 1711 3478
internal_value=0.00231383 0.000835195 0.00241106 -0.00999136 0.00892222 0.0189324
internal_weight=8426 8293 8101 2787 5314 3603
internal_count=8426 8293 8101 2787 5314 3603
is_linear=0
shrinkage=0.03


Tree=229
num_leaves=7
num_cat=0
split_feature=33 9 17 19 21 11
split_gain=1351.54 866.586 1291.24 1589.43 1504.22 1312.83
threshold=-0.27427975927965492 0.5773079132388742 0.46704554744704041 0.03378714925449753 -0.18386021670049471 0.76278465298536025
decision_type=2 2 2 2 2 2
left_child=-1 -2 3 -3 5 -4
right_child=1 2 4 -5 -6 -7
leaf_value=-0.08745051555554656 -0.0079500357322609128 -0.013274884098905256 -0.12879937996901572 0.079898395050384999 0.02039741919651495 -0.016593081313215827
leaf_weight=160 6020 251 110 456 1004 449
leaf_count=160 6020 251 110 456 1004 449
internal_value=-0.00371472 -0.00199518 0.0137626 0.0470961 -0.00151886 -0.0405486
internal_weight=8450 8290 2270 707 1563 559
internal_count=8450 8290 2270 707 1563 559
is_linear=0
shrinkage=0.03


Tree=230
num_leaves=7
num_cat=0
split_feature=1 1 21 21 22 17
split_gain=1053.2 746.325 1904.47 961.64 1145.5 1054.5
threshold=-630.72411552148458 823.3784385102457 -0.060777506769233984 -0.11973319773724676 -0.049919235181498912 0.37859274372966495
decision_type=2 2 2 2 2 2
left_child=-1 3 -3 4 5 -2
right_child=1 2 -4 -5 -6 -7
leaf_value=-0.079762932416555035 0.018145529337241142 -0.044359057163650337 0.12245566284039924 -0.0093075715785882092 0.064214512370416241 -0.019862009902862316
leaf_weight=138 2015 100 135 4701 327 963
leaf_count=138 2015 100 135 4701 327 963
internal_value=-0.000443087 0.000980227 0.0525574 -0.000597395 0.0117826 0.00582964
internal_weight=8379 8241 235 8006 3305 2978
internal_count=8379 8241 235 8006 3305 2978
is_linear=0
shrinkage=0.03


Tree=231
num_leaves=7
num_cat=0
split_feature=39 18 21 4 16 17
split_gain=1066.46 888.934 1270.03 1091 1067 983.878
threshold=4.7749040587885982 -0.13608646952499606 -0.18792855848716197 -0.18563524501852657 -0.63760252730942291 0.60621629721945869
decision_type=2 2 2 2 2 2
left_child=1 2 -1 4 -4 -3
right_child=-2 5 3 -5 -6 -7
leaf_value=0.053144172737886616 -0.00542970659553128 0.052777186598799479 -0.0048885126845403153 0.024285787533630025 -0.13259700365798316 0.00011204368186374542
leaf_weight=172 6538 841 100 133 136 511
leaf_count=172 6538 841 100 133 136 511
internal_value=0.000315869 0.0200841 -0.0122537 -0.0433352 -0.0808817 0.0330189
internal_weight=8431 1893 541 369 236 1352
internal_count=8431 1893 541 369 236 1352
is_linear=0
shrinkage=0.03


Tree=232
num_leaves=7
num_cat=0
split_feature=33 25 34 39 37 19
split_gain=930.95 870.881 953.038 976.6 798.686 1032.01
threshold=-0.27427975927965492 -0.35770824961074249 0.85006625686796766 6.4060542220500789 -0.26366988245597461 -0.40615952954589274
decision_type=2 2 2 2 2 2
left_child=-1 2 3 -2 -3 -6
right_child=1 4 -4 -5 5 -7
leaf_value=-0.068420882717121476 -0.044860164176751954 -0.052036287292855178 -0.11102364444197751 0.052868725368141259 0.045637606750998899 0.0031015465868474246
leaf_weight=162 272 208 107 127 544 7026
leaf_count=162 272 208 107 127 544 7026
internal_value=0.00066179 0.00209362 -0.0356537 -0.0132214 0.00459191 0.00621447
internal_weight=8446 8284 506 399 7778 7570
internal_count=8446 8284 506 399 7778 7570
is_linear=0
shrinkage=0.03


Tree=233
num_leaves=7
num_cat=0
split_feature=18 37 16 33 16 33
split_gain=1461.4 1109.82 888.105 826.655 1083.19 882.558
threshold=1.2402894170566632 -0.079616593916089218 -1.4148460785564176 -0.040508353255254544 -0.91864809454494856 -0.11987259739228671
decision_type=2 2 2 2 2 2
left_child=1 2 -1 5 -5 -4
right_child=-2 -3 3 4 -6 -7
leaf_value=-0.088393249442500446 0.096616410748429693 0.0059646168831250001 -0.021362402339890053 0.042916554923278172 -0.04341260028735644 0.037374311185002056
leaf_weight=145 132 6190 461 144 920 441
leaf_count=145 132 6190 461 144 920 441
internal_value=0.00118782 -0.000444083 -0.0191756 -0.013649 -0.0314381 0.0074497
internal_weight=8433 8301 2111 1966 1064 902
internal_count=8433 8301 2111 1966 1064 902
is_linear=0
shrinkage=0.03


Tree=234
num_leaves=7
num_cat=0
split_feature=31 38 35 6 12 31
split_gain=959.075 927.658 1037.14 869.249 1223.52 732.526
threshold=-2.5538904661191926 2.249904835165133 -0.1165524739104622 -1.6569104366232565 -0.61788627815249997 -0.56613137908781452
decision_type=2 2 2 2 2 2
left_child=-1 -2 5 -4 -5 -3
right_child=1 2 3 4 -6 -7
leaf_value=-0.076608554258213168 0.038931892843218935 -0.0079028477148576203 0.056305870328734561 -0.034392254535060833 -0.00062307246173213203 0.053482442472901834
leaf_weight=133 553 265 195 1155 5645 492
leaf_count=133 553 265 195 1155 5645 492
internal_value=0.000425046 0.00174935 -0.000949864 -0.00457498 -0.00640095 0.0321707
internal_weight=8438 8305 7752 6995 6800 757
internal_count=8438 8305 7752 6995 6800 757
is_linear=0
shrinkage=0.03


Tree=235
num_leaves=7
num_cat=0
split_feature=34 35 38 34 11 38
split_gain=1061.72 765.467 876.815 942.899 862.351 704.268
threshold=1.7895743601992598 -0.1165524739104622 1.0000000180025095e-35 1.6164857148226157 -1.2744902024891682 6.7393359271010906
decision_type=2 2 2 2 2 2
left_child=1 4 -3 5 -1 -4
right_child=-2 2 3 -5 -6 -7
leaf_value=-0.054679247171485 0.023982591947428782 0.034091507193681439 -0.015485010574517039 -0.077005460488022065 0.036117174325828873 0.01117219370074214
leaf_weight=102 1139 370 4991 190 605 1078
leaf_count=102 1139 370 4991 190 605 1078
internal_value=-0.00283884 -0.00703016 -0.0102021 -0.0128707 0.0224379 -0.0107395
internal_weight=8475 7336 6629 6259 707 6069
internal_count=8475 7336 6629 6259 707 6069
is_linear=0
shrinkage=0.03


Tree=236
num_leaves=7
num_cat=0
split_feature=18 33 3 31 17 33
split_gain=911.727 842.048 815.22 1119.74 826.942 1010.26
threshold=1.2402894170566632 -0.25872291820661059 -0.55787119567048016 -0.63843946984805178 -0.58749577993281099 -0.11414790751414941
decision_type=2 2 2 2 2 2
left_child=1 -1 3 -3 5 -4
right_child=-2 2 4 -5 -6 -7
leaf_value=-0.06199101482198309 0.075064980430411293 0.003597377684005588 0.03132415790890096 0.06189702110355054 -0.00095123319704149239 -0.059922762388524189
leaf_weight=191 133 1013 137 410 6135 442
leaf_count=191 133 1013 137 410 6135 442
internal_value=-4.42452e-05 -0.00133235 0.00016584 0.0207096 -0.00421264 -0.0381671
internal_weight=8461 8328 8137 1423 6714 579
internal_count=8461 8328 8137 1423 6714 579
is_linear=0
shrinkage=0.03


Tree=237
num_leaves=7
num_cat=0
split_feature=37 35 7 18 6 22
split_gain=885.381 768.585 790.099 759.333 635.021 854.558
threshold=-0.26366988245597461 0.11467953711605121 2.4283638559134997 -0.39325065917908014 1.8128188558664384 -0.016339719978290281
decision_type=2 2 2 2 2 2
left_child=-1 2 -2 -3 5 -5
right_child=1 3 -4 4 -6 -7
leaf_value=-0.057536893259467821 -0.0049768825522511807 0.095081631305468511 0.067489497104416721 0.031713024950189184 0.075145845261330779 -0.036336138975067232
leaf_weight=242 7277 113 128 377 120 281
leaf_count=242 7277 113 128 377 120 281
internal_value=-0.00213958 -0.000456281 -0.00363493 0.0257082 0.0145534 0.0025436
internal_weight=8538 8296 7405 891 778 658
internal_count=8538 8296 7405 891 778 658
is_linear=0
shrinkage=0.03


Tree=238
num_leaves=7
num_cat=0
split_feature=18 13 21 34 13 8
split_gain=1047.92 980.31 778.893 787.606 780.447 840.386
threshold=1.2402894170566632 -19.587626069901422 0.030333291586450529 0.72896280150693638 0.11810904983252164 0.86479715606773522
decision_type=2 8 2 2 8 2
left_child=1 -1 -3 4 -4 -6
right_child=-2 2 3 -5 5 -7
leaf_value=-0.087639292165511792 0.08003733812293537 0.0021851229848595054 -0.017504734511386202 0.012049664098366691 -0.13739081483334303 -0.021666440931814055
leaf_weight=109 132 7449 322 286 130 102
leaf_count=109 132 7449 322 286 130 102
internal_value=-0.000781167 -0.00214516 -0.000916664 -0.028125 -0.0487109 -0.0895097
internal_weight=8530 8398 8289 840 554 232
internal_count=8530 8398 8289 840 554 232
is_linear=0
shrinkage=0.03


Tree=239
num_leaves=7
num_cat=0
split_feature=18 35 19 6 36 32
split_gain=908.268 761.824 793.576 993.533 708.71 655.205
threshold=1.3200130979596716 0.11467953711605121 0.68890002765927627 1.6806536245817225 -0.0044713653960757179 0.088032348541684749
decision_type=2 2 2 2 2 2
left_child=1 2 3 -1 -3 -6
right_child=-2 4 -4 -5 5 -7
leaf_value=-0.0061756783369717842 0.083847690923647439 -0.016352264097203379 -0.055372721972142123 0.054350799179006468 0.058557053663442805 -0.01714888592271039
leaf_weight=6950 100 266 272 243 457 127
leaf_count=6950 100 266 272 243 457 127
internal_value=-0.00179707 -0.00292655 -0.00599961 -0.0040583 0.023818 0.0420821
internal_weight=8415 8315 7465 7193 850 584
internal_count=8415 8315 7465 7193 850 584
is_linear=0
shrinkage=0.03


Tree=240
num_leaves=7
num_cat=0
split_feature=34 29 34 1 3 12
split_gain=996.587 981.085 829.841 721.534 859.287 820.663
threshold=1.7895743601992598 -0.22878880277022717 1.6751670533601539 -440.65038624361881 -0.55787119567048016 -1.1557314416259497
decision_type=2 2 2 2 2 2
left_child=2 -2 3 -1 -5 -6
right_child=1 -3 -4 4 5 -7
leaf_value=-0.037805586053327948 -0.037284101299307447 0.037726389184182314 -0.067556529907540908 0.024177977021430753 -0.07057416606240155 -0.0024501616879851807
leaf_weight=467 178 985 169 1125 154 5421
leaf_count=467 178 985 169 1125 154 5421
internal_value=0.000348275 0.0260259 -0.00375236 -0.00215581 0.000381671 -0.00445497
internal_weight=8499 1163 7336 7167 6700 5575
internal_count=8499 1163 7336 7167 6700 5575
is_linear=0
shrinkage=0.03


Tree=241
num_leaves=7
num_cat=0
split_feature=33 33 31 21 24 39
split_gain=1174.35 761.862 1066.03 846.852 835.294 833.576
threshold=-0.28556718515058616 0.038529824328096533 -1.1136584633455693 0.010083690006069897 0.14217379873165628 6.5589065201527559
decision_type=2 2 2 2 2 2
left_child=-1 3 -3 -2 -4 -5
right_child=1 2 4 5 -6 -7
leaf_value=-0.085533984290701998 0.00068747479542011528 -0.053083615435370761 0.022472462960533828 -0.016275656765596155 -0.044388993019858991 -0.087243906602499977
leaf_weight=130 4304 191 2734 737 170 179
leaf_count=130 4304 191 2734 737 170 179
internal_value=0.000632597 0.00208088 0.0138501 -0.00491037 0.0184195 -0.0309363
internal_weight=8445 8315 3095 5220 2904 916
internal_count=8445 8315 3095 5220 2904 916
is_linear=0
shrinkage=0.03


Tree=242
num_leaves=7
num_cat=0
split_feature=29 4 1 36 36 16
split_gain=1078.99 677.665 903.888 1098.21 873.471 953.075
threshold=-1.8658257179280067 -1.1264953457465279 54.705938407302661 -0.1011910893519478 0.010494248780024784 0.29411439630583891
decision_type=2 2 2 2 2 2
left_child=-1 -2 4 -4 -3 -6
right_child=1 2 3 -5 5 -7
leaf_value=-0.072013784564774613 0.059631156131388648 -0.017490976969087968 -0.068598176475787004 0.013733595985942726 0.031310956082617247 -0.052657208670766988
leaf_weight=164 179 2701 141 4391 710 137
leaf_count=164 179 2701 141 4391 710 137
internal_value=0.00192202 0.00347548 0.00215927 0.0110267 -0.0091666 0.0172734
internal_weight=8423 8259 8080 4532 3548 847
internal_count=8423 8259 8080 4532 3548 847
is_linear=0
shrinkage=0.03


Tree=243
num_leaves=7
num_cat=0
split_feature=30 27 35 30 4 35
split_gain=933.186 742.21 627.163 682.298 950.492 598.788
threshold=1.9469717737626036 2.0518858491966641 -0.13907372532277837 -1.0713947574215608 -0.37580525092439149 0.027198618828198916
decision_type=2 2 2 2 2 2
left_child=1 2 3 -1 -5 -4
right_child=-2 -3 5 4 -6 -7
leaf_value=-0.031601667702198029 0.040067832095791463 -0.076407479457557201 -0.011910571326988527 0.1173383065943461 0.017316940533015218 0.0056391984189936139
leaf_weight=124 450 115 4449 112 301 2872
leaf_count=124 450 115 4449 112 301 2872
internal_value=-0.00148353 -0.00387596 -0.00271871 0.0282746 0.0465741 -0.00502756
internal_weight=8423 7973 7858 537 413 7321
internal_count=8423 7973 7858 537 413 7321
is_linear=0
shrinkage=0.03


Tree=244
num_leaves=7
num_cat=0
split_feature=1 21 4 21 17 36
split_gain=1116.65 950.962 1408.66 800.17 592.579 937.791
threshold=573.87692084080425 -0.069249868154602837 0.54249227681559831 0.008600495555116279 0.8224496833806163 0.00015898930060728736
decision_type=2 2 2 2 2 2
left_child=4 2 -2 -3 5 -1
right_child=1 3 -4 -5 -6 -7
leaf_value=-0.010706006680843722 0.090885862926574967 0.10878969866217988 -0.03443226327364509 0.023094970791113622 -0.029304207358112993 0.011579334278683824
leaf_weight=4001 101 188 286 208 742 2939
leaf_count=4001 101 188 286 208 742 2939
internal_value=-0.000514414 0.0333814 -0.000261005 0.0654558 -0.0040082 -0.00126537
internal_weight=8465 783 387 396 7682 6940
internal_count=8465 783 387 396 7682 6940
is_linear=0
shrinkage=0.03


Tree=245
num_leaves=7
num_cat=0
split_feature=37 20 20 26 19 26
split_gain=614.598 674.14 825.694 917.474 888.871 761.164
threshold=-0.0023846697657426835 -1.0558395617855305 -0.61521796058355527 -0.014915445374734765 -0.36570528750970371 -0.0096597788402589969
decision_type=2 2 2 2 2 2
left_child=1 -1 4 -4 -3 -5
right_child=-2 2 3 5 -6 -7
leaf_value=0.042165937124381422 0.0085324277661821945 -0.1241474960852753 0.0070758421916092169 -0.10100784103036858 -0.023457241639637715 -0.018463808208827145
leaf_weight=219 4695 100 1930 102 303 1079
leaf_count=219 4695 100 1930 102 303 1079
internal_value=0.00131665 -0.00775719 -0.0109793 -0.00566896 -0.0508434 -0.0263812
internal_weight=8428 3733 3514 3111 403 1181
internal_count=8428 3733 3514 3111 403 1181
is_linear=0
shrinkage=0.03


Tree=246
num_leaves=7
num_cat=0
split_feature=33 1 22 43 35 22
split_gain=1075 708.288 1188.38 1085.47 1213.47 1020.81
threshold=-0.20175901040393948 -44.279275030331284 -0.17441468061303836 1.0000000180025095e-35 -0.1165524739104622 -0.010180370044639305
decision_type=2 2 2 2 2 2
left_child=-1 2 -2 4 -3 -6
right_child=1 3 -4 -5 5 -7
leaf_value=-0.044544689883329686 0.015369340092227525 0.073526956512823372 -0.026320358840362448 -0.011396537493708253 0.0014473336143892498 0.037833830753577692
leaf_weight=461 977 309 1629 1698 2351 975
leaf_count=461 977 309 1629 1698 2351 975
internal_value=-0.000508536 0.00210137 -0.0106917 0.00836109 0.0175963 0.0121953
internal_weight=8400 7939 2606 5333 3635 3326
internal_count=8400 7939 2606 5333 3635 3326
is_linear=0
shrinkage=0.03


Tree=247
num_leaves=7
num_cat=0
split_feature=25 18 33 23 18 37
split_gain=670.877 648.15 976.008 1046.79 868.43 803.181
threshold=-0.43670150193262408 0.71416192776948295 -0.043765651085020521 -0.48254855470361652 0.636580621493951 0.22197417772822106
decision_type=2 2 2 2 2 2
left_child=-1 4 -3 -4 5 -2
right_child=1 2 3 -5 -6 -7
leaf_value=-0.038215691147245004 0.0017947625970684341 0.089496089157182712 -0.071257660899278333 0.029242620860573755 -0.055236142462382662 0.050216464161319259
leaf_weight=327 6798 182 103 529 220 313
leaf_count=327 6798 182 103 529 220 313
internal_value=0.00327147 0.00498188 0.0302098 0.0120088 0.00214335 0.00399363
internal_weight=8472 8145 814 632 7331 7111
internal_count=8472 8145 814 632 7331 7111
is_linear=0
shrinkage=0.03


Tree=248
num_leaves=7
num_cat=0
split_feature=38 37 35 36 20 38
split_gain=1164.23 897.34 736.694 1067.89 808.568 906.988
threshold=2.249904835165133 -0.26366988245597461 0.11467953711605121 -0.0086207782791911571 0.2796172940613833 6.7135633652932718
decision_type=2 2 2 2 2 2
left_child=-1 -2 4 -4 -3 -6
right_child=1 2 3 -5 5 -7
leaf_value=0.041231929243787338 -0.058867547098724611 -0.011902444600785357 -0.026448925302689334 0.048357499094166569 0.00093501348483526162 0.049287241223574307
leaf_weight=560 242 4507 239 556 1878 419
leaf_count=560 242 4507 239 556 1878 419
internal_value=-0.000166647 -0.00317206 -0.00132333 0.0258193 -0.004528 0.00993044
internal_weight=8401 7841 7599 795 6804 2297
internal_count=8401 7841 7599 795 6804 2297
is_linear=0
shrinkage=0.03


Tree=249
num_leaves=7
num_cat=0
split_feature=5 15 31 26 24 27
split_gain=819.085 1016.95 1009.97 785.875 693.577 680.859
threshold=-0.54561224927676644 1.7144148519819931 -2.4110196849497232 -0.6490875924302093 -0.91254389729745788 1.6945144606810272
decision_type=2 2 2 2 2 2
left_child=2 3 -1 -2 -5 -3
right_child=1 5 -4 4 -6 -7
leaf_value=-0.059507652141831138 -0.084186129410092431 0.082106513548642401 0.027945210076156586 0.044069249013488271 -0.0094651835249908549 0.010866308978778853
leaf_weight=122 113 164 1236 216 6154 407
leaf_count=122 113 164 1236 216 6154 407
internal_value=-0.00153837 -0.00565131 0.0197111 -0.00904646 -0.00758366 0.0323886
internal_weight=8412 7054 1358 6483 6370 571
internal_count=8412 7054 1358 6483 6370 571
is_linear=0
shrinkage=0.03


end of trees

feature_importances:
edge_rec_ppd=324
elo_diff=209
edge_sr_early=86
edge_rec_sr=50
x_pass_a=47
edge_rec_epa=46
a_qb_exp_db_log=44
edge_sr_rush=38
edge_expl=38
l4_edge_epa=38
l2_edge_epa=37
x_pass_h=36
edge_st_net=36
edge_epa=35
x_rush_a=35
eff_pts_raw=34
edge_fg_value=33
qb_exp_edge=32
edge_sr=29
x_rush_h=29
edge_epa_rush=27
h_qb_exp_db_log=24
edge_rec_epa_rush=21
edge_expl_pass=20
edge_prior_ppd=18
edge_sr_pd=15
qb_delta_edge=15
x_sack_a=12
edge_epa_pass=11
edge_expl_rush=10
x_sack_h=10
edge_sr_3rd=9
edge_prior_epa_rush=8
edge_prior_sr=7
edge_sr_pass=7
edge_prior_epa_pass=6
match_mix_edge=6
edge_prior_epa=5
qb_missing_any=5
qb_unsettled_any=4
edge_rec_epa_pass=3
h_qb_changed=1

parameters:
[boosting: gbdt]
[objective: huber]
[metric: huber]
[tree_learner: serial]
[device_type: cpu]
[data_sample_strategy: bagging]
[data: ]
[valid: ]
[num_iterations: 250]
[learning_rate: 0.03]
[num_leaves: 7]
[num_threads: 1]
[seed: 20260927]
[deterministic: 1]
[force_col_wise: 0]
[force_row_wise: 1]
[histogram_pool_size: -1]
[max_depth: -1]
[min_data_in_leaf: 100]
[min_sum_hessian_in_leaf: 0.001]
[bagging_fraction: 0.8]
[pos_bagging_fraction: 1]
[neg_bagging_fraction: 1]
[bagging_freq: 1]
[bagging_seed: 20260927]
[bagging_by_query: 0]
[feature_fraction: 0.7]
[feature_fraction_bynode: 1]
[feature_fraction_seed: 20260927]
[extra_trees: 0]
[extra_seed: 2444]
[early_stopping_round: 0]
[early_stopping_min_delta: 0]
[first_metric_only: 0]
[max_delta_step: 0]
[lambda_l1: 0]
[lambda_l2: 10]
[linear_lambda: 0]
[min_gain_to_split: 0]
[drop_rate: 0.1]
[max_drop: 50]
[skip_drop: 0.5]
[xgboost_dart_mode: 0]
[uniform_drop: 0]
[drop_seed: 16765]
[top_rate: 0.2]
[other_rate: 0.1]
[min_data_per_group: 100]
[max_cat_threshold: 32]
[cat_l2: 10]
[cat_smooth: 10]
[max_cat_to_onehot: 4]
[top_k: 20]
[monotone_constraints: ]
[monotone_constraints_method: basic]
[monotone_penalty: 0]
[feature_contri: ]
[forcedsplits_filename: ]
[refit_decay_rate: 0.9]
[cegb_tradeoff: 1]
[cegb_penalty_split: 0]
[cegb_penalty_feature_lazy: ]
[cegb_penalty_feature_coupled: ]
[path_smooth: 0]
[interaction_constraints: ]
[verbosity: -1]
[saved_feature_importance_type: 0]
[use_quantized_grad: 0]
[num_grad_quant_bins: 4]
[quant_train_renew_leaf: 0]
[stochastic_rounding: 1]
[linear_tree: 0]
[max_bin: 255]
[max_bin_by_feature: ]
[min_data_in_bin: 3]
[bin_construct_sample_cnt: 200000]
[data_random_seed: 5108]
[is_enable_sparse: 1]
[enable_bundle: 1]
[use_missing: 1]
[zero_as_missing: 0]
[feature_pre_filter: 1]
[pre_partition: 0]
[two_round: 0]
[header: 0]
[label_column: ]
[weight_column: ]
[group_column: ]
[ignore_column: ]
[categorical_feature: ]
[forcedbins_filename: ]
[precise_float_parser: 0]
[parser_config_file: ]
[objective_seed: 12956]
[num_class: 1]
[is_unbalance: 0]
[scale_pos_weight: 1]
[sigmoid: 1]
[boost_from_average: 1]
[reg_sqrt: 0]
[alpha: 14]
[fair_c: 1]
[poisson_max_delta_step: 0.7]
[tweedie_variance_power: 1.5]
[lambdarank_truncation_level: 30]
[lambdarank_norm: 1]
[label_gain: ]
[lambdarank_position_bias_regularization: 0]
[eval_at: ]
[multi_error_top_k: 1]
[auc_mu_weights: ]
[num_machines: 1]
[local_listen_port: 12400]
[time_out: 120]
[machine_list_filename: ]
[machines: ]
[gpu_platform_id: -1]
[gpu_device_id: -1]
[gpu_device_id_list: ]
[gpu_use_dp: 0]
[num_gpu: 1]

end of parameters

pandas_categorical:null
